date,LME Copper Cash-Settlement,LME Copper 3-month,LME Copper stock,LME Zinc Cash-Settlement,LME Zinc 3-month,LME Zinc stock,LME Aluminium Cash-Settlement,LME Aluminium 3-month,LME Aluminium stock
23. September 2026,"14,735.00","14,658.00","2,52,500","3,949.00","3,893.00","1,14,875","3,240.00","3,260.00","2,41,375"
22. September 2026,"14,797.00","14,760.00","2,54,250","4,006.00","3,938.00","1,14,725","3,242.00","3,264.00","2,42,125"
21. September 2026,"14,788.00","14,730.00","2,55,875","4,018.00","3,931.00","1,16,850","3,262.50","3,273.00","2,42,200"
18. September 2026,"14,529.00","14,515.00","2,55,100","4,010.00","3,913.00","1,15,300","3,285.00","3,282.00","2,42,600"
17. September 2026,"14,400.50","14,409.00","2,55,900","3,941.00","3,862.00","1,14,250","3,303.50","3,285.00","2,42,600"
16. September 2026,"14,227.00","14,232.00","2,54,150","3,937.00","3,837.00","1,12,675","3,310.00","3,289.00","2,43,600"
15. September 2026,"14,045.00","14,077.00","2,49,225","3,922.00","3,794.00","1,11,225","3,260.00","3,236.00","2,43,600"
14. September 2026,"14,044.00","14,065.50","2,42,900","3,951.00","3,809.00","1,09,550","3,311.00","3,257.00","2,43,850"
11. September 2026,"14,238.50","14,233.00","2,34,475","4,015.00","3,872.00","1,09,575","3,274.00","3,250.00","2,44,100"
10. September 2026,"14,390.00","14,371.00","2,34,750","4,105.00","3,962.00","1,11,350","3,343.00","3,318.00","2,44,350"
09. September 2026,"14,672.00","14,632.00","2,35,825","4,186.00","4,036.00","1,15,675","3,352.00","3,338.00","2,44,525"
08. September 2026,"14,737.00","14,705.00","2,37,725","4,110.00","4,004.00","1,15,375","3,325.00","3,319.00","2,44,525"
07. September 2026,"14,540.00","14,448.00","2,36,475","4,157.00","3,975.00","1,13,100","3,310.00","3,308.00","2,44,525"
04. September 2026,"14,371.00","14,365.00","2,34,175","4,087.00","3,930.00","1,12,175","3,292.50","3,293.00","2,44,525"
03. September 2026,"14,359.00","14,275.00","2,34,650","3,995.50","3,868.00","1,10,500","3,303.00","3,303.50","2,45,975"
02. September 2026,"14,355.00","14,227.00","2,33,850","4,000.00","3,877.00","1,00,525","3,255.50","3,253.50","2,46,225"
01. September 2026,"14,395.50","14,215.00","2,33,500","4,115.00","3,937.00","99,125","3,261.00","3,261.00","2,46,725"
28. August 2026,"14,535.00","14,370.00","2,34,275","4,070.00","3,930.00","97,950","3,222.00","3,241.00","2,46,725"
27. August 2026,"14,490.00","14,236.00","2,35,575","4,107.00","3,890.00","97,875","3,212.50","3,216.00","2,46,825"
26. August 2026,"14,525.00","14,336.00","2,37,475","4,107.00","3,933.00","97,325","3,227.50","3,239.00","2,46,825"
25. August 2026,"14,425.00","14,298.00","2,38,725","3,987.00","3,853.00","95,050","3,188.00","3,206.50","2,46,825"
24. August 2026,"14,344.00","14,245.00","2,40,250","3,985.00","3,840.00","93,250","3,215.50","3,235.00","2,46,925"
21. August 2026,"14,291.00","14,235.00","2,38,575","3,980.00","3,824.00","93,125","3,227.00","3,244.00","2,46,925"
20. August 2026,"14,170.00","13,970.50","2,39,925","3,865.50","3,743.00","94,400","3,182.00","3,183.00","2,46,925"
19. August 2026,"14,180.00","13,890.00","2,35,975","3,750.00","3,652.00","95,050","3,191.50","3,212.00","2,46,925"
18. August 2026,"14,335.00","14,080.00","2,23,550","3,795.00","3,724.00","86,525","3,219.00","3,234.00","2,46,925"
17. August 2026,"14,850.00","14,315.00","2,07,825","3,855.00","3,768.00","86,825","3,272.00","3,272.00","2,46,925"
14. August 2026,"14,545.00","14,134.00","2,04,975","3,875.00","3,763.50","88,000","3,248.00","3,246.00","2,48,300"
13. August 2026,"14,285.00","14,082.00","2,07,725","3,806.00","3,727.50","92,550","3,279.00","3,275.00","2,50,000"
12. August 2026,"14,376.00","14,201.00","2,12,125","3,852.00","3,780.00","95,350","3,307.50","3,308.50","2,51,700"
11. August 2026,"14,424.50","14,217.00","2,14,550","3,822.00","3,741.00","97,075","3,373.00","3,374.00","2,53,400"
10. August 2026,"14,290.00","14,152.00","2,18,300","3,786.00","3,721.00","97,125","3,327.50","3,320.50","2,54,900"
07. August 2026,"14,240.00","14,092.00","2,22,975","3,785.00","3,732.00","97,075","3,279.50","3,280.00","2,56,400"
06. August 2026,"14,455.00","14,260.00","2,26,650","3,857.00","3,797.00","97,475","3,261.00","3,260.00","2,57,900"
05. August 2026,"14,167.50","14,055.00","2,31,825","3,737.00","3,693.00","98,450","3,229.00","3,229.50","2,59,400"
04. August 2026,"14,195.00","14,070.00","2,38,350","3,730.00","3,672.50","98,650","3,271.00","3,236.50","2,60,900"
03. August 2026,"13,945.00","13,876.00","2,44,025","3,751.00","3,678.00","99,825","3,260.00","3,212.00","2,62,650"
31. July 2026,"13,834.00","13,800.00","2,49,850","3,710.50","3,631.00","99,800","3,196.00","3,179.00","2,64,400"
30. July 2026,"13,795.00","13,770.00","2,55,400","3,662.00","3,601.00","1,00,700","3,231.00","3,187.00","2,66,300"
29. July 2026,"13,633.00","13,608.00","2,62,300","3,639.00","3,579.00","1,01,800","3,207.00","3,177.00","2,67,800"
28. July 2026,"13,643.50","13,606.00","2,68,775","3,631.50","3,576.00","1,02,500","3,159.50","3,143.50","2,69,300"
27. July 2026,"13,810.00","13,771.00","2,72,975","3,685.50","3,621.00","1,03,725","3,192.00","3,181.00","2,71,275"
24. July 2026,"13,617.00","13,617.00","2,76,775","3,633.00","3,592.00","1,05,800","3,175.00","3,160.50","2,72,775"
23. July 2026,"13,745.00","13,741.00","2,81,425","3,653.00","3,611.00","1,06,075","3,194.00","3,182.00","2,75,175"
22. July 2026,"13,895.00","13,876.00","2,84,175","3,614.00","3,583.00","1,07,650","3,205.00","3,185.00","2,76,775"
21. July 2026,"13,856.00","13,836.00","2,90,925","3,591.00","3,566.00","1,08,500","3,183.50","3,170.50","2,78,275"
20. July 2026,"13,629.00","13,616.00","2,95,275","3,575.00","3,545.50","1,09,150","3,156.00","3,147.50","2,79,775"
17. July 2026,"13,373.50","13,415.00","2,96,625","3,549.00","3,529.00","1,11,725","3,154.00","3,146.50","2,80,100"
16. July 2026,"13,565.00","13,606.00","3,00,600","3,591.00","3,576.50","1,11,875","3,170.00","3,166.50","2,81,600"
15. July 2026,"13,537.00","13,585.00","3,02,275","3,553.50","3,550.00","1,12,450","3,153.50","3,150.50","2,83,100"
14. July 2026,"13,541.00","13,592.00","3,03,525","3,589.50","3,587.00","1,13,450","3,171.00","3,167.50","2,84,600"
13. July 2026,"13,460.50","13,503.00","3,05,200","3,571.00","3,565.00","1,14,275","3,138.50","3,147.00","2,86,225"
10. July 2026,"13,408.50","13,454.00","3,06,500","3,602.00","3,588.00","1,14,800","3,156.00","3,153.00","2,87,725"
09. July 2026,"13,356.50","13,411.00","3,07,750","3,622.00","3,615.00","1,15,525","3,164.00","3,169.00","2,89,225"
08. July 2026,"13,090.00","13,169.00","3,10,650","3,529.00","3,537.00","1,15,925","3,141.00","3,147.00","2,90,825"
07. July 2026,"13,309.00","13,360.50","3,12,575","3,560.00","3,562.00","1,16,350","3,119.00","3,127.50","2,92,425"
06. July 2026,"13,310.00","13,370.00","3,14,950","3,599.00","3,582.00","1,18,425","3,105.00","3,113.00","2,95,550"
03. July 2026,"13,298.50","13,345.00","3,18,900","3,546.00","3,532.00","1,18,675","3,080.00","3,087.00","2,98,775"
02. July 2026,"13,202.00","13,250.00","3,22,350","3,475.00","3,465.00","1,18,950","3,061.50","3,065.00","3,00,275"
01. July 2026,"13,170.00","13,209.00","3,24,850","3,529.00","3,512.00","1,19,200","3,075.00","3,073.00","3,01,775"
30. June 2026,"13,341.00","13,366.00","3,29,225","3,565.50","3,546.00","1,19,825","3,105.50","3,112.00","3,03,675"
29. June 2026,"13,302.50","13,330.00","3,33,100","3,491.00","3,479.00","1,20,525","3,160.50","3,166.00","3,05,225"
26. June 2026,"13,287.00","13,310.00","3,36,475","3,460.00","3,447.00","1,21,300","3,164.00","3,176.00","3,06,725"
25. June 2026,"13,194.00","13,235.00","3,39,100","3,432.00","3,425.00","1,22,400","3,132.00","3,146.00","3,08,225"
24. June 2026,"13,181.50","13,240.00","3,41,925","3,437.00","3,428.00","1,22,825","3,150.00","3,160.50","3,10,225"
23. June 2026,"13,334.00","13,395.00","3,44,925","3,503.00","3,500.00","1,23,150","3,263.50","3,271.00","3,11,725"
22. June 2026,"13,642.00","13,712.00","3,49,225","3,612.50","3,612.00","1,23,450","3,405.00","3,406.00","3,13,800"
19. June 2026,"13,530.50","13,600.00","3,52,150","3,584.50","3,590.00","1,23,775","3,400.00","3,398.00","3,15,300"
18. June 2026,"13,612.00","13,685.00","3,55,725","3,565.00","3,577.00","1,20,900","3,402.00","3,401.00","3,15,525"
17. June 2026,"13,736.00","13,806.00","3,57,525","3,592.00","3,607.00","1,22,375","3,405.50","3,410.00","3,16,525"
16. June 2026,"13,682.00","13,765.00","3,57,000","3,550.00","3,571.00","1,24,550","3,359.00","3,389.50","3,18,000"
15. June 2026,"13,714.00","13,750.00","3,61,600","3,562.00","3,582.00","1,07,150","3,419.50","3,431.00","3,19,500"
12. June 2026,"13,603.00","13,655.00","3,64,100","3,557.00","3,562.00","1,07,750","3,536.00","3,532.00","3,19,925"
11. June 2026,"13,420.00","13,458.00","3,67,300","3,468.00","3,483.50","1,09,475","3,498.50","3,495.50","3,22,000"
10. June 2026,"13,370.00","13,431.00","3,69,575","3,486.00","3,500.00","1,09,575","3,489.00","3,481.00","3,24,825"
09. June 2026,"13,716.00","13,745.00","3,72,650","3,576.00","3,588.00","1,10,400","3,608.00","3,586.00","3,27,750"
08. June 2026,"13,661.00","13,670.00","3,76,775","3,519.00","3,534.00","1,10,650","3,669.50","3,600.50","3,30,950"
05. June 2026,"13,731.00","13,763.00","3,79,225","3,575.00","3,594.50","1,10,950","3,736.00","3,669.50","3,33,200"
04. June 2026,"13,872.00","13,900.00","3,79,975","3,564.00","3,583.50","1,11,900","3,739.00","3,663.00","3,35,200"
03. June 2026,"13,920.50","13,932.00","3,82,550","3,624.50","3,639.50","1,12,525","3,797.00","3,723.00","3,35,450"
02. June 2026,"13,966.00","13,975.00","3,84,250","3,612.00","3,628.00","1,13,300","3,855.00","3,752.50","3,35,450"
01. June 2026,"13,819.00","13,845.00","3,86,050","3,555.00","3,577.00","1,13,300","3,795.50","3,685.50","3,37,700"
29. May 2026,"13,615.00","13,656.50","3,89,425","3,549.00","3,556.00","1,13,800","3,769.50","3,685.00","3,38,000"
28. May 2026,"13,513.00","13,570.00","3,85,100","3,486.00","3,504.00","1,08,325","3,735.00","3,640.00","3,38,000"
27. May 2026,"13,540.50","13,598.00","3,87,300","3,516.00","3,537.00","1,08,400","3,738.00","3,664.00","3,39,250"
26. May 2026,"13,570.00","13,611.00","3,89,525","3,567.00","3,578.00","1,09,950","3,759.00","3,682.00","3,39,350"
22. May 2026,"13,545.00","13,600.00","3,91,900","3,544.50","3,548.00","1,11,025","3,706.00","3,642.00","3,39,475"
21. May 2026,"13,427.00","13,481.00","3,93,100","3,527.50","3,534.00","1,11,250","3,720.00","3,649.00","3,39,475"
20. May 2026,"13,418.00","13,492.00","3,93,400","3,519.00","3,530.00","1,12,050","3,644.00","3,590.00","3,39,475"
19. May 2026,"13,410.00","13,485.00","3,94,675","3,517.00","3,527.50","1,12,500","3,665.00","3,612.00","3,40,575"
18. May 2026,"13,428.00","13,475.00","3,93,400","3,529.00","3,539.00","1,09,925","3,637.00","3,565.00","3,41,775"
15. May 2026,"13,553.50","13,600.00","3,95,725","3,527.00","3,542.00","1,10,750","3,635.00","3,580.00","3,44,000"
14. May 2026,"13,986.00","14,034.00","3,97,050","3,596.00","3,617.00","1,10,875","3,768.00","3,666.00","3,46,500"
13. May 2026,"14,097.00","14,140.00","3,98,550","3,517.00","3,537.00","1,10,275","3,729.50","3,650.00","3,48,750"
12. May 2026,"13,872.00","13,938.00","4,00,000","3,498.00","3,503.00","1,11,425","3,639.50","3,566.00","3,51,000"
11. May 2026,"13,673.00","13,720.00","4,01,000","3,442.00","3,455.00","1,10,300","3,655.00","3,571.00","3,53,350"
08. May 2026,"13,445.00","13,498.00","3,99,400","3,417.00","3,429.00","1,10,600","3,560.50","3,511.50","3,55,775"
07. May 2026,"13,326.00","13,391.50","3,98,325","3,425.00","3,433.00","94,425","3,559.00","3,510.00","3,58,225"
06. May 2026,"13,351.50","13,412.00","3,97,725","3,402.00","3,420.00","94,800","3,597.00","3,545.50","3,60,225"
05. May 2026,"12,970.00","13,054.00","3,98,675","3,348.00","3,360.00","96,250","3,632.50","3,563.00","3,62,725"
01. May 2026,"12,895.00","12,967.00","3,98,675","3,349.00","3,343.00","96,250","3,584.00","3,523.00","3,64,725"
30. April 2026,"13,015.50","13,090.00","3,99,725","3,363.00","3,367.00","98,650","3,525.50","3,482.00","3,67,050"
29. April 2026,"12,992.00","13,075.00","3,96,925","3,331.00","3,333.00","1,01,125","3,604.00","3,556.00","3,68,200"
28. April 2026,"12,890.50","12,990.00","3,96,525","3,365.00","3,362.00","98,225","3,600.00","3,537.00","3,70,275"
27. April 2026,"13,212.00","13,270.50","3,91,250","3,444.50","3,435.00","1,01,025","3,662.00","3,588.00","3,72,700"
24. April 2026,"13,230.00","13,295.00","3,92,575","3,485.00","3,474.00","1,02,825","3,685.00","3,600.00","3,76,275"
23. April 2026,"13,190.00","13,249.00","3,96,000","3,446.00","3,449.00","1,04,300","3,642.00","3,590.00","3,78,825"
22. April 2026,"13,198.00","13,275.00","3,95,575","3,468.00","3,468.00","1,05,850","3,652.00","3,605.00","3,81,050"
21. April 2026,"13,200.50","13,290.00","3,98,575","3,438.00","3,448.00","1,07,525","3,613.00","3,569.00","3,83,275"
20. April 2026,"13,163.00","13,240.00","3,98,425","3,430.00","3,438.00","1,11,000","3,590.00","3,552.50","3,86,250"
17. April 2026,"13,149.00","13,210.00","4,00,225","3,439.00","3,447.50","1,12,825","3,660.00","3,632.00","3,88,850"
16. April 2026,"13,180.00","13,240.00","4,01,700","3,415.00","3,425.00","1,14,750","3,678.50","3,636.50","3,91,675"
15. April 2026,"13,155.00","13,230.00","4,02,625","3,362.00","3,384.00","1,16,475","3,581.00","3,565.50","3,93,775"
14. April 2026,"13,095.00","13,141.00","4,00,625","3,300.00","3,324.00","1,15,925","3,625.00","3,566.00","3,95,975"
13. April 2026,"12,820.50","12,885.00","3,99,150","3,304.50","3,315.00","1,11,775","3,665.50","3,571.00","3,97,100"
10. April 2026,"12,660.50","12,757.00","3,92,750","3,297.00","3,313.00","1,11,925","3,526.00","3,483.00","3,99,150"
09. April 2026,"12,455.00","12,553.00","3,83,450","3,256.00","3,285.00","1,12,050","3,494.50","3,457.00","4,01,625"
08. April 2026,"12,552.00","12,655.00","3,85,275","3,295.00","3,309.00","1,12,325","3,520.00","3,465.00","4,03,875"
07. April 2026,"12,252.00","12,346.00","3,78,775","3,320.00","3,323.00","1,13,925","3,600.00","3,509.00","4,09,900"
02. April 2026,"12,147.00","12,236.00","3,64,450","3,235.00","3,236.00","1,13,950","3,505.00","3,425.00","4,11,950"
01. April 2026,"12,270.00","12,370.00","3,61,925","3,237.00","3,241.00","1,14,225","3,583.50","3,525.00","4,14,175"
31. March 2026,"12,160.00","12,236.00","3,62,425","3,184.50","3,186.00","1,14,500","3,585.00","3,506.00","4,16,775"
30. March 2026,"12,137.00","12,225.00","3,62,600","3,161.00","3,159.00","1,15,275","3,482.00","3,425.00","4,18,675"
27. March 2026,"12,046.00","12,120.00","3,60,250","3,075.00","3,084.00","1,15,375","3,292.00","3,242.00","4,20,875"
26. March 2026,"12,108.00","12,190.00","3,59,825","3,077.00","3,092.00","1,15,650","3,332.00","3,273.00","4,23,075"
25. March 2026,"12,135.00","12,235.00","3,60,175","3,047.00","3,060.00","1,16,475","3,294.50","3,247.00","4,26,750"
24. March 2026,"11,878.50","11,975.00","3,59,275","3,037.00","3,055.00","1,17,100","3,242.50","3,218.00","4,27,675"
23. March 2026,"11,891.00","11,990.00","3,47,475","3,040.00","3,069.00","1,17,175","3,251.50","3,222.00","4,27,675"
20. March 2026,"12,021.50","12,131.00","3,42,350","3,065.50","3,098.00","1,17,675","3,329.00","3,287.50","4,29,675"
19. March 2026,"11,826.00","11,930.00","3,35,425","3,010.00","3,037.00","1,17,850","3,200.00","3,155.00","4,32,725"
18. March 2026,"12,503.00","12,609.00","3,34,100","3,124.00","3,165.50","1,18,025","3,400.00","3,380.00","4,36,625"
17. March 2026,"12,677.00","12,792.00","3,30,375","3,189.00","3,227.00","1,18,375","3,426.00","3,413.00","4,40,325"
16. March 2026,"12,759.50","12,842.00","3,11,600","3,240.00","3,285.00","97,500","3,440.00","3,417.00","4,42,825"
13. March 2026,"12,758.00","12,849.00","3,11,825","3,270.00","3,309.00","97,900","3,520.00","3,486.00","4,45,300"
12. March 2026,"12,896.50","13,004.50","3,12,350","3,264.00","3,315.00","98,750","3,516.50","3,494.00","4,47,300"
11. March 2026,"12,850.50","12,950.00","3,12,075","3,268.00","3,305.00","98,900","3,467.00","3,444.00","4,50,125"
10. March 2026,"12,920.50","13,025.00","3,01,950","3,334.00","3,366.00","98,950","3,402.50","3,390.00","4,52,375"
09. March 2026,"12,750.50","12,802.00","2,94,250","3,320.00","3,348.00","94,800","3,406.50","3,387.00","4,54,625"
06. March 2026,"12,808.00","12,842.00","2,84,325","3,238.00","3,263.00","94,975","3,385.00","3,362.00","4,56,875"
05. March 2026,"12,841.00","12,915.00","2,82,200","3,267.00","3,288.00","95,000","3,298.50","3,302.00","4,59,125"
04. March 2026,"12,960.00","13,015.00","2,61,525","3,282.00","3,304.00","95,250","3,378.00","3,372.00","4,61,125"
03. March 2026,"12,820.00","12,865.00","2,57,675","3,287.00","3,302.00","95,375","3,269.00","3,260.50","4,61,550"
02. March 2026,"13,230.00","13,290.00","2,57,675","3,354.00","3,368.00","96,775","3,226.00","3,233.00","4,63,550"
27. February 2026,"13,439.50","13,484.00","2,53,700","3,327.00","3,348.50","97,350","3,157.50","3,165.00","4,65,550"
26. February 2026,"13,215.00","13,287.00","2,53,600","3,342.00","3,369.00","98,400","3,121.00","3,147.00","4,67,550"
25. February 2026,"13,171.00","13,260.00","2,49,650","3,352.00","3,382.00","99,825","3,107.00","3,131.50","4,69,550"
24. February 2026,"13,011.00","13,105.00","2,43,175","3,351.00","3,383.50","1,01,250","3,077.00","3,102.00","4,71,550"
23. February 2026,"12,832.00","12,915.00","2,41,825","3,324.00","3,354.00","1,01,550","3,070.00","3,097.00","4,73,550"
20. February 2026,"12,750.00","12,822.00","2,35,150","3,309.00","3,343.50","1,01,575","3,053.00","3,079.00","4,75,550"
19. February 2026,"12,626.00","12,726.00","2,25,575","3,292.00","3,324.00","1,02,000","3,026.00","3,055.50","4,75,550"
18. February 2026,"12,603.00","12,701.00","2,24,650","3,277.00","3,307.00","1,02,000","3,035.00","3,061.00","4,75,550"
17. February 2026,"12,561.00","12,674.00","2,21,625","3,250.00","3,281.50","1,02,025","3,014.00","3,047.00","4,77,550"
16. February 2026,"12,757.00","12,870.00","2,11,850","3,256.00","3,295.00","1,02,175","3,037.50","3,074.00","4,79,550"
13. February 2026,"12,719.00","12,825.00","2,03,875","3,295.00","3,325.00","1,02,225","2,996.00","3,028.00","4,81,550"
12. February 2026,"13,172.00","13,239.00","1,96,650","3,396.00","3,418.00","1,03,500","3,117.00","3,146.00","4,83,550"
11. February 2026,"13,327.00","13,385.00","1,92,100","3,437.00","3,447.00","1,05,250","3,098.00","3,127.00","4,85,750"
10. February 2026,"13,002.00","13,098.00","1,89,100","3,342.00","3,367.00","1,06,750","3,063.00","3,093.00","4,86,975"
09. February 2026,"12,980.00","13,045.00","1,84,300","3,325.50","3,348.00","1,06,925","3,083.50","3,108.00","4,88,975"
06. February 2026,"12,840.00","12,905.00","1,83,275","3,290.00","3,306.50","1,07,600","3,045.00","3,063.50","4,90,975"
05. February 2026,"12,822.00","12,910.00","1,80,575","3,255.00","3,278.00","1,07,800","3,014.00","3,037.00","4,92,975"
04. February 2026,"13,247.00","13,332.00","1,78,650","3,333.50","3,357.00","1,08,200","3,047.50","3,076.00","4,95,175"
03. February 2026,"13,295.00","13,365.00","1,76,125","3,290.00","3,322.00","1,08,975","3,103.00","3,113.00","4,95,175"
02. February 2026,"12,987.00","13,041.00","1,74,675","3,372.00","3,360.00","1,09,100","3,042.00","3,066.00","4,97,175"
30. January 2026,"13,369.50","13,445.00","1,74,975","3,343.50","3,372.00","1,10,000","3,110.00","3,134.00","4,95,725"
29. January 2026,"13,844.00","13,952.00","1,76,075","3,487.00","3,515.00","1,09,750","3,325.00","3,326.00","4,97,725"
28. January 2026,"12,994.00","13,090.00","1,73,925","3,359.00","3,392.50","1,10,375","3,259.00","3,262.00","4,99,975"
27. January 2026,"12,980.00","13,040.00","1,72,350","3,293.00","3,331.00","1,10,550","3,166.50","3,178.00","5,02,250"
26. January 2026,"13,195.00","13,250.00","1,70,525","3,329.00","3,367.00","1,11,325","3,192.00","3,195.50","5,05,275"
23. January 2026,"12,920.50","12,981.00","1,71,700","3,221.00","3,262.00","1,11,500","3,175.00","3,177.00","5,07,275"
22. January 2026,"12,632.00","12,687.00","1,68,250","3,150.50","3,192.00","1,11,700","3,093.50","3,114.00","5,09,275"
21. January 2026,"12,898.00","12,877.00","1,59,400","3,152.50","3,202.00","1,11,850","3,114.00","3,123.00","5,07,175"
20. January 2026,"13,059.00","12,939.00","1,56,300","3,153.00","3,195.50","1,12,300","3,137.00","3,136.00","4,83,000"
19. January 2026,"13,000.00","12,872.00","1,47,425","3,184.00","3,217.00","1,05,050","3,168.50","3,152.00","4,85,000"
16. January 2026,"13,000.00","12,930.00","1,43,575","3,201.50","3,242.00","1,06,525","3,147.00","3,138.50","4,88,000"
15. January 2026,"13,205.00","13,150.00","1,41,125","3,288.50","3,308.00","1,06,700","3,174.00","3,176.00","4,90,000"
14. January 2026,"13,335.00","13,245.00","1,41,625","3,237.50","3,250.00","1,06,725","3,221.00","3,205.00","4,92,000"
13. January 2026,"13,310.00","13,236.00","1,41,550","3,259.50","3,256.00","1,06,900","3,194.00","3,183.50","4,94,000"
12. January 2026,"13,310.00","13,245.00","1,37,225","3,150.00","3,195.00","1,06,800","3,185.50","3,177.50","4,95,825"
09. January 2026,"13,060.00","12,995.00","1,38,975","3,101.50","3,144.00","1,07,450","3,180.00","3,163.00","4,97,825"
08. January 2026,"12,885.00","12,855.00","1,41,075","3,107.00","3,152.00","1,08,000","3,081.00","3,090.00","4,99,750"
07. January 2026,"13,145.00","13,110.00","1,43,225","3,165.00","3,208.00","1,05,500","3,092.00","3,112.50","5,01,750"
06. January 2026,"13,269.50","13,230.00","1,46,075","3,206.50","3,242.00","1,05,775","3,093.00","3,112.00","5,04,250"
05. January 2026,"12,884.00","12,840.00","1,42,550","3,128.00","3,170.50","1,05,850","3,022.50","3,051.00","5,06,750"
02. January 2026,"12,571.00","12,511.00","1,45,325","3,106.00","3,130.50","1,06,325","2,986.00","3,010.50","5,09,250"
31. December 2025,"12,504.00","12,466.00","1,47,425","3,063.50","3,104.00","1,07,625","2,968.00","2,990.00","5,11,750"
30. December 2025,"12,512.00","12,477.00","1,49,475","3,099.00","3,130.00","1,06,325","2,945.00","2,977.50","5,14,250"
29. December 2025,"12,306.00","12,270.50","1,54,575","3,056.00","3,088.00","1,06,550","2,913.50","2,958.00","5,19,250"
24. December 2025,"12,253.00","12,220.00","1,57,025","3,059.50","3,095.00","1,06,875","2,932.00","2,959.00","5,21,050"
23. December 2025,"12,070.00","12,041.00","1,58,575","3,086.50","3,120.00","98,975","2,916.00","2,955.50","5,19,600"
22. December 2025,"11,940.00","11,935.00","1,57,750","3,033.50","3,070.50","99,250","2,898.50","2,942.00","5,19,600"
19. December 2025,"11,845.00","11,839.00","1,60,400","3,040.00","3,071.00","99,900","2,896.00","2,945.00","5,19,600"
18. December 2025,"11,721.50","11,730.00","1,64,275","3,036.00","3,050.00","99,400","2,852.50","2,898.00","5,19,600"
17. December 2025,"11,720.00","11,735.00","1,66,925","3,033.50","3,054.00","97,700","2,851.50","2,894.50","5,19,600"
16. December 2025,"11,636.00","11,640.00","1,66,600","3,027.00","3,063.00","95,550","2,833.50","2,881.00","5,19,600"
15. December 2025,"11,774.50","11,735.00","1,65,875","3,127.00","3,122.00","64,475","2,841.00","2,880.50","5,19,600"
12. December 2025,"11,816.00","11,800.00","1,65,900","3,242.00","3,160.00","61,925","2,845.50","2,876.00","5,19,650"
11. December 2025,"11,740.00","11,710.00","1,65,850","3,320.00","3,132.00","60,350","2,864.00","2,886.00","5,18,750"
10. December 2025,"11,645.00","11,630.00","1,64,975","3,259.00","3,099.00","59,800","2,836.50","2,867.00","5,20,800"
09. December 2025,"11,563.50","11,550.00","1,65,675","3,262.00","3,110.00","58,150","2,832.00","2,868.00","5,23,300"
08. December 2025,"11,695.00","11,678.00","1,64,550","3,256.00","3,120.00","57,750","2,867.50","2,897.00","5,25,800"
05. December 2025,"11,645.00","11,617.00","1,62,550","3,222.00","3,093.00","55,375","2,865.00","2,893.00","5,28,300"
04. December 2025,"11,472.00","11,411.00","1,62,825","3,226.00","3,047.00","54,325","2,854.00","2,885.00","5,30,900"
03. December 2025,"11,437.00","11,348.00","1,62,150","3,240.50","3,056.50","52,450","2,854.00","2,883.00","5,33,400"
02. December 2025,"11,285.00","11,210.00","1,61,800","3,350.50","3,085.00","52,375","2,858.50","2,888.00","5,35,900"
01. December 2025,"11,299.00","11,238.00","1,59,425","3,315.00","3,089.00","52,025","2,860.00","2,884.00","5,37,900"
28. November 2025,"11,004.00","10,985.50","1,59,425","3,255.00","3,046.00","51,750","2,826.00","2,852.00","5,39,050"
27. November 2025,"10,934.00","10,925.00","1,57,175","3,191.00","3,025.00","50,800","2,804.00","2,828.00","5,41,050"
26. November 2025,"10,978.00","10,965.00","1,56,500","3,194.00","3,032.00","49,925","2,822.50","2,848.50","5,41,725"
25. November 2025,"10,876.00","10,858.00","1,56,575","3,118.00","3,002.00","48,000","2,787.00","2,815.00","5,43,725"
24. November 2025,"10,795.00","10,780.00","1,55,750","3,136.50","2,992.50","47,425","2,776.50","2,808.00","5,45,950"
21. November 2025,"10,685.50","10,705.00","1,55,025","3,119.00","2,978.50","47,325","2,765.50","2,792.00","5,48,000"
20. November 2025,"10,789.00","10,803.00","1,57,925","3,140.00","3,014.00","46,075","2,778.50","2,811.00","5,44,075"
19. November 2025,"10,784.00","10,815.00","1,57,875","3,160.00","3,006.00","45,075","2,781.00","2,806.00","5,46,075"
18. November 2025,"10,649.00","10,695.00","1,40,500","3,125.00","2,972.50","43,525","2,749.50","2,787.00","5,48,075"
17. November 2025,"10,799.00","10,803.00","1,36,050","3,231.00","3,024.00","39,975","2,798.00","2,834.00","5,50,200"
14. November 2025,"10,851.00","10,855.00","1,35,725","3,255.00","3,030.00","38,975","2,832.50","2,857.00","5,52,375"
13. November 2025,"10,942.00","10,959.00","1,36,175","3,180.00","3,068.50","37,800","2,876.00","2,900.00","5,53,200"
12. November 2025,"10,833.00","10,854.00","1,36,250","3,179.50","3,058.50","35,875","2,856.00","2,889.00","5,44,075"
11. November 2025,"10,777.00","10,805.00","1,36,250","3,172.00","3,046.50","35,300","2,841.00","2,866.00","5,45,225"
10. November 2025,"10,800.00","10,820.00","1,36,275","3,296.00","3,101.50","34,900","2,867.50","2,883.00","5,47,225"
07. November 2025,"10,720.00","10,745.00","1,35,900","3,190.00","3,063.00","34,900","2,841.00","2,851.50","5,49,225"
06. November 2025,"10,723.00","10,760.00","1,34,475","3,186.00","3,070.00","34,100","2,861.50","2,872.00","5,48,375"
05. November 2025,"10,603.00","10,640.00","1,33,975","3,189.00","3,065.00","34,000","2,838.50","2,846.50","5,50,450"
04. November 2025,"10,600.50","10,625.00","1,33,900","3,241.00","3,085.00","33,825","2,853.00","2,861.50","5,52,575"
03. November 2025,"10,872.50","10,888.00","1,33,600","3,190.00","3,087.00","33,825","2,903.00","2,907.00","5,54,575"
31. October 2025,"10,901.50","10,920.00","1,34,625","3,170.00","3,055.50","35,300","2,885.00","2,882.00","5,58,050"
30. October 2025,"10,949.00","10,980.00","1,34,950","3,139.50","3,027.00","34,900","2,826.00","2,846.00","4,59,525"
29. October 2025,"11,067.50","11,091.00","1,35,350","3,259.00","3,083.00","35,200","2,891.50","2,892.00","4,62,750"
28. October 2025,"10,917.00","10,947.00","1,34,575","3,165.00","3,036.00","35,250","2,859.00","2,861.00","4,65,650"
27. October 2025,"10,987.00","11,013.00","1,35,975","3,280.00","3,056.00","37,050","2,879.00","2,877.00","4,69,275"
24. October 2025,"10,807.00","10,842.00","1,36,350","3,227.00","3,020.00","37,600","2,853.00","2,852.00","4,73,125"
23. October 2025,"10,797.00","10,806.00","1,36,925","3,221.00","3,012.00","34,700","2,845.00","2,842.00","4,77,675"
22. October 2025,"10,600.00","10,618.00","1,36,850","3,325.00","3,010.00","35,300","2,818.00","2,812.50","4,82,525"
21. October 2025,"10,612.00","10,637.00","1,37,150","3,326.00","2,993.00","37,275","2,781.00","2,783.00","4,84,125"
20. October 2025,"10,581.00","10,615.00","1,37,175","3,159.00","2,946.00","37,325","2,773.00","2,766.00","4,87,125"
17. October 2025,"10,527.50","10,570.00","1,37,225","3,080.00","2,948.00","38,025","2,789.50","2,776.00","4,91,225"
16. October 2025,"10,495.00","10,530.00","1,37,450","3,100.00","2,954.00","38,300","2,775.00","2,755.50","4,95,325"
15. October 2025,"10,702.00","10,676.00","1,38,350","3,151.00","2,977.00","38,350","2,752.50","2,748.50","4,98,975"
14. October 2025,"10,600.00","10,575.00","1,38,800","3,049.00","2,936.00","38,600","2,734.00","2,732.00","5,03,950"
13. October 2025,"10,617.50","10,638.00","1,39,350","3,119.00","3,006.00","37,475","2,774.00","2,752.50","5,06,000"
10. October 2025,"10,735.00","10,768.00","1,39,400","3,113.00","3,023.50","37,950","2,799.50","2,787.00","5,08,825"
09. October 2025,"10,866.50","10,880.00","1,39,475","3,111.00","3,043.00","38,250","2,786.50","2,781.00","5,08,600"
08. October 2025,"10,738.00","10,773.00","1,39,200","3,092.50","3,024.00","38,250","2,750.50","2,753.00","5,06,400"
07. October 2025,"10,643.00","10,699.00","1,39,425","3,086.00","3,027.00","38,200","2,713.50","2,718.00","5,05,325"
06. October 2025,"10,609.50","10,636.50","1,39,550","3,071.00","3,020.00","39,350","2,713.00","2,716.00","5,07,300"
03. October 2025,"10,537.50","10,567.00","1,40,745","3,057.00","2,996.00","3,98,000","2,703.00","2,705.00","5,02,800"
02. October 2025,"10,455.00","10,480.00","1,40,950","3,102.00","3,021.00","40,350","2,700.00","2,705.00","5,08,425"
01. October 2025,"10,263.00","10,308.00","1,41,725","3,027.00","2,967.00","40,500","2,683.50","2,688.50","5,11,425"
30. September 2025,"10,300.00","10,332.00","1,43,400","3,010.00","2,951.00","40,950","2,668.50","2,678.00","5,13,425"
29. September 2025,"10,233.00","10,275.00","1,43,900","2,974.50","2,932.00","41,950","2,672.00","2,675.50","5,15,600"
26. September 2025,"10,125.50","10,193.00","1,44,400","2,935.00","2,897.00","42,775","2,642.50","2,648.00","5,17,700"
25. September 2025,"10,312.00","10,325.00","1,44,425","3,012.00","2,954.00","43,800","2,661.50","2,665.50","5,15,925"
24. September 2025,"9,862.00","9,937.00","1,44,775","2,923.50","2,878.00","44,400","2,623.00","2,625.00","5,17,150"
23. September 2025,"9,900.00","9,978.00","1,44,975","2,910.50","2,876.50","45,775","2,646.00","2,640.00","5,13,850"
22. September 2025,"9,921.50","9,998.00","1,45,375","2,985.00","2,930.00","46,825","2,667.00","2,664.00","5,13,900"
19. September 2025,"9,904.00","9,983.00","1,47,650","2,927.00","2,897.00","47,825","2,689.50","2,684.00","5,13,900"
18. September 2025,"9,895.00","9,968.00","1,48,875","2,958.00","2,936.00","48,825","2,693.00","2,685.00","5,13,900"
17. September 2025,"9,894.00","9,964.00","1,49,775","2,975.50","2,952.50","48,975","2,691.00","2,683.50","4,83,775"
16. September 2025,"10,071.50","10,145.00","1,50,950","3,019.00","2,985.00","48,975","2,736.50","2,717.50","4,83,775"
15. September 2025,"9,986.00","10,073.50","1,52,625","2,979.00","2,951.00","50,150","2,693.50","2,695.00","4,85,275"
12. September 2025,"10,004.50","10,070.00","1,53,950","2,950.00","2,926.00","50,525","2,707.00","2,695.50","4,85,275"
11. September 2025,"9,926.00","9,984.00","1,54,175","2,908.00","2,879.50","50,625","2,656.00","2,650.00","4,85,275"
10. September 2025,"9,847.00","9,930.00","1,55,050","2,892.00","2,871.50","50,825","2,623.50","2,622.00","4,85,275"
09. September 2025,"9,822.50","9,910.00","1,55,275","2,877.00","2,859.00","51,025","2,621.00","2,617.00","4,85,275"
08. September 2025,"9,810.50","9,895.00","1,55,825","2,884.50","2,865.00","53,075","2,613.50","2,612.00","4,85,275"
05. September 2025,"9,881.00","9,948.00","1,57,950","2,889.50","2,865.50","54,050","2,616.00","2,613.00","4,84,675"
04. September 2025,"9,813.00","9,890.00","1,58,375","2,848.00","2,833.00","54,750","2,606.00","2,602.00","4,79,600"
03. September 2025,"9,873.00","9,953.00","1,58,575","2,888.00","2,865.50","55,225","2,617.00","2,614.50","4,79,600"
02. September 2025,"9,773.50","9,862.00","1,58,775","2,874.00","2,852.00","55,600","2,615.00","2,612.00","4,79,600"
01. September 2025,"9,804.50","9,897.00","1,58,875","2,840.00","2,830.00","55,875","2,612.50","2,610.00","4,81,050"
29. August 2025,"9,805.00","9,877.00","1,58,900","2,815.50","2,815.00","56,500","2,621.00","2,615.50","4,81,050"
28. August 2025,"9,703.50","9,790.00","1,57,950","2,764.50","2,769.00","58,000","2,615.00","2,610.00","4,81,150"
27. August 2025,"9,682.00","9,773.00","1,56,100","2,775.00","2,785.50","60,025","2,618.00","2,616.50","4,81,250"
26. August 2025,"9,707.50","9,797.00","1,55,000","2,789.00","2,794.50","65,525","2,611.50","2,609.00","4,78,075"
22. August 2025,"9,643.00","9,726.00","1,55,975","2,772.00","2,782.50","68,075","2,589.00","2,587.50","4,78,725"
21. August 2025,"9,611.00","9,695.00","1,56,350","2,762.00","2,769.00","69,375","2,570.50","2,571.50","4,79,525"
20. August 2025,"9,576.50","9,675.50","1,56,350","2,763.00","2,775.50","71,250","2,567.00","2,568.00","4,79,525"
19. August 2025,"9,621.50","9,729.00","1,55,150","2,758.00","2,774.00","72,200","2,572.50","2,574.00","4,79,525"
18. August 2025,"9,626.50","9,731.00","1,55,600","2,787.00","2,796.00","75,850","2,586.50","2,583.00","4,79,525"
15. August 2025,"9,621.00","9,735.00","1,55,800","2,811.50","2,814.00","76,325","2,600.00","2,602.00","4,79,550"
14. August 2025,"9,665.50","9,756.00","1,55,850","2,824.00","2,823.00","77,450","2,608.50","2,608.50","4,79,675"
13. August 2025,"9,746.50","9,835.00","1,55,875","2,841.50","2,846.00","78,475","2,626.00","2,630.00","4,78,625"
12. August 2025,"9,661.50","9,754.00","1,55,000","2,826.50","2,835.00","79,550","2,605.00","2,610.50","4,77,100"
11. August 2025,"9,643.50","9,725.00","1,55,700","2,803.50","2,809.00","80,425","2,586.50","2,591.50","4,75,850"
08. August 2025,"9,627.00","9,702.00","1,55,850","2,811.00","2,813.50","81,500","2,609.00","2,610.50","4,70,575"
07. August 2025,"9,636.50","9,702.00","1,56,000","2,808.00","2,814.00","84,950","2,617.00","2,619.00","4,69,500"
06. August 2025,"9,604.50","9,670.50","1,56,125","2,777.50","2,788.00","89,225","2,589.50","2,591.50","4,67,925"
05. August 2025,"9,576.50","9,643.00","1,53,850","2,754.50","2,767.50","92,275","2,568.00","2,568.00","4,66,025"
04. August 2025,"9,622.50","9,687.00","1,39,575","2,736.00","2,749.50","97,000","2,575.00","2,570.00","4,63,725"
01. August 2025,"9,535.50","9,594.00","1,41,750","2,707.00","2,715.00","1,00,825","2,545.00","2,547.00","4,62,800"
31. July 2025,"9,606.00","9,655.00","1,38,200","2,769.00","2,770.00","1,04,800","2,580.00","2,581.50","4,61,025"
30. July 2025,"9,699.50","9,737.00","1,36,850","2,795.00","2,793.00","1,09,050","2,611.00","2,615.00","4,60,350"
29. July 2025,"9,733.50","9,785.00","1,27,625","2,791.00","2,795.00","1,12,150","2,609.00","2,608.00","4,56,100"
28. July 2025,"9,783.00","9,835.00","1,27,400","2,816.00","2,818.00","1,15,500","2,632.50","2,632.00","4,54,275"
25. July 2025,"9,788.00","9,840.00","1,28,475","2,844.50","2,847.00","1,15,775","2,657.00","2,656.00","4,50,825"
24. July 2025,"9,861.00","9,912.00","1,24,775","2,854.00","2,855.00","1,16,900","2,646.50","2,648.50","4,48,100"
23. July 2025,"9,862.00","9,920.00","1,24,825","2,862.00","2,865.50","1,15,325","2,645.00","2,647.00","4,44,800"
22. July 2025,"9,818.50","9,877.00","1,24,850","2,822.00","2,830.00","1,16,600","2,638.50","2,640.00","4,38,450"
21. July 2025,"9,773.50","9,845.00","1,22,075","2,846.00","2,840.00","1,18,225","2,649.00","2,646.00","4,34,425"
18. July 2025,"9,667.00","9,720.50","1,22,175","2,780.50","2,782.50","1,19,100","2,591.50","2,596.00","4,30,700"
17. July 2025,"9,586.00","9,621.00","1,22,150","2,701.00","2,708.00","1,21,475","2,557.00","2,561.00","4,27,200"
16. July 2025,"9,563.00","9,615.50","1,21,000","2,677.00","2,687.00","1,21,350","2,568.00","2,567.00","4,23,525"
15. July 2025,"9,564.00","9,635.00","1,10,475","2,699.00","2,706.00","1,18,600","2,594.00","2,596.00","4,16,975"
14. July 2025,"9,555.00","9,600.00","1,09,625","2,711.00","2,721.00","1,13,400","2,586.00","2,585.00","4,05,550"
11. July 2025,"9,637.50","9,645.00","1,08,725","2,743.00","2,749.00","1,05,250","2,591.50","2,593.00","4,00,275"
10. July 2025,"9,752.00","9,744.00","1,08,100","2,783.00","2,778.00","1,05,600","2,609.00","2,611.00","3,95,725"
09. July 2025,"9,635.00","9,640.00","1,07,125","2,717.50","2,727.50","1,06,700","2,580.00","2,580.00","3,90,800"
08. July 2025,"9,925.00","9,845.50","1,02,500","2,699.00","2,716.50","1,08,500","2,587.00","2,585.50","3,84,350"
07. July 2025,"9,893.00","9,819.00","97,400","2,672.00","2,696.00","1,10,600","2,566.00","2,564.50","3,71,150"
04. July 2025,"9,970.50","9,881.00","95,275","2,714.00","2,736.50","1,12,325","2,587.00","2,591.00","3,63,925"
03. July 2025,"10,120.00","10,015.00","94,325","2,727.50","2,750.00","1,12,675","2,604.00","2,609.00","3,56,975"
02. July 2025,"10,045.00","9,968.00","93,250","2,710.50","2,730.00","1,13,425","2,602.00","2,598.00","3,56,625"
01. July 2025,"10,061.00","9,948.00","91,250","2,719.00","2,737.00","1,14,900","2,604.00","2,605.50","3,48,625"
30. June 2025,"10,040.00","9,845.00","90,625","2,764.00","2,766.00","1,17,475","2,593.00","2,591.50","3,45,750"
27. June 2025,"10,051.00","9,857.00","91,275","2,753.00","2,756.00","1,19,225","2,583.00","2,580.50","3,45,200"
26. June 2025,"10,115.00","9,875.00","93,075","2,736.00","2,745.00","1,19,850","2,573.50","2,575.00","3,36,900"
25. June 2025,"9,810.00","9,717.00","93,475","2,692.00","2,715.00","1,22,875","2,555.50","2,562.50","3,37,900"
24. June 2025,"9,930.50","9,735.00","94,675","2,687.00","2,710.00","1,23,450","2,572.50","2,569.00","3,39,900"
23. June 2025,"10,035.00","9,642.00","95,875","2,646.00","2,679.00","1,25,900","2,599.00","2,584.50","3,40,975"
20. June 2025,"9,945.00","9,654.00","99,200","2,616.00","2,644.00","1,26,225","2,529.00","2,529.50","3,42,850"
19. June 2025,"9,712.00","9,610.00","1,03,325","2,599.00","2,631.00","1,27,475","2,525.50","2,527.00","3,44,950"
18. June 2025,"9,841.00","9,685.50","1,07,350","2,603.00","2,638.00","1,28,250","2,545.50","2,544.00","3,47,000"
17. June 2025,"9,820.50","9,710.00","1,07,550","2,612.50","2,642.00","1,28,875","2,530.00","2,530.00","3,49,100"
16. June 2025,"9,738.00","9,671.00","1,07,325","2,634.00","2,659.00","1,30,225","2,508.50","2,507.00","3,51,200"
13. June 2025,"9,658.00","9,578.00","1,14,475","2,562.50","2,595.00","1,31,000","2,485.00","2,487.00","3,53,225"
12. June 2025,"9,779.00","9,690.00","1,16,850","2,615.00","2,646.00","1,32,025","2,510.00","2,511.50","3,55,600"
11. June 2025,"9,730.00","9,670.00","1,19,450","2,633.00","2,668.00","1,32,575","2,511.50","2,510.00","3,57,600"
10. June 2025,"9,854.00","9,768.00","1,20,400","2,616.00","2,650.00","1,34,550","2,482.00","2,476.50","3,59,900"
09. June 2025,"9,849.00","9,745.00","1,22,400","2,617.00","2,651.50","1,35,600","2,468.50","2,472.00","3,62,000"
06. June 2025,"9,795.00","9,718.00","1,32,400","2,629.00","2,667.00","1,36,975","2,431.50","2,441.00","3,63,850"
05. June 2025,"9,834.00","9,765.00","1,38,000","2,655.00","2,689.00","1,37,150","2,472.50","2,480.00","3,65,850"
04. June 2025,"9,673.50","9,620.00","1,41,350","2,679.00","2,706.00","1,36,275","2,473.00","2,476.00","3,67,875"
03. June 2025,"9,643.00","9,590.00","1,43,850","2,667.00","2,686.00","1,37,350","2,446.00","2,449.00","3,67,875"
02. June 2025,"9,655.00","9,601.00","1,48,450","2,653.00","2,675.00","1,38,150","2,451.00","2,452.00","3,70,275"
30. May 2025,"9,623.00","9,565.00","1,49,875","2,631.00","2,658.00","1,39,150","2,445.00","2,448.00","3,72,525"
29. May 2025,"9,641.50","9,605.00","1,52,375","2,682.00","2,707.00","1,41,375","2,468.00","2,468.00","3,75,075"
28. May 2025,"9,682.00","9,635.00","1,54,300","2,685.00","2,708.00","1,43,450","2,479.00","2,480.00","3,77,325"
27. May 2025,"9,653.00","9,610.00","1,62,150","2,672.00","2,697.00","1,51,150","2,470.50","2,472.00","3,81,575"
23. May 2025,"9,595.00","9,570.00","1,64,725","2,651.00","2,675.50","1,53,500","2,437.00","2,448.00","3,84,575"
22. May 2025,"9,493.00","9,461.50","1,66,525","2,662.00","2,690.00","1,56,225","2,445.50","2,459.00","3,86,900"
21. May 2025,"9,532.50","9,533.50","1,68,825","2,680.50","2,716.00","1,57,875","2,460.50","2,469.00","3,88,900"
20. May 2025,"9,530.00","9,521.00","1,70,750","2,666.00","2,699.00","1,56,725","2,458.50","2,460.00","3,90,925"
19. May 2025,"9,545.00","9,517.00","1,74,325","2,658.50","2,690.50","1,60,800","2,450.50","2,452.50","3,93,450"
16. May 2025,"9,534.00","9,518.00","1,79,375","2,681.00","2,695.00","1,64,200","2,473.50","2,469.00","3,95,450"
15. May 2025,"9,537.50","9,528.00","1,84,650","2,691.00","2,716.50","1,65,175","2,480.50","2,482.50","3,97,275"
14. May 2025,"9,649.50","9,622.00","1,85,575","2,738.00","2,766.00","1,67,050","2,530.00","2,526.00","3,99,300"
13. May 2025,"9,534.00","9,548.00","1,89,650","2,638.50","2,670.50","1,67,950","2,470.00","2,472.00","3,99,300"
12. May 2025,"9,590.00","9,547.00","1,90,750","2,686.00","2,719.00","1,69,850","2,468.50","2,480.00","4,01,525"
09. May 2025,"9,485.50","9,432.50","1,91,775","2,622.00","2,647.00","1,70,325","2,401.00","2,413.00","4,03,550"
08. May 2025,"9,413.00","9,395.00","1,94,275","2,562.00","2,597.00","1,70,650","2,363.50","2,389.00","4,05,575"
07. May 2025,"9,486.00","9,462.50","1,93,975","2,583.50","2,626.00","1,71,400","2,363.50","2,391.00","4,07,575"
06. May 2025,"9,500.00","9,475.00","1,95,625","2,584.00","2,622.00","1,72,925","2,404.00","2,424.00","4,11,575"
02. May 2025,"9,376.00","9,359.00","1,97,300","2,581.50","2,615.00","1,73,800","2,401.50","2,424.00","4,11,575"
01. May 2025,"9,195.00","9,185.00","1,97,700","2,567.50","2,600.00","1,73,900","2,377.50","2,405.00","4,13,575"
30. April 2025,"9,204.00","9,207.00","2,00,150","2,593.00","2,635.50","1,75,275","2,405.00","2,432.00","4,15,575"
29. April 2025,"9,487.50","9,465.00","2,02,500","2,625.00","2,662.00","1,77,550","2,430.00","2,464.00","4,17,575"
28. April 2025,"9,365.50","9,370.00","2,02,800","2,599.00","2,639.00","1,79,325","2,400.00","2,432.00","4,19,575"
25. April 2025,"9,364.00","9,369.00","2,03,450","2,618.00","2,652.00","1,80,050","2,412.00","2,444.00","4,21,575"
24. April 2025,"9,410.50","9,420.00","2,03,425","2,636.00","2,672.00","1,82,300","2,410.00","2,442.00","4,23,575"
23. April 2025,"9,416.50","9,437.00","2,05,250","2,608.00","2,650.50","1,85,025","2,384.00","2,422.00","4,25,600"
22. April 2025,"9,293.50","9,316.50","2,12,700","2,567.00","2,612.00","1,92,225","2,355.50","2,391.50","4,31,700"
17. April 2025,"9,104.00","9,134.00","2,13,400","2,521.00","2,562.00","1,95,350","2,327.50","2,367.00","4,34,150"
16. April 2025,"9,083.00","9,119.00","2,16,250","2,544.00","2,575.50","1,90,550","2,332.50","2,370.00","4,36,975"
15. April 2025,"9,094.00","9,150.00","2,12,475","2,608.00","2,629.00","1,12,025","2,333.50","2,375.00","4,39,325"
14. April 2025,"9,212.50","9,240.00","2,07,825","2,628.00","2,651.00","1,17,300","2,355.50","2,399.00","4,40,150"
11. April 2025,"9,180.00","9,160.00","2,08,775","2,651.00","2,668.00","1,19,350","2,364.00","2,405.00","4,42,225"
10. April 2025,"8,978.00","8,986.00","2,09,425","2,622.00","2,639.00","1,21,800","2,343.50","2,388.00","4,46,325"
09. April 2025,"8,539.00","8,590.00","2,11,925","2,534.00","2,543.00","1,23,150","2,285.00","2,327.00","4,49,500"
08. April 2025,"8,760.00","8,814.00","2,13,450","2,612.00","2,624.00","1,25,825","2,366.00","2,405.00","4,52,525"
07. April 2025,"8,825.00","8,870.00","2,10,225","2,576.50","2,593.00","1,28,325","2,350.00","2,380.00","4,54,700"
04. April 2025,"8,830.50","8,900.00","2,10,800","2,648.50","2,660.00","1,30,275","2,355.50","2,394.00","4,56,750"
03. April 2025,"9,397.00","9,442.00","2,10,450","2,724.50","2,738.00","1,33,350","2,436.50","2,464.00","4,58,800"
02. April 2025,"9,646.00","9,695.00","2,11,875","2,774.00","2,790.00","1,36,400","2,480.00","2,500.00","4,58,825"
01. April 2025,"9,652.00","9,703.50","2,13,275","2,817.00","2,837.00","1,36,500","2,499.00","2,515.00","4,58,900"
31. March 2025,"9,673.00","9,721.00","2,11,375","2,829.00","2,842.50","1,38,200","2,518.50","2,541.00","4,62,450"
28. March 2025,"9,795.00","9,834.00","2,12,925","2,852.00","2,872.00","1,41,400","2,559.00","2,562.50","4,66,050"
27. March 2025,"9,787.00","9,847.00","2,15,275","2,892.00","2,920.00","1,44,575","2,557.00","2,575.50","4,69,575"
26. March 2025,"9,884.00","9,909.00","2,16,750","2,930.50","2,954.00","1,46,575","2,600.00","2,617.00","4,73,100"
25. March 2025,"9,982.00","10,011.00","2,19,950","2,947.50","2,964.50","1,50,225","2,608.00","2,614.50","4,76,625"
24. March 2025,"9,978.00","10,028.00","2,21,775","2,947.00","2,962.00","1,53,650","2,640.50","2,628.50","4,80,250"
21. March 2025,"9,829.00","9,880.00","2,24,600","2,906.50","2,918.50","1,54,400","2,652.00","2,636.00","4,83,925"
20. March 2025,"9,911.50","9,951.00","2,23,275","2,899.00","2,933.00","1,55,225","2,685.50","2,671.00","4,87,525"
19. March 2025,"9,914.00","9,955.00","2,25,175","2,915.50","2,947.00","1,56,150","2,687.00","2,677.00","4,89,125"
18. March 2025,"9,834.00","9,888.00","2,27,700","2,897.00","2,930.00","1,56,875","2,681.00","2,670.00","4,93,250"
17. March 2025,"9,748.00","9,820.00","2,30,975","2,948.50","2,972.00","1,58,225","2,715.00","2,694.00","4,97,275"
14. March 2025,"9,759.00","9,810.00","2,33,750","2,966.00","2,981.50","1,59,500","2,713.00","2,689.00","5,01,800"
13. March 2025,"9,702.50","9,734.00","2,37,200","2,906.00","2,932.00","1,60,325","2,694.00","2,676.00","5,03,550"
12. March 2025,"9,766.00","9,785.00","2,40,325","2,936.00","2,966.00","1,61,375","2,737.00","2,721.00","5,01,825"
11. March 2025,"9,628.00","9,631.00","2,44,175","2,875.00","2,904.00","1,61,825","2,725.00","2,705.50","5,02,150"
10. March 2025,"9,547.00","9,560.00","2,53,325","2,827.00","2,865.00","1,60,100","2,716.00","2,696.00","5,06,200"
07. March 2025,"9,664.00","9,660.00","2,57,325","2,850.50","2,878.00","1,60,175","2,693.00","2,682.50","5,10,900"
06. March 2025,"9,654.00","9,647.00","2,59,175","2,888.00","2,922.00","1,60,950","2,709.00","2,698.00","5,15,600"
05. March 2025,"9,541.00","9,550.00","2,60,150","2,827.00","2,858.00","1,61,325","2,653.00","2,642.00","5,19,875"
04. March 2025,"9,395.00","9,402.50","2,61,000","2,798.00","2,831.00","1,61,950","2,634.00","2,619.50","5,24,500"
03. March 2025,"9,360.50","9,389.00","2,61,050","2,806.50","2,832.00","1,63,600","2,624.00","2,614.00","5,17,150"
28. February 2025,"9,363.50","9,377.00","2,62,075","2,768.00","2,799.00","1,64,425","2,637.50","2,618.50","5,21,200"
27. February 2025,"9,415.50","9,415.50","2,63,650","2,801.50","2,836.00","1,64,950","2,655.00","2,643.00","5,25,425"
26. February 2025,"9,504.00","9,508.00","2,65,025","2,793.50","2,830.00","1,65,375","2,670.50","2,650.50","5,29,475"
25. February 2025,"9,463.00","9,470.00","2,66,700","2,778.50","2,819.00","1,64,775","2,669.00","2,642.50","5,31,025"
24. February 2025,"9,490.00","9,510.50","2,67,225","2,840.00","2,874.00","1,61,000","2,673.00","2,663.00","5,35,900"
21. February 2025,"9,494.00","9,531.50","2,67,750","2,859.00","2,892.00","1,53,600","2,702.00","2,694.00","5,39,900"
20. February 2025,"9,514.50","9,545.00","2,68,750","2,880.00","2,916.00","1,56,275","2,720.00","2,715.00","5,43,900"
19. February 2025,"9,433.00","9,490.00","2,70,900","2,851.00","2,886.00","1,55,550","2,709.50","2,692.50","5,47,950"
18. February 2025,"9,295.00","9,376.50","2,63,775","2,836.00","2,881.00","1,58,750","2,661.00","2,639.00","5,51,950"
17. February 2025,"9,291.00","9,415.00","2,53,975","2,803.00","2,850.00","1,61,025","2,660.00","2,627.00","5,55,950"
14. February 2025,"9,812.00","9,665.00","2,55,225","2,845.00","2,885.00","1,62,650","2,662.00","2,645.00","5,60,000"
13. February 2025,"9,362.00","9,457.00","2,37,925","2,811.00","2,855.00","1,63,425","2,627.00","2,612.50","5,64,525"
12. February 2025,"9,277.50","9,399.00","2,41,650","2,815.00","2,865.00","1,64,625","2,628.50","2,618.50","5,66,050"
11. February 2025,"9,245.00","9,355.00","2,43,300","2,763.00","2,812.00","1,66,950","2,647.00","2,640.50","5,58,700"
10. February 2025,"9,287.50","9,410.00","2,45,825","2,786.00","2,833.00","1,68,700","2,640.00","2,636.00","5,63,200"
07. February 2025,"9,288.00","9,412.00","2,47,625","2,816.00","2,863.50","1,70,450","2,639.50","2,634.50","5,67,700"
06. February 2025,"9,165.00","9,285.50","2,49,275","2,770.00","2,821.00","1,72,475","2,638.00","2,630.00","5,72,200"
05. February 2025,"9,025.00","9,159.00","2,52,325","2,718.50","2,771.00","1,74,150","2,610.00","2,607.00","5,76,700"
04. February 2025,"8,993.00","9,107.00","2,54,950","2,760.00","2,811.00","1,76,425","2,634.00","2,622.00","5,81,200"
03. February 2025,"8,866.50","8,986.00","2,55,125","2,699.00","2,746.00","1,79,275","2,584.00","2,580.00","5,87,200"
31. January 2025,"8,949.50","9,052.00","2,56,225","2,711.00","2,763.00","1,80,725","2,598.00","2,598.00","5,87,850"
30. January 2025,"8,975.00","9,100.00","2,56,275","2,756.00","2,806.00","1,80,725","2,617.00","2,621.00","5,87,850"
29. January 2025,"8,881.00","9,007.00","2,56,300","2,720.50","2,773.00","1,80,725","2,590.50","2,597.00","5,90,350"
28. January 2025,"8,890.50","9,015.00","2,56,500","2,746.50","2,796.00","1,83,025","2,572.00","2,581.00","5,92,850"
27. January 2025,"9,051.00","9,185.00","2,55,825","2,791.00","2,839.00","1,86,650","2,616.50","2,621.50","5,92,625"
24. January 2025,"9,218.00","9,334.00","2,57,625","2,821.50","2,868.00","1,88,425","2,640.00","2,644.50","5,95,175"
23. January 2025,"9,056.00","9,179.00","2,59,050","2,818.00","2,865.00","1,91,125","2,605.50","2,616.00","5,97,675"
22. January 2025,"9,123.00","9,244.00","2,60,400","2,851.50","2,899.00","1,92,950","2,611.00","2,627.00","6,00,175"
21. January 2025,"9,067.00","9,184.00","2,60,525","2,887.00","2,930.00","1,95,125","2,635.50","2,650.50","6,04,275"
20. January 2025,"9,043.50","9,160.00","2,60,150","2,891.00","2,933.00","1,99,125","2,675.00","2,682.50","6,06,875"
17. January 2025,"9,132.00","9,243.50","2,60,075","2,884.00","2,923.00","2,01,350","2,658.50","2,666.00","6,09,375"
16. January 2025,"9,135.00","9,245.00","2,60,250","2,824.00","2,863.00","2,03,900","2,628.00","2,637.50","6,11,875"
15. January 2025,"9,020.00","9,140.00","2,60,750","2,792.00","2,829.00","2,06,375","2,562.00","2,579.00","6,14,375"
14. January 2025,"9,016.00","9,134.00","2,61,900","2,831.00","2,872.00","2,09,475","2,554.50","2,572.50","6,16,875"
13. January 2025,"8,980.00","9,105.00","2,63,450","2,839.00","2,886.00","2,10,625","2,573.00","2,588.00","6,19,375"
10. January 2025,"8,995.50","9,095.00","2,64,425","2,856.50","2,895.00","2,14,075","2,560.50","2,577.00","6,21,875"
09. January 2025,"8,960.50","9,070.00","2,63,950","2,821.00","2,856.00","2,16,900","2,502.50","2,533.00","6,19,275"
08. January 2025,"8,847.00","8,965.00","2,65,700","2,798.00","2,840.00","2,20,525","2,474.00","2,501.50","6,21,775"
07. January 2025,"8,886.00","9,004.00","2,67,150","2,844.00","2,885.00","2,24,525","2,484.00","2,513.00","6,24,275"
06. January 2025,"8,893.50","9,000.50","2,68,650","2,879.00","2,922.00","2,29,150","2,480.00","2,511.00","6,26,775"
03. January 2025,"8,701.00","8,811.50","2,69,800","2,864.50","2,892.00","2,30,325","2,475.00","2,505.00","6,30,150"
02. January 2025,"8,685.50","8,795.00","2,71,350","2,926.50","2,951.50","2,34,100","2,536.00","2,561.00","6,34,650"
31. December 2024,"8,706.00","8,821.50","2,71,400","2,974.00","2,996.00","2,34,900","2,516.50","2,540.50","6,39,150"
30. December 2024,"8,833.00","8,950.00","2,71,400","3,026.00","3,053.00","2,37,875","2,529.50","2,551.00","6,43,650"
27. December 2024,"8,843.00","8,958.00","2,72,725","2,995.50","3,018.00","2,44,500","2,513.00","2,545.00","6,52,650"
24. December 2024,"8,847.50","8,962.00","2,72,725","3,022.50","3,042.00","2,48,950","2,541.50","2,570.50","6,57,150"
23. December 2024,"8,838.00","8,950.00","2,72,425","2,997.00","3,016.00","2,51,975","2,504.00","2,543.00","6,59,650"
20. December 2024,"8,793.00","8,908.00","2,72,325","2,958.00","2,974.00","2,54,125","2,483.00","2,525.00","6,62,150"
19. December 2024,"8,795.50","8,915.00","2,72,325","2,962.00","2,985.00","2,57,525","2,470.00","2,512.00","6,65,025"
18. December 2024,"8,905.50","9,020.00","2,72,325","2,988.00","3,012.00","2,60,400","2,483.50","2,527.00","6,67,525"
17. December 2024,"8,851.50","8,979.50","2,72,450","3,020.00","3,045.00","2,62,100","2,497.00","2,533.50","6,70,025"
16. December 2024,"8,932.00","9,050.00","2,72,625","3,062.00","3,085.50","2,66,500","2,543.00","2,584.00","6,72,525"
13. December 2024,"8,989.00","9,100.00","2,72,825","3,083.00","3,114.00","2,68,500","2,567.50","2,606.50","6,75,025"
12. December 2024,"9,038.50","9,157.00","2,68,425","3,061.00","3,096.00","2,73,650","2,555.00","2,604.50","6,75,100"
11. December 2024,"9,077.00","9,201.00","2,68,500","3,092.50","3,124.00","2,74,950","2,556.00","2,595.00","6,77,600"
10. December 2024,"9,067.00","9,181.00","2,68,100","3,105.50","3,127.00","2,77,050","2,553.00","2,587.00","6,79,600"
09. December 2024,"9,104.00","9,216.00","2,69,800","3,110.50","3,133.00","2,78,125","2,556.00","2,596.50","6,81,600"
06. December 2024,"9,040.00","9,149.00","2,69,800","3,062.00","3,091.00","2,78,850","2,555.00","2,592.50","6,84,600"
05. December 2024,"8,967.00","9,084.00","2,70,525","3,099.00","3,113.50","2,77,800","2,620.50","2,644.00","6,87,125"
04. December 2024,"8,951.00","9,068.00","2,68,500","3,077.00","3,093.00","2,78,100","2,583.00","2,615.00","6,89,725"
03. December 2024,"8,941.00","9,064.00","2,68,625","3,079.00","3,088.00","2,78,000","2,577.00","2,601.50","6,90,700"
02. December 2024,"8,871.00","8,986.00","2,70,725","3,085.50","3,085.00","2,76,275","2,564.50","2,587.00","6,93,475"
29. November 2024,"8,879.00","8,991.00","2,71,000","3,092.00","3,089.00","2,76,850","2,572.00","2,586.00","6,95,975"
28. November 2024,"8,850.50","8,974.00","2,70,525","3,045.00","3,046.00","2,68,625","2,564.00","2,582.00","6,98,475"
27. November 2024,"8,897.50","9,015.00","2,69,050","3,107.50","3,103.50","2,60,900","2,577.00","2,606.50","7,00,975"
26. November 2024,"8,925.00","9,042.00","2,69,475","3,083.00","3,077.50","2,55,625","2,590.50","2,621.00","7,03,475"
25. November 2024,"8,918.00","9,043.50","2,70,975","3,011.00","3,010.00","2,58,200","2,616.00","2,643.50","7,06,000"
22. November 2024,"8,829.00","8,955.00","2,72,525","2,965.00","2,963.50","2,61,325","2,589.00","2,615.00","7,08,550"
21. November 2024,"8,945.50","9,064.00","2,72,625","2,987.00","2,994.00","2,64,625","2,591.00","2,625.50","7,11,050"
20. November 2024,"9,022.00","9,140.00","2,71,850","2,967.50","2,983.00","2,68,325","2,654.50","2,672.50","7,11,400"
19. November 2024,"8,919.50","9,045.00","2,71,975","2,944.00","2,948.50","2,60,950","2,583.50","2,608.00","7,13,900"
18. November 2024,"8,859.50","8,980.00","2,71,525","2,927.00","2,922.00","2,59,500","2,563.00","2,588.00","7,16,425"
15. November 2024,"9,055.00","9,166.50","2,71,875","3,006.00","2,993.00","2,48,450","2,641.00","2,672.00","7,18,950"
14. November 2024,"8,768.00","8,908.00","2,72,200","2,903.00","2,906.50","2,42,000","2,504.00","2,526.00","7,21,475"
13. November 2024,"8,969.00","9,104.00","2,73,100","2,925.00","2,937.00","2,43,225","2,514.00","2,549.50","7,24,100"
12. November 2024,"9,005.00","9,130.00","2,71,225","2,917.50","2,935.00","2,45,525","2,530.00","2,565.00","7,26,700"
11. November 2024,"9,251.00","9,400.00","2,71,875","2,981.00","2,997.00","2,44,500","2,555.00","2,598.00","7,29,325"
08. November 2024,"9,323.00","9,457.00","2,72,400","2,967.00","2,992.00","2,45,225","2,600.50","2,636.00","7,31,900"
07. November 2024,"9,386.00","9,529.00","2,72,525","3,052.00","3,076.00","2,45,225","2,652.50","2,682.00","7,34,400"
06. November 2024,"9,250.50","9,392.00","2,72,550","2,955.50","2,980.00","2,45,325","2,549.50","2,589.00","7,36,900"
05. November 2024,"9,587.50","9,725.00","2,72,975","3,053.00","3,073.00","2,45,675","2,605.50","2,640.00","7,39,400"
04. November 2024,"9,505.00","9,632.00","2,73,850","3,029.00","3,047.00","2,47,175","2,581.00","2,609.00","7,41,900"
01. November 2024,"9,425.00","9,560.00","2,71,375","3,062.50","3,059.00","2,47,075","2,613.50","2,642.50","7,36,200"
31. October 2024,"9,427.00","9,557.00","2,71,375","3,102.00","3,097.00","2,46,725","2,617.50","2,644.00","7,38,700"
30. October 2024,"9,356.00","9,505.00","2,75,300","3,153.00","3,127.00","2,41,225","2,623.00","2,654.00","7,41,200"
29. October 2024,"9,431.00","9,577.00","2,74,225","3,162.00","3,127.00","2,43,325","2,617.50","2,653.00","7,43,700"
28. October 2024,"9,402.00","9,542.00","2,76,100","3,105.00","3,081.00","2,47,075","2,610.00","2,647.00","7,46,200"
25. October 2024,"9,385.00","9,521.00","2,76,775","3,078.00","3,070.00","2,42,425","2,600.50","2,630.50","7,48,700"
24. October 2024,"9,413.00","9,560.00","2,78,325","3,237.50","3,191.00","2,39,150","2,643.00","2,677.00","7,50,350"
23. October 2024,"9,364.00","9,509.50","2,79,625","3,165.50","3,130.50","2,32,150","2,625.00","2,647.00","7,52,850"
22. October 2024,"9,490.50","9,632.00","2,80,100","3,152.00","3,133.50","2,34,625","2,609.00","2,632.50","7,55,350"
21. October 2024,"9,592.50","9,717.00","2,82,200","3,123.00","3,115.00","2,37,175","2,582.50","2,617.50","7,57,850"
18. October 2024,"9,472.50","9,604.00","2,84,200","3,082.00","3,085.00","2,39,025","2,553.00","2,588.00","7,60,350"
17. October 2024,"9,380.00","9,506.00","2,87,425","3,008.00","3,010.00","2,41,800","2,524.50","2,564.00","7,62,850"
16. October 2024,"9,489.00","9,630.00","2,88,750","3,072.00","3,085.00","2,40,525","2,557.50","2,592.00","7,65,350"
15. October 2024,"9,401.50","9,545.00","2,88,125","2,998.00","3,015.50","2,39,300","2,522.00","2,558.50","7,67,850"
14. October 2024,"9,516.00","9,669.00","2,92,850","3,047.00","3,067.00","2,40,625","2,566.00","2,602.00","7,69,275"
11. October 2024,"9,596.50","9,735.00","2,97,550","3,108.00","3,117.00","2,42,000","2,645.00","2,653.50","7,70,275"
10. October 2024,"9,507.00","9,641.00","2,99,350","3,017.00","3,034.50","2,42,450","2,550.50","2,558.00","7,72,775"
09. October 2024,"9,550.00","9,690.00","2,94,825","3,001.00","3,029.00","2,44,025","2,530.00","2,541.00","7,75,275"
08. October 2024,"9,619.00","9,775.00","2,96,275","3,083.00","3,107.00","2,42,400","2,569.00","2,585.50","7,77,775"
07. October 2024,"9,816.50","9,964.00","2,97,300","3,154.00","3,176.00","2,44,100","2,655.50","2,655.50","7,80,275"
04. October 2024,"9,784.00","9,936.00","2,98,525","3,144.00","3,168.50","2,45,325","2,654.00","2,665.50","7,82,775"
03. October 2024,"9,786.00","9,935.00","2,98,100","3,134.50","3,162.00","2,47,075","2,638.00","2,643.50","7,85,450"
02. October 2024,"9,882.50","10,024.00","3,00,275","3,132.00","3,153.00","2,48,750","2,635.00","2,635.00","7,87,950"
01. October 2024,"9,741.00","9,882.00","3,00,175","3,108.50","3,141.00","2,49,875","2,635.00","2,630.50","7,90,450"
30. September 2024,"9,767.00","9,906.50","3,00,600","3,075.50","3,111.00","2,51,425","2,611.00","2,618.00","7,92,950"
27. September 2024,"9,860.00","9,995.00","3,02,525","3,045.50","3,086.00","2,53,250","2,609.50","2,624.00","7,95,450"
26. September 2024,"9,844.00","9,995.00","3,03,050","3,038.50","3,075.00","2,55,050","2,560.00","2,576.00","7,98,025"
25. September 2024,"9,618.50","9,751.00","3,03,350","2,957.50","2,998.00","2,55,225","2,512.00","2,528.00","8,00,525"
24. September 2024,"9,602.00","9,735.00","3,01,850","2,943.00","2,979.00","2,56,950","2,542.00","2,559.00","8,03,025"
23. September 2024,"9,329.00","9,462.00","3,01,700","2,839.00","2,872.00","2,58,050","2,455.00","2,472.00","8,05,525"
20. September 2024,"9,395.00","9,535.00","3,03,350","2,862.00","2,901.50","2,56,150","2,477.00","2,504.50","8,09,025"
19. September 2024,"9,405.50","9,534.00","3,04,925","2,892.00","2,930.00","2,56,800","2,523.00","2,538.00","8,13,000"
18. September 2024,"9,289.00","9,425.00","3,05,250","2,889.00","2,918.00","2,51,850","2,520.00","2,528.00","8,13,500"
17. September 2024,"9,242.00","9,373.00","3,06,500","2,884.00","2,924.00","2,47,100","2,505.50","2,521.00","8,13,500"
16. September 2024,"9,216.00","9,345.00","3,08,550","2,896.50","2,935.00","2,34,150","2,505.00","2,518.50","8,17,350"
13. September 2024,"9,080.50","9,204.00","3,11,525","2,798.50","2,842.00","2,29,300","2,405.00","2,421.50","8,20,850"
12. September 2024,"9,115.50","9,238.50","3,11,650","2,810.00","2,847.00","2,32,425","2,390.50","2,410.00","8,24,350"
11. September 2024,"9,007.50","9,138.00","3,14,950","2,727.00","2,777.00","2,32,725","2,354.50","2,365.00","8,27,850"
10. September 2024,"8,935.00","9,064.50","3,16,175","2,653.00","2,698.50","2,34,450","2,323.00","2,344.00","8,31,350"
09. September 2024,"8,989.50","9,115.00","3,16,450","2,682.00","2,734.00","2,36,550","2,318.00","2,333.50","8,34,850"
06. September 2024,"9,013.00","9,135.00","3,17,575","2,714.50","2,767.00","2,38,375","2,368.00","2,388.50","8,33,425"
05. September 2024,"8,915.00","9,034.50","3,17,175","2,687.50","2,740.00","2,39,275","2,366.00","2,382.00","8,36,925"
04. September 2024,"8,830.50","8,959.00","3,18,650","2,733.50","2,786.00","2,39,750","2,367.50","2,388.00","8,40,425"
03. September 2024,"8,856.00","8,980.00","3,17,800","2,750.00","2,805.00","2,41,325","2,382.00","2,405.00","8,43,925"
02. September 2024,"9,034.00","9,157.00","3,20,650","2,778.00","2,835.00","2,43,225","2,390.50","2,415.50","8,47,425"
30. August 2024,"9,215.00","9,330.00","3,20,925","2,862.00","2,915.00","2,44,775","2,463.50","2,486.00","8,52,150"
29. August 2024,"9,116.00","9,238.50","3,22,950","2,820.00","2,875.00","2,46,325","2,437.50","2,466.00","8,56,725"
28. August 2024,"9,135.50","9,270.00","3,14,250","2,813.00","2,871.00","2,49,625","2,479.50","2,502.00","8,60,225"
27. August 2024,"9,247.50","9,376.00","3,17,175","2,885.00","2,937.00","2,55,800","2,520.00","2,537.00","8,67,225"
23. August 2024,"9,072.00","9,196.00","3,15,575","2,841.50","2,885.00","2,56,050","2,499.00","2,509.00","8,70,950"
22. August 2024,"9,061.00","9,190.00","3,19,700","2,828.00","2,872.00","2,56,850","2,471.00","2,492.50","8,74,450"
21. August 2024,"9,138.00","9,258.50","3,19,625","2,797.50","2,848.00","2,57,625","2,443.00","2,477.50","8,77,950"
20. August 2024,"9,152.00","9,265.00","3,20,050","2,772.00","2,824.00","2,58,800","2,435.00","2,466.50","8,81,450"
19. August 2024,"9,115.50","9,236.00","3,08,075","2,745.50","2,807.00","2,60,000","2,369.50","2,411.00","8,85,375"
16. August 2024,"8,938.00","9,052.00","3,09,050","2,694.00","2,751.00","2,60,600","2,293.50","2,342.50","8,88,975"
15. August 2024,"9,009.00","9,104.00","3,07,450","2,711.00","2,764.00","2,60,600","2,301.00","2,350.00","8,92,475"
14. August 2024,"8,906.00","9,007.00","3,07,425","2,679.00","2,733.00","2,62,275","2,299.00","2,349.00","8,96,200"
13. August 2024,"8,832.00","8,960.00","3,05,625","2,637.00","2,689.00","2,63,150","2,256.50","2,309.00","8,99,900"
12. August 2024,"8,851.00","8,975.00","2,96,125","2,714.00","2,759.00","2,39,525","2,268.00","2,321.00","9,03,600"
09. August 2024,"8,805.00","8,922.00","2,96,400","2,697.00","2,738.00","2,39,925","2,263.00","2,318.50","9,07,450"
08. August 2024,"8,649.00","8,773.00","2,94,425","2,580.00","2,632.00","2,42,025","2,204.50","2,260.00","9,10,950"
07. August 2024,"8,685.00","8,810.00","2,94,750","2,516.00","2,571.50","2,44,375","2,202.50","2,263.00","9,14,450"
06. August 2024,"8,715.00","8,843.00","2,52,575","2,541.00","2,598.00","2,47,825","2,205.00","2,268.00","9,18,050"
05. August 2024,"8,620.50","8,757.00","2,51,350","2,522.00","2,578.00","2,29,775","2,167.00","2,226.50","9,21,625"
02. August 2024,"8,977.00","9,111.00","2,46,500","2,628.00","2,687.00","2,32,550","2,214.50","2,272.50","9,25,625"
01. August 2024,"8,998.00","9,127.00","2,45,150","2,621.50","2,684.50","2,34,675","2,228.50","2,287.00","9,29,325"
31. July 2024,"9,014.50","9,152.00","2,39,275","2,634.50","2,687.00","2,36,375","2,252.00","2,297.00","9,33,125"
30. July 2024,"8,809.00","8,949.00","2,39,400","2,570.50","2,630.00","2,38,425","2,161.50","2,225.00","9,36,625"
29. July 2024,"8,906.00","9,033.00","2,39,100","2,614.00","2,667.00","2,40,550","2,203.50","2,263.50","9,40,125"
26. July 2024,"9,018.50","9,134.00","2,37,750","2,609.00","2,659.00","2,42,350","2,229.00","2,289.00","9,43,675"
25. July 2024,"8,917.00","9,037.00","2,39,425","2,598.00","2,654.00","2,43,975","2,218.50","2,276.00","9,47,225"
24. July 2024,"9,018.50","9,142.50","2,41,750","2,653.00","2,710.00","2,45,550","2,266.00","2,313.00","9,48,450"
23. July 2024,"9,052.50","9,166.00","2,36,700","2,638.50","2,698.00","2,47,425","2,264.00","2,316.00","9,52,225"
22. July 2024,"9,127.50","9,251.00","2,34,400","2,660.50","2,726.00","2,45,775","2,259.00","2,316.50","9,56,200"
19. July 2024,"9,214.00","9,344.00","2,31,425","2,717.00","2,780.00","2,40,275","2,312.00","2,368.00","9,60,075"
18. July 2024,"9,342.00","9,485.00","2,27,425","2,737.00","2,808.00","2,42,600","2,335.00","2,397.00","9,63,825"
17. July 2024,"9,533.00","9,682.00","2,21,100","2,819.00","2,877.50","2,46,100","2,363.00","2,418.50","9,64,350"
16. July 2024,"9,565.50","9,724.00","2,16,475","2,861.00","2,922.00","2,46,100","2,377.00","2,436.50","9,65,550"
15. July 2024,"9,679.50","9,833.00","2,10,325","2,904.00","2,962.00","2,47,475","2,404.00","2,468.00","9,70,725"
12. July 2024,"9,673.00","9,821.50","2,06,225","2,870.00","2,930.00","2,51,125","2,422.00","2,484.00","9,76,725"
11. July 2024,"9,693.50","9,860.00","2,06,775","2,902.50","2,968.00","2,53,300","2,428.50","2,490.50","9,82,000"
10. July 2024,"9,696.00","9,859.00","1,95,475","2,870.00","2,931.00","2,55,050","2,432.00","2,489.50","9,87,025"
09. July 2024,"9,762.00","9,925.00","1,91,025","2,872.00","2,933.00","2,56,375","2,468.50","2,525.50","9,88,525"
08. July 2024,"9,808.00","9,971.50","1,91,475","2,926.00","2,989.00","2,58,675","2,475.50","2,532.00","9,94,175"
05. July 2024,"9,809.00","9,970.00","1,91,625","2,955.00","3,012.50","2,58,675","2,495.50","2,545.00","9,99,725"
04. July 2024,"9,726.50","9,871.00","1,86,275","2,948.00","3,006.00","2,58,700","2,493.50","2,541.00","10,04,825"
03. July 2024,"9,623.00","9,769.00","1,86,450","2,915.00","2,976.00","2,59,025","2,487.00","2,536.50","10,09,825"
02. July 2024,"9,546.50","9,695.00","1,84,475","2,873.00","2,934.00","2,59,775","2,489.50","2,531.00","10,14,925"
01. July 2024,"9,517.00","9,661.00","1,80,050","2,912.00","2,974.00","2,61,850","2,496.50","2,532.50","10,21,350"
28. June 2024,"9,476.50","9,625.00","1,80,125","2,919.50","2,976.00","2,62,075","2,485.50","2,526.00","10,26,925"
27. June 2024,"9,422.50","9,563.00","1,77,750","2,876.50","2,935.00","2,39,600","2,458.50","2,502.50","10,32,875"
26. June 2024,"9,420.00","9,569.00","1,75,475","2,861.00","2,913.00","2,39,850","2,444.00","2,494.00","10,38,725"
25. June 2024,"9,492.00","9,645.00","1,72,850","2,808.00","2,869.00","2,40,200","2,451.50","2,499.00","10,44,325"
24. June 2024,"9,530.00","9,677.00","1,67,825","2,799.00","2,858.00","2,40,400","2,454.50","2,506.00","10,49,825"
21. June 2024,"9,563.00","9,705.00","1,65,175","2,786.00","2,845.00","2,42,525","2,452.50","2,504.00","10,55,425"
20. June 2024,"9,648.00","9,790.00","1,61,925","2,811.50","2,862.50","2,44,375","2,461.00","2,509.00","10,61,000"
19. June 2024,"9,652.00","9,795.00","1,58,700","2,817.00","2,877.00","2,47,100","2,445.00","2,503.00","10,66,575"
18. June 2024,"9,426.00","9,575.00","1,55,850","2,732.00","2,786.00","2,49,450","2,427.50","2,483.00","10,68,675"
17. June 2024,"9,477.00","9,615.00","1,36,675","2,757.00","2,803.00","2,50,950","2,420.50","2,487.00","10,73,950"
14. June 2024,"9,650.00","9,781.00","1,33,925","2,732.00","2,790.00","2,54,200","2,465.50","2,530.00","10,79,050"
13. June 2024,"9,733.00","9,860.00","1,32,075","2,809.00","2,862.00","2,55,900","2,498.00","2,557.50","10,85,550"
12. June 2024,"9,697.50","9,828.00","1,27,425","2,765.00","2,827.00","2,57,900","2,476.00","2,530.00","10,92,550"
11. June 2024,"9,567.00","9,700.00","1,27,325","2,727.00","2,770.50","2,59,350","2,475.00","2,534.00","10,96,250"
10. June 2024,"9,694.50","9,830.00","1,25,325","2,759.00","2,816.00","2,59,950","2,515.50","2,575.00","11,00,000"
07. June 2024,"9,840.00","9,955.00","1,23,800","2,834.00","2,892.00","2,60,825","2,578.50","2,629.00","11,03,500"
06. June 2024,"9,930.00","10,045.00","1,22,200","2,842.50","2,907.00","2,60,775","2,587.00","2,644.00","11,07,500"
05. June 2024,"9,769.00","9,890.00","1,20,000","2,823.00","2,880.50","2,57,650","2,577.00","2,624.00","11,11,300"
04. June 2024,"9,858.50","9,989.00","1,18,950","2,869.00","2,920.50","2,54,600","2,603.00","2,643.00","11,09,900"
03. June 2024,"9,985.50","10,107.00","1,16,000","2,929.00","2,978.00","2,55,925","2,625.00","2,670.00","11,13,150"
31. May 2024,"9,985.00","10,110.00","1,16,475","2,994.50","3,041.50","2,57,025","2,677.00","2,712.50","11,16,650"
30. May 2024,"10,016.50","10,144.00","1,18,125","2,985.00","3,042.50","2,51,775","2,665.50","2,710.50","11,20,050"
29. May 2024,"10,294.00","10,430.00","1,17,300","3,060.00","3,118.00","2,53,725","2,695.00","2,741.00","11,20,050"
28. May 2024,"10,331.00","10,459.50","1,14,750","3,055.00","3,106.00","2,57,200","2,653.00","2,704.00","11,21,500"
24. May 2024,"10,256.50","10,367.00","1,12,675","3,012.50","3,063.00","2,57,225","2,599.00","2,650.00","11,24,700"
23. May 2024,"10,290.50","10,411.00","1,10,025","3,007.00","3,051.50","2,57,625","2,551.00","2,602.50","11,27,775"
22. May 2024,"10,447.00","10,569.00","1,10,250","3,030.00","3,082.00","2,57,625","2,625.00","2,673.00","11,25,175"
21. May 2024,"10,775.00","10,895.00","1,08,200","3,093.00","3,142.50","2,58,525","2,645.00","2,704.00","10,92,300"
20. May 2024,"10,857.00","10,930.00","1,05,900","3,047.00","3,087.00","2,58,850","2,568.00","2,622.50","10,92,800"
17. May 2024,"10,398.00","10,481.00","1,03,650","2,929.00","2,975.00","2,59,375","2,544.00","2,598.00","10,93,275"
16. May 2024,"10,308.00","10,400.00","1,04,425","2,936.00","2,984.00","2,59,675","2,538.50","2,594.50","10,93,275"
15. May 2024,"10,221.00","10,300.00","1,04,625","2,954.00","3,000.00","2,50,875","2,529.50","2,577.00","10,33,450"
14. May 2024,"10,077.00","10,186.00","1,04,750","2,935.50","2,975.50","2,50,950","2,477.50","2,538.00","10,33,625"
13. May 2024,"10,009.00","10,120.00","1,03,100","2,930.00","2,962.00","2,51,400","2,510.00","2,550.00","9,02,550"
10. May 2024,"9,942.00","10,063.00","1,03,450","2,913.00","2,945.00","2,51,950","2,515.00","2,554.00","9,03,850"
09. May 2024,"9,728.00","9,859.00","1,04,375","2,858.00","2,891.50","2,52,125","2,494.00","2,541.00","4,79,850"
08. May 2024,"9,740.00","9,875.00","1,06,000","2,860.00","2,893.00","2,52,750","2,488.00","2,530.00","4,82,600"
07. May 2024,"9,847.00","9,990.00","1,07,350","2,885.00","2,920.00","2,53,725","2,512.50","2,558.50","4,86,050"
03. May 2024,"9,737.00","9,856.00","1,11,300","2,891.00","2,916.50","2,53,975","2,517.00","2,545.50","4,87,750"
02. May 2024,"9,660.00","9,783.00","1,15,275","2,859.00","2,877.00","2,54,875","2,510.00","2,553.50","4,89,250"
01. May 2024,"9,791.00","9,895.00","1,15,275","2,835.00","2,846.00","2,54,875","2,554.50","2,570.00","4,89,250"
30. April 2024,"9,973.50","10,071.00","1,16,125","2,924.50","2,931.50","2,55,350","2,545.00","2,576.50","4,90,750"
29. April 2024,"9,935.00","10,041.00","1,17,500","2,882.00","2,897.00","2,55,400","2,536.50","2,568.00","4,92,750"
26. April 2024,"9,869.00","9,995.00","1,18,550","2,846.00","2,859.00","2,54,450","2,559.50","2,587.00","4,94,150"
25. April 2024,"9,791.00","9,918.00","1,20,400","2,861.50","2,869.00","2,54,500","2,586.50","2,610.00","4,94,875"
24. April 2024,"9,671.00","9,785.00","1,20,225","2,796.00","2,817.00","2,55,100","2,585.50","2,598.50","4,96,550"
23. April 2024,"9,599.00","9,700.00","1,20,600","2,745.00","2,776.00","2,55,850","2,585.00","2,585.50","4,97,300"
22. April 2024,"9,814.50","9,905.00","1,21,200","2,792.50","2,814.50","2,56,175","2,654.00","2,660.50","5,00,000"
19. April 2024,"9,749.00","9,834.00","1,22,125","2,833.00","2,843.00","2,56,200","2,645.50","2,655.00","5,04,000"
18. April 2024,"9,617.00","9,706.50","1,22,925","2,812.50","2,814.00","2,57,050","2,600.00","2,592.00","5,09,250"
17. April 2024,"9,434.00","9,551.00","1,23,775","2,788.50","2,807.00","2,57,975","2,581.00","2,565.00","5,13,850"
16. April 2024,"9,377.00","9,490.00","1,23,875","2,703.00","2,725.50","2,58,250","2,512.00","2,535.00","5,17,350"
15. April 2024,"9,390.00","9,506.00","1,23,475","2,772.00","2,785.00","2,58,475","2,520.50","2,548.00","5,21,600"
12. April 2024,"9,402.00","9,535.00","1,24,425","2,848.00","2,837.00","2,58,475","2,443.00","2,496.00","5,23,100"
11. April 2024,"9,240.50","9,375.00","1,24,850","2,712.00","2,745.50","2,58,925","2,410.50","2,460.00","5,24,625"
10. April 2024,"9,365.00","9,490.00","1,23,475","2,731.50","2,768.00","2,58,925","2,429.00","2,485.00","5,26,075"
09. April 2024,"9,295.50","9,435.00","1,24,225","2,660.00","2,700.00","2,59,925","2,403.00","2,454.50","5,29,625"
08. April 2024,"9,301.00","9,419.00","1,14,275","2,627.00","2,663.50","2,60,125","2,417.00","2,462.00","5,33,150"
05. April 2024,"9,198.00","9,320.00","1,15,525","2,587.50","2,629.00","2,60,200","2,391.00","2,433.00","5,35,475"
04. April 2024,"9,257.00","9,370.00","1,12,525","2,551.50","2,603.50","2,61,975","2,394.50","2,440.00","5,36,850"
03. April 2024,"8,932.00","9,047.00","1,12,975","2,430.00","2,485.00","2,64,200","2,334.00","2,380.00","5,41,350"
02. April 2024,"8,920.00","9,024.00","1,11,925","2,437.00","2,489.00","2,70,525","2,322.50","2,363.00","5,51,400"
28. March 2024,"8,729.00","8,835.00","1,12,475","2,391.00","2,434.00","2,70,875","2,270.00","2,311.00","5,54,475"
27. March 2024,"8,696.00","8,806.00","1,13,100","2,366.00","2,416.00","2,63,550","2,238.00","2,287.00","5,56,525"
26. March 2024,"8,764.00","8,880.00","1,17,400","2,425.00","2,471.00","2,66,000","2,275.50","2,324.50","5,55,775"
25. March 2024,"8,745.00","8,858.00","1,17,900","2,437.00","2,484.00","2,69,375","2,267.50","2,319.00","5,59,600"
22. March 2024,"8,741.00","8,856.00","1,13,850","2,449.00","2,491.00","2,72,100","2,246.50","2,295.00","5,60,700"
21. March 2024,"8,873.50","8,988.00","1,11,325","2,501.00","2,547.00","2,72,925","2,264.00","2,312.00","5,64,050"
20. March 2024,"8,790.00","8,898.00","1,12,325","2,462.00","2,507.50","2,70,525","2,231.50","2,283.00","5,66,325"
19. March 2024,"8,875.00","8,980.00","1,06,700","2,467.00","2,508.00","2,67,200","2,202.50","2,255.00","5,66,425"
18. March 2024,"8,973.00","9,083.00","1,06,825","2,515.50","2,560.00","2,64,900","2,224.50","2,272.50","5,68,525"
15. March 2024,"8,906.50","9,013.00","1,07,300","2,524.00","2,568.00","2,64,125","2,218.50","2,271.50","5,71,775"
14. March 2024,"8,791.50","8,890.00","1,08,050","2,519.50","2,560.00","2,66,025","2,205.00","2,255.00","5,73,275"
13. March 2024,"8,727.00","8,824.00","1,08,925","2,524.00","2,565.00","2,67,750","2,224.00","2,270.00","5,72,925"
12. March 2024,"8,566.00","8,664.00","1,10,900","2,535.00","2,572.50","2,69,850","2,213.50","2,263.00","5,75,675"
11. March 2024,"8,522.00","8,620.00","1,10,850","2,516.00","2,553.00","2,71,950","2,202.00","2,243.00","5,77,675"
08. March 2024,"8,552.50","8,647.00","1,12,800","2,501.50","2,542.00","2,72,275","2,209.00","2,257.00","5,80,050"
07. March 2024,"8,559.00","8,647.00","1,13,525","2,495.00","2,530.00","2,72,575","2,210.00","2,255.50","5,80,325"
06. March 2024,"8,441.00","8,537.00","1,13,775","2,446.00","2,481.50","2,74,900","2,187.50","2,231.00","5,81,900"
05. March 2024,"8,429.50","8,523.00","1,14,075","2,418.00","2,457.00","2,75,150","2,191.50","2,234.00","5,83,700"
04. March 2024,"8,437.00","8,530.00","1,16,775","2,393.00","2,438.00","2,75,800","2,182.50","2,226.00","5,86,600"
01. March 2024,"8,394.00","8,479.00","1,21,375","2,362.50","2,408.00","2,75,950","2,183.50","2,222.00","5,89,075"
29. February 2024,"8,389.00","8,475.00","1,22,675","2,382.00","2,422.00","2,76,100","2,163.00","2,207.00","5,89,650"
28. February 2024,"8,340.50","8,439.50","1,24,825","2,342.00","2,390.00","2,68,050","2,130.00","2,181.00","5,91,675"
27. February 2024,"8,396.50","8,495.00","1,26,525","2,398.00","2,443.00","2,68,475","2,146.00","2,198.50","5,82,675"
26. February 2024,"8,373.00","8,478.00","1,27,825","2,380.00","2,424.00","2,68,600","2,140.50","2,185.50","5,81,800"
23. February 2024,"8,442.50","8,539.00","1,22,900","2,348.50","2,391.50","2,68,600","2,157.00","2,197.00","5,80,275"
22. February 2024,"8,482.00","8,575.00","1,22,775","2,358.00","2,403.00","2,68,700","2,178.50","2,223.50","5,60,675"
21. February 2024,"8,472.00","8,551.00","1,24,075","2,360.00","2,404.00","2,69,100","2,211.50","2,254.00","5,62,125"
20. February 2024,"8,366.50","8,449.00","1,25,925","2,327.00","2,372.00","2,69,400","2,147.50","2,183.50","5,64,675"
19. February 2024,"8,364.50","8,445.00","1,28,300","2,343.00","2,383.00","2,70,050","2,185.00","2,203.50","5,49,600"
16. February 2024,"8,322.00","8,410.00","1,30,675","2,342.00","2,370.00","2,64,825","2,203.00","2,232.00","5,34,925"
15. February 2024,"8,153.00","8,255.00","1,32,525","2,321.50","2,348.00","2,59,825","2,205.00","2,226.00","5,38,075"
14. February 2024,"8,133.50","8,234.00","1,33,825","2,285.50","2,311.00","2,54,825","2,194.00","2,223.00","5,25,100"
13. February 2024,"8,185.00","8,287.50","1,35,450","2,297.00","2,315.00","2,46,400","2,204.00","2,234.00","5,25,225"
12. February 2024,"8,085.50","8,191.00","1,36,300","2,295.00","2,312.50","2,38,275","2,188.00","2,216.00","5,25,250"
09. February 2024,"8,091.50","8,199.00","1,36,825","2,322.00","2,332.00","2,27,225","2,180.50","2,213.00","5,27,350"
08. February 2024,"8,202.00","8,304.00","1,36,825","2,374.00","2,383.00","2,16,675","2,214.50","2,238.00","5,29,350"
07. February 2024,"8,280.50","8,393.00","1,37,850","2,401.00","2,415.00","2,06,450","2,195.50","2,230.00","5,28,050"
06. February 2024,"8,280.00","8,385.00","1,38,800","2,417.00","2,427.50","1,96,775","2,184.50","2,221.00","5,26,750"
05. February 2024,"8,329.00","8,432.50","1,39,425","2,419.00","2,427.00","1,97,275","2,183.50","2,219.50","5,31,175"
02. February 2024,"8,400.00","8,515.00","1,40,225","2,463.00","2,468.00","1,98,325","2,209.50","2,246.00","5,33,475"
01. February 2024,"8,437.00","8,545.00","1,45,425","2,478.00","2,488.00","1,98,875","2,212.50","2,251.00","5,35,575"
31. January 2024,"8,513.00","8,625.00","1,46,475","2,551.50","2,556.00","1,99,425","2,232.00","2,270.50","5,37,575"
30. January 2024,"8,462.00","8,568.00","1,48,475","2,546.00","2,558.00","1,89,925","2,226.50","2,265.00","5,37,825"
29. January 2024,"8,421.00","8,525.00","1,50,350","2,566.00","2,567.00","1,90,925","2,214.00","2,251.00","5,42,750"
26. January 2024,"8,447.00","8,547.50","1,51,350","2,582.00","2,590.00","1,91,600","2,212.00","2,250.00","5,46,250"
25. January 2024,"8,486.00","8,579.00","1,55,175","2,595.00","2,596.00","1,93,475","2,188.50","2,230.00","5,45,050"
24. January 2024,"8,460.00","8,552.00","1,57,725","2,564.50","2,574.00","1,95,575","2,207.50","2,244.00","5,46,325"
23. January 2024,"8,283.50","8,382.00","1,59,575","2,496.00","2,506.00","1,97,600","2,145.00","2,185.50","5,48,325"
22. January 2024,"8,254.50","8,340.00","1,56,750","2,438.50","2,453.00","1,99,125","2,110.00","2,154.00","5,50,825"
19. January 2024,"8,275.00","8,355.00","1,57,875","2,459.00","2,471.00","2,02,050","2,122.00","2,164.50","5,55,225"
18. January 2024,"8,189.00","8,280.00","1,57,325","2,440.50","2,455.00","2,04,125","2,130.50","2,176.00","5,56,300"
17. January 2024,"8,230.00","8,323.00","1,54,075","2,487.00","2,506.00","2,05,700","2,142.00","2,189.50","5,57,675"
16. January 2024,"8,280.00","8,374.00","1,54,725","2,518.50","2,542.00","2,07,300","2,158.50","2,207.00","5,58,550"
15. January 2024,"8,238.50","8,340.00","1,55,025","2,535.00","2,556.50","2,09,200","2,153.00","2,205.00","5,58,550"
12. January 2024,"8,289.00","8,390.00","1,55,825","2,480.00","2,503.00","2,10,875","2,175.00","2,223.50","5,58,575"
11. January 2024,"8,332.00","8,426.00","1,57,325","2,508.00","2,526.50","2,13,675","2,203.00","2,245.00","5,60,575"
10. January 2024,"8,285.00","8,389.00","1,58,900","2,491.00","2,516.50","2,15,225","2,204.00","2,245.00","5,61,825"
09. January 2024,"8,301.50","8,407.50","1,60,550","2,503.00","2,528.00","2,16,800","2,200.00","2,247.00","5,65,275"
08. January 2024,"8,295.00","8,402.50","1,61,725","2,486.00","2,512.00","2,18,375","2,205.50","2,253.00","5,69,100"
05. January 2024,"8,346.50","8,450.00","1,63,175","2,514.00","2,540.00","2,20,050","2,215.50","2,263.00","5,58,175"
04. January 2024,"8,375.00","8,470.50","1,64,450","2,531.00","2,553.50","2,21,775","2,235.50","2,287.00","5,61,575"
03. January 2024,"8,381.00","8,482.00","1,65,700","2,573.00","2,594.00","2,23,325","2,255.50","2,302.00","5,65,175"
02. January 2024,"8,430.00","8,539.50","1,65,700","2,607.00","2,627.00","2,23,225","2,336.50","2,379.00","5,66,375"
29. December 2023,"8,476.00","8,580.00","1,67,300","2,640.50","2,654.00","2,24,825","2,335.50","2,382.00","5,49,050"
28. December 2023,"8,530.00","8,630.00","1,66,775","2,620.00","2,636.00","2,22,125","2,313.50","2,367.00","5,51,050"
27. December 2023,"8,511.50","8,615.00","1,65,050","2,605.50","2,618.00","2,27,375","2,293.50","2,346.00","5,23,725"
22. December 2023,"8,499.00","8,594.00","1,66,675","2,576.00","2,594.00","2,29,200","2,234.50","2,280.00","5,08,650"
21. December 2023,"8,460.00","8,550.00","1,65,450","2,553.50","2,564.00","2,30,750","2,180.00","2,233.00","5,08,150"
20. December 2023,"8,466.50","8,568.00","1,66,675","2,561.50","2,576.00","2,30,600","2,192.00","2,243.50","5,09,800"
19. December 2023,"8,439.00","8,526.00","1,68,650","2,556.50","2,556.00","2,07,150","2,215.50","2,272.50","5,11,450"
18. December 2023,"8,423.00","8,517.00","1,72,450","2,549.50","2,546.00","2,05,950","2,213.00","2,262.00","5,04,475"
15. December 2023,"8,471.00","8,563.00","1,75,550","2,524.00","2,522.00","2,08,475","2,196.00","2,249.00","4,44,625"
14. December 2023,"8,461.50","8,555.00","1,78,075","2,507.00","2,505.00","2,10,050","2,137.00","2,181.00","4,47,575"
13. December 2023,"8,205.00","8,302.00","1,79,550","2,417.00","2,426.00","2,11,075","2,083.00","2,124.00","4,49,525"
12. December 2023,"8,272.00","8,362.00","1,80,175","2,437.00","2,444.00","2,12,250","2,090.50","2,136.50","4,50,225"
11. December 2023,"8,275.50","8,362.00","1,82,200","2,374.50","2,388.00","2,15,000","2,082.50","2,127.00","4,52,375"
08. December 2023,"8,348.00","8,427.00","1,81,600","2,409.00","2,421.50","2,15,450","2,111.00","2,150.50","4,53,225"
07. December 2023,"8,221.00","8,305.00","1,82,750","2,411.50","2,421.00","2,18,550","2,099.00","2,140.00","4,42,500"
06. December 2023,"8,297.00","8,384.00","1,82,075","2,432.00","2,437.00","2,18,650","2,117.50","2,157.00","4,43,000"
05. December 2023,"8,259.00","8,348.50","1,80,550","2,421.00","2,430.00","2,21,075","2,121.50","2,162.50","4,46,150"
04. December 2023,"8,417.00","8,485.00","1,74,900","2,471.00","2,475.00","2,22,700","2,148.50","2,188.50","4,52,900"
01. December 2023,"8,456.00","8,535.00","1,74,250","2,465.50","2,475.00","2,24,275","2,147.50","2,185.00","4,54,375"
30. November 2023,"8,332.00","8,420.00","1,75,250","2,478.00","2,484.00","2,26,250","2,157.50","2,198.00","4,59,375"
29. November 2023,"8,384.00","8,473.00","1,74,950","2,508.00","2,519.00","2,26,800","2,178.00","2,218.50","4,64,375"
28. November 2023,"8,278.00","8,384.00","1,76,400","2,530.00","2,534.00","2,09,775","2,164.50","2,209.00","4,67,875"
27. November 2023,"8,281.00","8,389.00","1,77,800","2,548.50","2,551.00","2,10,825","2,177.00","2,221.50","4,71,875"
24. November 2023,"8,300.00","8,403.00","1,78,525","2,544.50","2,548.00","2,11,300","2,179.00","2,217.00","4,73,875"
23. November 2023,"8,307.50","8,410.00","1,78,500","2,522.00","2,525.00","2,11,750","2,183.00","2,221.00","4,76,300"
22. November 2023,"8,296.00","8,397.00","1,79,050","2,500.00","2,508.00","2,10,850","2,194.50","2,237.50","4,79,650"
21. November 2023,"8,324.00","8,422.00","1,79,025","2,537.50","2,543.00","1,42,750","2,201.50","2,240.00","4,76,875"
20. November 2023,"8,247.00","8,345.00","1,79,975","2,563.00","2,564.50","1,33,525","2,192.00","2,228.50","4,79,775"
17. November 2023,"8,141.00","8,243.00","1,81,275","2,569.00","2,565.00","1,33,050","2,165.00","2,203.50","4,81,775"
16. November 2023,"8,165.50","8,264.50","1,81,950","2,573.00","2,585.00","1,33,200","2,182.50","2,220.00","4,83,800"
15. November 2023,"8,169.00","8,266.00","1,84,250","2,647.00","2,649.50","68,125","2,205.00","2,233.00","4,85,825"
14. November 2023,"8,081.00","8,175.00","1,79,325","2,539.00","2,550.00","69,225","2,194.00","2,218.50","4,87,575"
13. November 2023,"8,014.50","8,096.00","1,79,925","2,538.00","2,550.00","69,225","2,220.50","2,224.00","4,79,650"
10. November 2023,"8,006.00","8,086.00","1,80,000","2,584.00","2,590.00","70,150","2,205.50","2,221.00","4,81,750"
09. November 2023,"8,030.50","8,110.00","1,77,225","2,592.00","2,600.00","72,475","2,228.00","2,236.50","4,59,100"
08. November 2023,"8,088.00","8,171.00","1,78,125","2,604.50","2,614.00","74,250","2,258.50","2,274.00","4,61,600"
07. November 2023,"8,068.00","8,152.00","1,78,750","2,538.00","2,554.00","75,925","2,241.00","2,264.00","4,64,100"
06. November 2023,"8,136.50","8,218.00","1,80,250","2,559.50","2,572.00","76,725","2,254.00","2,279.00","4,66,700"
03. November 2023,"8,070.50","8,162.00","1,80,600","2,494.00","2,505.00","78,575","2,219.50","2,242.00","4,68,700"
02. November 2023,"8,066.00","8,145.00","1,70,825","2,513.50","2,525.00","82,200","2,218.00","2,238.00","4,70,700"
01. November 2023,"8,041.00","8,126.00","1,74,400","2,480.00","2,477.00","82,700","2,230.50","2,241.50","4,72,700"
31. October 2023,"8,038.00","8,120.00","1,76,475","2,432.50","2,438.00","84,525","2,235.00","2,247.00","4,74,725"
30. October 2023,"8,110.00","8,186.00","1,78,400","2,463.50","2,473.00","81,600","2,252.00","2,258.00","4,76,725"
27. October 2023,"7,963.50","8,040.00","1,80,600","2,445.50","2,458.00","76,525","2,170.50","2,192.00","4,78,725"
26. October 2023,"7,939.00","8,013.00","1,82,900","2,432.00","2,436.50","78,375","2,202.50","2,216.00","4,80,250"
25. October 2023,"7,946.00","8,020.00","1,85,175","2,458.00","2,468.00","73,100","2,188.50","2,209.00","4,82,450"
24. October 2023,"7,900.50","7,971.00","1,87,475","2,416.50","2,427.00","74,650","2,146.50","2,172.00","4,84,450"
23. October 2023,"7,824.50","7,898.00","1,90,450","2,404.00","2,409.00","76,250","2,144.50","2,174.00","4,86,450"
20. October 2023,"7,876.00","7,945.00","1,91,925","2,415.50","2,420.50","78,125","2,152.00","2,178.00","4,88,450"
19. October 2023,"7,938.00","8,005.00","1,91,850","2,408.00","2,423.00","78,775","2,150.50","2,177.00","4,90,450"
18. October 2023,"7,947.50","8,023.00","1,91,675","2,431.00","2,450.00","80,325","2,176.50","2,185.50","4,92,775"
17. October 2023,"7,846.50","7,920.00","1,80,675","2,377.00","2,395.00","81,850","2,148.50","2,170.50","4,84,600"
16. October 2023,"7,920.00","7,993.50","1,81,000","2,434.50","2,457.00","83,450","2,161.50","2,191.50","4,86,600"
13. October 2023,"7,891.00","7,980.00","1,80,900","2,424.00","2,440.00","86,775","2,176.00","2,201.00","4,88,625"
12. October 2023,"7,995.00","8,070.00","1,81,150","2,445.50","2,478.00","87,025","2,180.50","2,208.00","4,90,650"
11. October 2023,"7,943.50","8,030.00","1,79,675","2,440.50","2,473.00","89,050","2,179.00","2,215.00","4,92,650"
10. October 2023,"7,907.50","7,983.00","1,71,525","2,437.00","2,465.00","90,900","2,199.00","2,230.00","4,92,650"
09. October 2023,"8,015.50","8,090.00","1,70,475","2,474.50","2,502.50","92,425","2,193.00","2,229.00","4,95,650"
06. October 2023,"7,887.00","7,968.50","1,70,175","2,472.50","2,500.00","94,375","2,208.00","2,239.00","4,97,650"
05. October 2023,"7,812.50","7,890.00","1,69,900","2,455.00","2,482.00","95,975","2,195.50","2,233.00","5,00,850"
04. October 2023,"7,910.50","7,986.50","1,68,425","2,502.00","2,524.00","97,525","2,231.00","2,271.00","5,02,850"
03. October 2023,"7,960.00","8,030.00","1,68,600","2,511.50","2,537.00","99,100","2,257.00","2,294.00","5,04,850"
02. October 2023,"8,100.50","8,172.00","1,69,300","2,602.00","2,618.00","1,02,775","2,286.50","2,317.00","4,86,775"
29. September 2023,"8,230.50","8,282.00","1,67,825","2,640.50","2,650.00","1,03,000","2,307.50","2,342.00","4,86,050"
28. September 2023,"8,112.00","8,168.50","1,67,825","2,559.50","2,579.50","1,05,375","2,232.00","2,265.00","4,90,275"
27. September 2023,"8,017.00","8,075.00","1,67,850","2,464.00","2,487.00","1,07,075","2,196.00","2,226.00","4,93,300"
26. September 2023,"8,066.00","8,131.00","1,66,850","2,508.00","2,528.00","1,07,525","2,195.00","2,238.50","4,94,300"
25. September 2023,"8,107.00","8,175.00","1,63,900","2,504.00","2,530.00","1,01,550","2,182.50","2,225.00","4,96,550"
22. September 2023,"8,188.00","8,255.00","1,62,900","2,532.50","2,557.00","1,05,400","2,199.50","2,240.00","4,82,300"
21. September 2023,"8,101.00","8,170.00","1,62,900","2,475.00","2,503.00","1,08,050","2,166.50","2,212.00","4,83,550"
20. September 2023,"8,277.00","8,336.00","1,55,700","2,511.50","2,544.00","1,11,600","2,202.00","2,247.00","4,86,150"
19. September 2023,"8,233.50","8,295.00","1,49,600","2,476.50","2,507.00","1,15,350","2,174.50","2,215.50","4,89,825"
18. September 2023,"8,320.00","8,388.00","1,47,575","2,493.00","2,528.00","1,18,650","2,165.00","2,206.00","4,92,575"
15. September 2023,"8,376.50","8,427.00","1,43,375","2,532.50","2,561.50","1,22,625","2,155.50","2,197.00","4,95,400"
14. September 2023,"8,423.00","8,465.00","1,43,375","2,551.00","2,575.00","1,27,450","2,192.50","2,235.00","4,98,525"
13. September 2023,"8,353.00","8,371.50","1,43,400","2,453.50","2,484.00","1,32,200","2,156.50","2,197.00","4,91,300"
12. September 2023,"8,337.50","8,365.00","1,35,650","2,474.00","2,500.00","1,38,400","2,153.00","2,199.00","4,93,875"
11. September 2023,"8,332.50","8,360.00","1,34,525","2,437.50","2,465.00","1,41,775","2,154.00","2,195.00","4,95,875"
08. September 2023,"8,225.00","8,242.00","1,34,125","2,406.00","2,430.00","1,43,425","2,132.50","2,181.00","4,99,475"
07. September 2023,"8,242.50","8,270.00","1,33,850","2,428.50","2,450.00","1,45,175","2,135.00","2,180.00","5,01,475"
06. September 2023,"8,395.00","8,412.00","1,10,400","2,435.50","2,461.00","1,48,400","2,158.00","2,206.00","5,02,400"
05. September 2023,"8,430.00","8,430.00","1,07,400","2,456.00","2,476.00","1,51,575","2,136.50","2,188.50","5,06,875"
04. September 2023,"8,406.00","8,426.00","1,07,425","2,455.00","2,477.00","1,53,575","2,149.50","2,197.00","5,06,400"
01. September 2023,"8,515.00","8,535.00","1,04,275","2,457.00","2,480.00","1,53,575","2,184.00","2,234.00","5,08,400"
31. August 2023,"8,359.50","8,380.50","1,02,900","2,412.50","2,425.50","1,53,975","2,165.50","2,204.00","5,15,750"
30. August 2023,"8,394.50","8,435.00","99,225","2,425.50","2,444.00","1,47,875","2,140.50","2,179.50","5,17,375"
29. August 2023,"8,375.00","8,396.00","97,650","2,420.00","2,429.00","1,49,025","2,116.50","2,160.00","5,24,025"
25. August 2023,"8,381.50","8,420.00","97,525","2,375.50","2,391.00","1,49,350","2,124.00","2,160.50","5,26,175"
24. August 2023,"8,358.50","8,394.00","96,625","2,363.00","2,386.00","1,49,800","2,119.50","2,163.00","5,27,550"
23. August 2023,"8,377.50","8,406.00","95,425","2,328.50","2,352.00","1,50,175","2,129.00","2,180.00","5,28,250"
22. August 2023,"8,342.00","8,373.00","95,425","2,336.00","2,355.00","1,46,975","2,121.50","2,174.00","5,29,775"
21. August 2023,"8,239.50","8,274.00","95,325","2,270.50","2,293.00","1,45,550","2,068.50","2,123.00","4,91,050"
18. August 2023,"8,176.00","8,211.00","92,200","2,261.00","2,282.00","1,45,975","2,096.00","2,139.00","4,83,550"
17. August 2023,"8,215.00","8,258.00","91,400","2,312.00","2,325.00","1,42,775","2,131.00","2,171.50","4,87,100"
16. August 2023,"8,132.00","8,194.00","90,875","2,282.00","2,290.00","1,41,750","2,089.00","2,144.00","4,88,600"
15. August 2023,"8,126.50","8,182.00","90,150","2,313.00","2,315.00","1,06,900","2,085.50","2,140.00","4,90,800"
14. August 2023,"8,242.00","8,297.00","85,375","2,357.00","2,345.00","92,175","2,096.00","2,146.50","4,91,750"
11. August 2023,"8,242.00","8,276.00","84,900","2,415.50","2,399.00","91,800","2,127.00","2,178.00","4,93,825"
10. August 2023,"8,423.50","8,464.50","83,000","2,477.00","2,453.00","91,575","2,161.50","2,213.00","4,96,150"
09. August 2023,"8,395.00","8,428.00","81,000","2,500.00","2,464.00","88,825","2,153.00","2,205.00","4,95,000"
08. August 2023,"8,276.00","8,325.00","80,300","2,448.00","2,425.00","90,000","2,143.00","2,195.00","4,98,900"
07. August 2023,"8,495.00","8,542.00","79,325","2,500.00","2,494.00","91,650","2,178.00","2,230.00","5,01,325"
04. August 2023,"8,450.50","8,505.00","79,325","2,482.00","2,482.00","94,900","2,166.00","2,211.00","5,03,325"
03. August 2023,"8,472.00","8,517.00","76,875","2,462.50","2,461.50","97,925","2,147.00","2,195.00","5,05,100"
02. August 2023,"8,545.00","8,589.00","75,275","2,527.00","2,535.00","99,225","2,176.50","2,227.00","5,02,775"
01. August 2023,"8,720.50","8,768.00","74,175","2,554.00","2,554.00","99,350","2,217.00","2,262.00","5,05,550"
31. July 2023,"8,635.50","8,670.50","68,350","2,550.00","2,540.00","99,675","2,195.50","2,242.00","5,07,400"
28. July 2023,"8,592.00","8,630.00","64,425","2,485.00","2,482.00","99,150","2,161.50","2,203.00","5,09,000"
27. July 2023,"8,578.50","8,620.00","62,250","2,485.00","2,487.00","96,075","2,176.00","2,220.00","5,11,000"
26. July 2023,"8,534.00","8,576.00","60,700","2,455.00","2,466.00","87,950","2,170.50","2,215.00","5,14,025"
25. July 2023,"8,597.00","8,628.00","60,775","2,447.00","2,456.00","88,625","2,184.00","2,226.50","5,16,975"
24. July 2023,"8,430.00","8,468.00","60,225","2,366.00","2,387.00","89,175","2,155.00","2,193.00","5,12,500"
21. July 2023,"8,422.00","8,449.00","59,900","2,358.00","2,380.00","90,725","2,153.50","2,197.50","5,13,400"
20. July 2023,"8,543.00","8,569.00","58,800","2,402.00","2,420.00","90,750","2,172.00","2,220.00","5,13,100"
19. July 2023,"8,354.00","8,384.00","59,325","2,350.00","2,367.50","90,825","2,142.00","2,186.50","5,14,300"
18. July 2023,"8,410.00","8,445.00","59,200","2,348.00","2,368.00","80,375","2,169.50","2,216.00","5,17,400"
17. July 2023,"8,460.50","8,468.00","59,175","2,354.00","2,382.00","69,725","2,195.00","2,245.00","5,20,800"
14. July 2023,"8,651.00","8,666.00","57,175","2,413.00","2,438.00","70,775","2,225.00","2,269.00","5,28,475"
13. July 2023,"8,585.00","8,586.00","54,225","2,462.00","2,481.50","71,750","2,236.00","2,279.00","5,32,100"
12. July 2023,"8,367.00","8,383.00","54,450","2,360.00","2,375.00","72,150","2,147.50","2,186.00","5,28,100"
11. July 2023,"8,371.00","8,388.00","57,075","2,361.00","2,379.00","72,925","2,129.00","2,179.50","5,31,725"
10. July 2023,"8,286.00","8,298.00","59,425","2,341.50","2,356.00","73,500","2,096.00","2,147.00","5,34,075"
07. July 2023,"8,299.00","8,312.00","62,975","2,337.50","2,348.50","73,975","2,086.00","2,131.00","5,35,075"
06. July 2023,"8,280.00","8,295.50","65,175","2,365.00","2,372.00","74,775","2,103.50","2,150.00","5,37,875"
05. July 2023,"8,251.00","8,270.00","67,200","2,357.00","2,359.50","76,475","2,093.00","2,147.00","5,39,700"
04. July 2023,"8,349.00","8,355.50","66,775","2,370.00","2,380.00","78,075","2,102.50","2,156.50","5,44,400"
03. July 2023,"8,355.00","8,355.00","69,700","2,361.50","2,374.00","80,275","2,107.00","2,147.00","5,42,050"
30. June 2023,"8,210.00","8,210.00","72,975","2,363.00","2,375.00","80,825","2,096.50","2,141.50","5,43,150"
29. June 2023,"8,165.50","8,175.00","75,425","2,326.00","2,334.50","80,925","2,105.50","2,152.00","5,31,225"
28. June 2023,"8,268.00","8,279.00","75,275","2,348.00","2,356.00","77,825","2,141.50","2,183.50","5,34,350"
27. June 2023,"8,367.00","8,360.00","77,050","2,362.00","2,376.00","78,250","2,151.50","2,191.50","5,36,425"
26. June 2023,"8,437.00","8,422.00","80,100","2,331.50","2,346.00","78,600","2,116.00","2,155.00","5,37,775"
23. June 2023,"8,490.00","8,478.00","79,300","2,362.50","2,379.00","78,775","2,132.50","2,175.00","5,40,975"
22. June 2023,"8,670.50","8,668.00","80,400","2,442.50","2,456.50","78,825","2,190.50","2,234.00","5,46,375"
21. June 2023,"8,490.00","8,498.00","84,725","2,338.00","2,359.00","79,825","2,157.00","2,205.00","5,50,925"
20. June 2023,"8,565.00","8,550.00","86,325","2,375.00","2,399.00","80,025","2,184.50","2,229.00","5,55,675"
19. June 2023,"8,542.00","8,550.00","88,425","2,431.50","2,437.00","80,100","2,195.00","2,245.00","5,59,925"
16. June 2023,"8,561.00","8,575.00","90,625","2,485.00","2,487.00","80,975","2,224.50","2,270.00","5,64,850"
15. June 2023,"8,479.00","8,482.50","79,525","2,461.00","2,461.00","82,725","2,197.00","2,237.00","5,69,075"
14. June 2023,"8,457.00","8,466.50","84,250","2,450.00","2,443.50","83,100","2,200.00","2,243.00","5,72,775"
13. June 2023,"8,421.50","8,444.00","89,300","2,382.00","2,382.00","84,875","2,193.50","2,236.00","5,75,325"
12. June 2023,"8,287.00","8,320.00","95,400","2,356.50","2,363.50","85,500","2,188.00","2,234.00","5,77,975"
09. June 2023,"8,368.00","8,391.00","97,650","2,397.00","2,403.00","85,800","2,221.00","2,266.00","5,78,300"
08. June 2023,"8,243.00","8,263.00","99,450","2,371.00","2,371.00","86,525","2,187.50","2,227.00","5,82,125"
07. June 2023,"8,352.00","8,354.00","1,00,100","2,382.00","2,380.50","86,625","2,169.00","2,215.00","5,89,450"
06. June 2023,"8,311.00","8,322.00","99,825","2,290.00","2,298.00","87,275","2,172.00","2,219.00","5,89,475"
05. June 2023,"8,265.00","8,263.00","98,950","2,271.00","2,278.00","87,450","2,216.00","2,255.00","5,85,050"
02. June 2023,"8,337.00","8,345.00","98,675","2,302.00","2,323.00","87,450","2,263.50","2,289.50","5,79,025"
01. June 2023,"8,210.50","8,227.00","99,525","2,271.00","2,286.50","87,450","2,281.00","2,253.00","5,78,825"
31. May 2023,"8,017.00","8,047.50","99,150","2,228.00","2,250.00","87,500","2,255.00","2,221.50","5,79,525"
30. May 2023,"8,122.00","8,142.00","99,700","2,323.50","2,342.00","74,325","2,230.00","2,225.00","5,86,525"
26. May 2023,"8,082.00","8,113.00","97,725","2,320.00","2,337.00","74,550","2,242.00","2,238.00","5,79,775"
25. May 2023,"7,922.00","7,960.00","96,950","2,224.00","2,236.50","63,450","2,236.00","2,226.00","5,75,475"
24. May 2023,"7,910.00","7,960.50","96,675","2,306.00","2,320.00","45,400","2,234.00","2,229.00","5,75,675"
23. May 2023,"7,961.00","8,037.00","95,025","2,362.50","2,373.00","45,775","2,202.00","2,227.00","5,75,875"
22. May 2023,"8,094.00","8,151.50","92,250","2,433.00","2,442.00","46,275","2,262.00","2,262.00","5,55,000"
19. May 2023,"8,222.00","8,272.00","91,975","2,491.00","2,500.00","46,975","2,300.00","2,297.00","5,55,200"
18. May 2023,"8,171.50","8,217.00","90,525","2,482.00","2,491.00","47,525","2,312.00","2,304.00","5,56,550"
17. May 2023,"8,176.00","8,209.00","86,625","2,521.50","2,532.00","47,250","2,269.00","2,273.50","5,59,000"
16. May 2023,"8,076.00","8,129.00","83,825","2,473.50","2,491.00","48,450","2,235.50","2,242.50","5,62,450"
15. May 2023,"8,287.00","8,334.00","76,875","2,558.00","2,574.00","49,050","2,260.50","2,268.00","5,68,200"
12. May 2023,"8,240.00","8,275.00","76,625","2,516.00","2,538.00","49,050","2,230.50","2,237.00","5,70,300"
11. May 2023,"8,267.00","8,295.00","75,950","2,575.00","2,590.00","49,350","2,229.00","2,237.00","5,69,975"
10. May 2023,"8,469.00","8,503.00","75,375","2,612.00","2,628.50","50,400","2,276.00","2,281.00","5,70,150"
09. May 2023,"8,583.00","8,607.00","71,675","2,658.00","2,675.00","51,225","2,321.00","2,327.00","5,61,450"
05. May 2023,"8,488.00","8,509.00","70,425","2,630.00","2,636.00","52,000","2,277.50","2,292.00","5,61,925"
04. May 2023,"8,539.00","8,557.00","67,775","2,611.00","2,615.00","52,125","2,297.00","2,308.00","5,63,300"
03. May 2023,"8,486.00","8,517.00","67,300","2,609.00","2,613.50","52,525","2,330.00","2,343.00","5,65,200"
02. May 2023,"8,573.00","8,593.00","66,350","2,620.00","2,620.00","52,925","2,353.00","2,355.00","5,66,200"
28. April 2023,"8,571.00","8,586.00","64,550","2,680.00","2,680.00","52,975","2,342.00","2,344.00","5,68,500"
27. April 2023,"8,465.50","8,488.00","62,675","2,610.00","2,611.50","53,325","2,302.00","2,310.00","5,70,300"
26. April 2023,"8,579.00","8,585.50","61,825","2,614.50","2,614.00","53,350","2,339.50","2,356.00","5,71,800"
25. April 2023,"8,521.00","8,552.00","60,775","2,618.00","2,629.00","53,350","2,313.00","2,332.00","5,69,600"
24. April 2023,"8,762.50","8,778.00","53,875","2,670.00","2,680.00","53,500","2,354.50","2,373.00","5,69,600"
21. April 2023,"8,816.00","8,826.00","51,875","2,739.00","2,744.50","53,500","2,388.50","2,400.00","5,71,400"
20. April 2023,"8,875.00","8,885.00","51,850","2,755.50","2,761.00","53,500","2,410.00","2,431.00","5,72,275"
19. April 2023,"8,875.00","8,888.00","51,175","2,767.00","2,766.00","49,075","2,382.00","2,402.00","5,73,575"
18. April 2023,"8,966.00","8,971.50","53,050","2,855.00","2,845.00","44,150","2,401.00","2,423.00","5,73,075"
17. April 2023,"8,985.00","8,983.00","51,775","2,846.00","2,834.50","44,150","2,364.50","2,371.00","5,28,350"
14. April 2023,"9,082.00","9,086.00","51,550","2,902.00","2,882.00","44,200","2,356.00","2,388.00","5,30,650"
13. April 2023,"9,001.50","8,995.00","54,425","2,830.00","2,818.00","44,200","2,330.00","2,365.00","5,30,775"
12. April 2023,"8,803.00","8,808.50","56,800","2,751.00","2,740.50","44,675","2,258.50","2,302.00","5,27,450"
11. April 2023,"8,837.50","8,842.00","62,275","2,784.00","2,763.00","44,700","2,268.00","2,308.00","5,12,725"
06. April 2023,"8,836.00","8,836.00","65,425","2,810.50","2,795.00","44,900","2,300.50","2,340.50","5,16,800"
05. April 2023,"8,780.00","8,785.00","65,250","2,848.00","2,832.00","44,900","2,306.00","2,354.00","5,16,825"
04. April 2023,"8,930.00","8,931.00","66,100","2,893.00","2,873.50","45,050","2,341.50","2,394.00","5,20,100"
03. April 2023,"8,966.00","8,970.00","63,850","2,937.00","2,908.00","45,050","2,380.50","2,430.00","5,23,900"
31. March 2023,"8,935.00","8,934.00","64,725","2,906.50","2,887.00","45,075","2,336.50","2,375.50","5,20,900"
30. March 2023,"9,038.50","9,039.00","69,525","2,980.00","2,957.00","39,125","2,344.00","2,388.00","5,25,275"
29. March 2023,"9,052.00","9,045.00","68,075","3,035.00","2,991.00","39,325","2,366.00","2,410.00","5,29,175"
28. March 2023,"8,934.00","8,949.00","68,400","2,937.00","2,907.00","39,550","2,315.00","2,361.00","5,32,025"
27. March 2023,"8,876.00","8,894.50","70,600","2,914.00","2,881.00","39,650","2,298.00","2,340.50","5,27,875"
24. March 2023,"8,927.00","8,932.00","72,675","2,900.00","2,885.00","39,650","2,265.00","2,313.00","5,32,725"
23. March 2023,"8,917.00","8,917.00","73,475","2,894.00","2,867.00","39,700","2,265.00","2,313.50","5,38,950"
22. March 2023,"8,880.50","8,875.00","74,600","2,888.00","2,865.00","39,750","2,232.00","2,282.50","5,41,325"
21. March 2023,"8,824.00","8,812.00","76,400","2,897.00","2,869.00","39,850","2,235.00","2,286.00","5,41,875"
20. March 2023,"8,677.00","8,672.00","76,925","2,925.00","2,901.00","37,375","2,237.50","2,283.00","5,46,200"
17. March 2023,"8,621.00","8,625.00","74,700","2,933.00","2,905.00","37,725","2,232.00","2,280.00","5,52,350"
16. March 2023,"8,535.00","8,537.00","74,975","2,864.00","2,852.00","37,775","2,237.50","2,287.00","5,30,550"
15. March 2023,"8,525.00","8,555.00","73,400","2,864.50","2,847.00","37,775","2,246.00","2,295.50","5,32,425"
14. March 2023,"8,905.00","8,904.00","70,175","2,954.00","2,938.00","37,900","2,272.00","2,321.00","5,36,450"
13. March 2023,"8,651.00","8,667.00","71,300","2,905.00","2,884.00","38,150","2,236.50","2,287.00","5,43,525"
10. March 2023,"8,755.00","8,771.00","71,725","2,941.00","2,923.50","38,450","2,249.00","2,297.50","5,48,375"
09. March 2023,"8,808.00","8,827.00","72,375","2,967.50","2,954.00","38,750","2,291.00","2,335.50","5,51,175"
08. March 2023,"8,810.00","8,825.00","73,350","2,990.00","2,972.00","39,075","2,288.50","2,336.00","5,54,300"
07. March 2023,"8,824.00","8,854.00","74,375","3,012.00","2,992.50","39,125","2,312.50","2,360.00","5,57,925"
06. March 2023,"8,819.00","8,845.50","72,400","3,030.00","3,007.00","34,850","2,321.50","2,368.00","5,62,325"
03. March 2023,"8,945.00","8,979.00","70,550","3,090.00","3,068.00","35,150","2,361.50","2,404.00","5,64,700"
02. March 2023,"8,896.00","8,922.00","64,225","3,075.00","3,059.00","35,750","2,366.50","2,411.00","5,46,825"
01. March 2023,"9,066.50","9,081.00","63,200","3,091.50","3,065.50","33,225","2,364.00","2,406.50","5,50,100"
28. February 2023,"8,844.00","8,852.00","64,100","3,042.50","2,997.00","33,350","2,300.00","2,346.00","5,54,900"
27. February 2023,"8,751.00","8,769.00","64,275","3,034.50","3,006.00","33,350","2,314.00","2,360.00","5,59,375"
24. February 2023,"8,807.00","8,826.50","63,775","3,021.00","2,989.50","33,400","2,307.00","2,356.00","5,63,600"
23. February 2023,"9,060.00","9,088.00","65,000","3,087.00","3,060.00","30,650","2,368.50","2,408.00","5,68,800"
22. February 2023,"9,121.00","9,132.00","65,425","3,106.50","3,076.00","31,025","2,385.50","2,429.00","5,74,025"
21. February 2023,"9,103.50","9,125.00","65,225","3,170.00","3,135.00","31,450","2,430.50","2,472.00","5,81,300"
20. February 2023,"9,015.00","9,044.00","65,500","3,110.00","3,075.50","29,475","2,392.00","2,430.00","5,85,750"
17. February 2023,"8,871.00","8,912.00","64,825","3,037.00","3,001.00","29,850","2,335.00","2,374.00","5,91,950"
16. February 2023,"8,892.00","8,932.00","64,975","3,035.00","3,007.00","29,850","2,341.50","2,382.00","5,97,825"
15. February 2023,"8,826.00","8,862.00","65,975","3,067.00","3,047.00","25,075","2,367.00","2,393.00","6,02,150"
14. February 2023,"8,931.50","8,958.00","63,800","3,134.00","3,116.00","25,325","2,391.00","2,420.00","6,01,600"
13. February 2023,"8,912.00","8,942.00","62,575","3,042.00","3,022.00","25,925","2,382.50","2,424.00","5,76,775"
10. February 2023,"8,905.00","8,933.00","63,100","3,119.00","3,096.00","26,250","2,435.00","2,466.00","4,86,925"
09. February 2023,"8,953.50","8,981.50","64,475","3,180.00","3,152.00","21,375","2,424.50","2,467.00","4,90,550"
08. February 2023,"9,006.00","9,033.00","65,100","3,202.00","3,158.50","19,425","2,469.00","2,508.00","4,95,750"
07. February 2023,"8,865.00","8,891.50","66,475","3,137.00","3,095.00","15,600","2,472.50","2,514.00","3,90,200"
06. February 2023,"8,891.50","8,927.00","67,450","3,200.00","3,170.00","16,225","2,486.50","2,527.00","3,92,200"
03. February 2023,"9,060.00","9,075.00","70,000","3,361.00","3,326.50","16,375","2,560.00","2,594.00","3,95,250"
02. February 2023,"9,114.00","9,135.50","72,450","3,350.00","3,325.00","16,475","2,572.50","2,609.00","3,99,600"
01. February 2023,"9,175.00","9,202.00","74,375","3,439.50","3,404.50","16,475","2,611.00","2,644.00","4,04,150"
31. January 2023,"9,075.00","9,105.00","75,225","3,409.00","3,382.00","17,250","2,533.50","2,574.00","4,07,325"
30. January 2023,"9,227.00","9,258.00","76,100","3,450.00","3,421.00","17,425","2,577.00","2,615.00","4,11,650"
27. January 2023,"9,345.50","9,365.00","73,975","3,509.00","3,486.00","17,675","2,597.00","2,638.00","4,15,525"
26. January 2023,"9,288.50","9,320.00","75,900","3,488.00","3,472.00","18,625","2,598.00","2,642.00","4,19,425"
25. January 2023,"9,258.00","9,289.00","77,100","3,440.00","3,422.00","18,625","2,606.00","2,638.50","3,81,550"
24. January 2023,"9,308.00","9,335.00","78,150","3,420.50","3,402.00","18,625","2,594.50","2,627.00","3,81,550"
23. January 2023,"9,340.50","9,360.00","78,300","3,436.50","3,424.00","18,625","2,593.00","2,619.50","3,75,950"
20. January 2023,"9,232.00","9,246.00","80,025","3,445.00","3,427.00","18,650","2,585.50","2,614.00","3,81,175"
19. January 2023,"9,190.00","9,194.50","81,600","3,372.00","3,360.00","19,150","2,541.00","2,571.00","3,85,850"
18. January 2023,"9,436.00","9,430.00","81,925","3,415.00","3,397.00","19,525","2,636.00","2,662.00","3,90,400"
17. January 2023,"9,114.00","9,124.00","83,325","3,286.00","3,275.50","20,000","2,562.50","2,587.00","3,95,150"
16. January 2023,"9,145.50","9,174.00","83,600","3,352.00","3,317.00","20,500","2,603.00","2,624.00","3,99,650"
13. January 2023,"9,107.00","9,131.00","83,850","3,301.50","3,281.50","20,975","2,511.00","2,546.00","4,03,250"
12. January 2023,"9,071.50","9,090.00","84,550","3,215.00","3,200.00","21,125","2,447.00","2,476.00","4,08,875"
11. January 2023,"8,987.00","8,995.00","84,800","3,175.50","3,164.00","21,675","2,451.00","2,487.00","4,13,700"
10. January 2023,"8,766.50","8,795.00","84,775","3,193.00","3,182.00","22,150","2,397.00","2,432.00","4,18,875"
09. January 2023,"8,722.00","8,746.00","85,150","3,154.00","3,134.00","22,850","2,336.50","2,370.00","4,22,075"
06. January 2023,"8,362.50","8,387.00","86,400","2,994.00","2,982.00","24,300","2,242.50","2,275.00","4,28,525"
05. January 2023,"8,420.00","8,438.00","87,775","3,040.00","3,014.00","25,800","2,270.00","2,304.00","4,36,500"
04. January 2023,"8,209.00","8,237.00","88,575","2,977.00","2,950.00","27,750","2,250.00","2,287.00","4,42,425"
03. January 2023,"8,390.00","8,408.00","88,550","3,004.00","2,970.00","30,475","2,337.50","2,369.00","4,47,250"
30. December 2022,"8,387.00","8,400.00","88,925","3,025.00","2,990.00","32,025","2,360.50","2,392.00","4,50,300"
29. December 2022,"8,395.00","8,405.00","86,025","3,019.00","3,000.00","33,825","2,371.50","2,399.00","4,53,375"
28. December 2022,"8,451.00","8,471.00","81,400","3,056.00","3,035.00","36,325","2,343.00","2,378.00","4,61,725"
23. December 2022,"8,308.50","8,326.00","81,475","2,985.00","2,964.00","36,350","2,342.00","2,373.00","4,66,600"
22. December 2022,"8,345.50","8,365.00","81,100","3,008.00","2,984.00","36,400","2,362.00","2,397.00","4,73,000"
21. December 2022,"8,327.00","8,355.00","81,350","3,065.50","3,037.00","36,450","2,357.00","2,392.00","4,81,175"
20. December 2022,"8,302.00","8,326.00","82,600","3,075.00","3,030.00","36,525","2,329.50","2,371.00","4,78,500"
19. December 2022,"8,331.00","8,366.00","83,575","3,060.00","3,027.00","36,575","2,327.00","2,364.00","4,79,525"
16. December 2022,"8,231.50","8,276.00","84,100","3,127.00","3,097.50","36,575","2,354.00","2,398.00","4,77,650"
15. December 2022,"8,383.00","8,422.00","83,725","3,235.00","3,215.00","36,575","2,396.00","2,430.00","4,83,850"
14. December 2022,"8,415.00","8,457.00","85,525","3,277.00","3,255.00","36,625","2,379.50","2,428.00","4,89,300"
13. December 2022,"8,381.00","8,433.00","81,875","3,289.00","3,265.00","36,650","2,388.00","2,428.00","4,96,425"
12. December 2022,"8,371.50","8,415.00","84,300","3,284.00","3,242.00","36,700","2,390.00","2,430.00","5,01,675"
09. December 2022,"8,490.50","8,525.00","85,425","3,247.00","3,219.00","37,200","2,453.50","2,488.00","4,71,575"
08. December 2022,"8,537.00","8,547.00","87,375","3,242.00","3,216.50","38,400","2,468.50","2,498.00","4,77,425"
07. December 2022,"8,334.00","8,375.00","88,475","3,140.00","3,113.00","38,575","2,450.50","2,477.00","4,83,575"
06. December 2022,"8,355.50","8,400.00","86,375","3,187.00","3,161.00","38,975","2,461.00","2,490.50","4,91,750"
05. December 2022,"8,440.00","8,470.00","86,725","3,120.50","3,115.50","39,750","2,485.00","2,517.00","4,95,550"
02. December 2022,"8,342.00","8,364.00","87,450","3,066.50","3,064.00","40,350","2,448.50","2,479.00","4,97,925"
01. December 2022,"8,216.50","8,251.00","88,275","3,056.50","3,050.50","41,225","2,430.50","2,460.50","4,99,150"
30. November 2022,"8,198.00","8,205.00","89,700","2,974.00","2,962.00","41,300","2,387.00","2,419.00","5,01,225"
29. November 2022,"8,035.50","8,055.00","90,900","2,956.00","2,948.00","41,425","2,341.50","2,382.00","5,03,150"
28. November 2022,"7,966.00","7,985.00","91,200","2,912.00","2,910.00","41,450","2,315.50","2,353.50","5,03,700"
25. November 2022,"8,070.00","8,104.00","90,750","2,925.00","2,932.00","41,450","2,346.00","2,381.00","5,06,275"
24. November 2022,"7,990.50","8,025.00","90,150","2,912.00","2,912.00","41,450","2,344.00","2,375.00","5,09,450"
23. November 2022,"7,962.00","8,000.00","91,525","2,892.00","2,902.00","41,975","2,364.00","2,391.00","5,13,275"
22. November 2022,"7,996.00","8,029.00","91,875","2,904.50","2,921.00","42,075","2,394.00","2,419.00","5,17,075"
21. November 2022,"7,900.50","7,940.00","91,250","2,932.00","2,941.00","42,425","2,344.00","2,368.00","5,22,000"
18. November 2022,"8,047.00","8,086.00","89,750","3,007.50","3,016.00","42,700","2,369.00","2,400.00","5,24,375"
17. November 2022,"8,155.00","8,186.50","89,925","3,000.00","3,004.00","42,750","2,342.50","2,371.00","5,28,250"
16. November 2022,"8,315.00","8,345.00","89,675","3,087.00","3,076.00","42,800","2,393.00","2,420.00","5,32,975"
15. November 2022,"8,343.00","8,379.00","89,975","3,145.00","3,128.00","43,125","2,410.00","2,445.00","5,38,825"
14. November 2022,"8,346.00","8,362.00","86,800","3,076.00","3,060.00","42,900","2,392.00","2,418.00","5,44,025"
11. November 2022,"8,441.00","8,437.00","77,875","3,006.50","2,990.00","42,975","2,410.00","2,426.00","5,49,275"
10. November 2022,"8,065.00","8,046.00","80,025","2,832.00","2,813.00","43,050","2,272.00","2,285.00","5,52,600"
09. November 2022,"8,035.00","8,011.00","80,975","2,890.00","2,877.00","43,625","2,338.00","2,355.00","5,58,825"
08. November 2022,"7,974.00","7,967.00","83,075","2,901.50","2,890.00","43,675","2,327.00","2,339.50","5,64,375"
07. November 2022,"7,954.50","7,936.00","84,550","2,885.00","2,862.00","43,850","2,292.00","2,302.00","5,70,775"
04. November 2022,"7,905.00","7,876.00","88,600","2,849.00","2,836.00","44,050","2,306.00","2,318.00","5,74,425"
03. November 2022,"7,510.00","7,485.00","93,975","2,682.00","2,666.00","44,175","2,216.00","2,242.00","5,77,875"
02. November 2022,"7,705.00","7,655.00","1,02,225","2,765.00","2,746.50","44,225","2,227.00","2,238.50","5,81,050"
01. November 2022,"7,745.00","7,675.00","1,06,425","2,787.00","2,751.00","44,825","2,245.50","2,254.00","5,83,975"
31. October 2022,"7,525.00","7,442.00","1,13,125","2,755.00","2,714.00","45,525","2,197.00","2,207.00","5,86,225"
28. October 2022,"7,663.50","7,610.00","1,19,375","2,914.00","2,877.00","47,400","2,226.00","2,236.00","5,87,425"
27. October 2022,"7,777.00","7,707.00","1,25,825","2,985.00","2,953.00","48,175","2,297.00","2,302.00","5,87,100"
26. October 2022,"7,762.50","7,668.00","1,30,800","2,977.00","2,937.00","48,925","2,265.50","2,262.00","5,74,075"
25. October 2022,"7,536.00","7,450.00","1,34,400","2,920.00","2,882.00","49,825","2,170.50","2,192.00","5,69,500"
24. October 2022,"7,661.00","7,562.00","1,34,700","3,011.00","2,964.00","50,575","2,160.00","2,179.00","5,69,525"
21. October 2022,"7,545.00","7,457.00","1,37,325","2,990.50","2,952.00","50,600","2,155.50","2,175.50","5,70,000"
20. October 2022,"7,585.50","7,505.50","1,36,700","2,944.00","2,917.00","50,925","2,214.00","2,228.00","5,68,275"
19. October 2022,"7,420.00","7,370.00","1,39,000","2,890.00","2,868.00","51,200","2,169.00","2,181.00","5,62,550"
18. October 2022,"7,536.00","7,490.00","1,43,825","2,868.00","2,850.00","51,225","2,200.50","2,216.50","4,81,375"
17. October 2022,"7,715.00","7,615.00","1,42,950","2,905.00","2,876.50","51,350","2,240.00","2,240.50","4,33,025"
14. October 2022,"7,688.00","7,585.50","1,45,650","2,960.50","2,925.00","51,500","2,309.00","2,303.00","3,67,200"
13. October 2022,"7,663.00","7,575.00","1,45,400","2,955.50","2,922.00","51,925","2,374.00","2,360.50","3,51,900"
12. October 2022,"7,625.50","7,565.00","1,45,525","2,972.00","2,945.00","53,100","2,227.00","2,220.00","3,36,275"
11. October 2022,"7,587.00","7,525.00","1,45,750","2,966.00","2,947.00","53,275","2,218.50","2,215.50","3,25,800"
10. October 2022,"7,655.00","7,586.50","1,43,775","3,011.00","2,995.00","53,300","2,274.00","2,278.00","3,27,675"
07. October 2022,"7,575.50","7,554.00","1,43,775","3,061.50","3,048.00","53,475","2,342.00","2,345.50","3,27,625"
06. October 2022,"7,744.00","7,706.00","1,40,200","3,096.00","3,071.00","53,325","2,355.00","2,360.00","3,28,850"
05. October 2022,"7,661.00","7,607.00","1,38,650","3,028.00","3,000.00","53,350","2,289.00","2,299.00","3,28,525"
04. October 2022,"7,596.00","7,545.00","1,36,750","2,989.00","2,967.50","53,425","2,261.50","2,272.00","3,28,600"
03. October 2022,"7,524.00","7,410.00","1,35,750","2,956.00","2,915.00","53,625","2,164.00","2,169.00","3,30,050"
30. September 2022,"7,647.00","7,540.50","1,35,250","2,986.00","2,955.50","53,625","2,180.00","2,197.00","3,32,175"
29. September 2022,"7,660.50","7,560.00","1,34,900","3,015.00","2,972.00","53,900","2,261.00","2,273.00","3,34,100"
28. September 2022,"7,353.00","7,291.50","1,33,550","2,830.00","2,812.00","53,775","2,080.00","2,103.00","3,35,625"
27. September 2022,"7,475.00","7,400.00","1,30,850","2,938.00","2,922.00","54,450","2,106.00","2,130.00","3,37,425"
26. September 2022,"7,449.00","7,350.00","1,29,000","2,944.00","2,931.00","59,500","2,125.50","2,145.50","3,38,850"
23. September 2022,"7,446.00","7,410.00","1,24,725","3,035.00","3,017.00","61,475","2,153.00","2,172.00","3,40,350"
22. September 2022,"7,815.00","7,737.00","1,22,775","3,131.50","3,121.00","63,850","2,195.50","2,215.50","3,41,650"
21. September 2022,"7,761.50","7,710.50","1,18,000","3,132.00","3,127.00","67,500","2,191.00","2,218.00","3,43,325"
20. September 2022,"7,796.00","7,755.00","1,07,150","3,201.50","3,180.00","69,850","2,245.50","2,266.00","3,46,025"
19. September 2022,"7,772.00","7,703.00","1,05,075","3,145.00","3,114.00","75,675","2,232.00","2,247.00","3,46,325"
16. September 2022,"7,792.00","7,660.50","1,02,000","3,124.00","3,087.00","75,700","2,259.00","2,267.00","3,47,650"
15. September 2022,"7,806.00","7,726.00","1,03,225","3,225.00","3,205.00","76,100","2,272.00","2,282.00","3,49,650"
14. September 2022,"7,865.00","7,790.00","1,03,025","3,215.00","3,190.00","76,375","2,227.50","2,244.00","3,45,600"
13. September 2022,"8,230.00","8,095.00","1,03,650","3,319.50","3,299.00","76,425","2,309.50","2,326.50","3,32,900"
12. September 2022,"8,026.00","7,945.00","1,05,425","3,248.00","3,228.00","76,850","2,288.50","2,309.50","3,34,375"
09. September 2022,"7,985.00","7,920.00","1,05,450","3,222.50","3,195.50","77,025","2,280.00","2,290.00","3,35,275"
08. September 2022,"7,906.00","7,798.00","1,02,725","3,192.00","3,161.00","77,275","2,256.00","2,268.00","3,09,025"
07. September 2022,"7,730.00","7,645.00","1,03,300","3,171.00","3,130.00","77,350","2,230.50","2,238.00","3,09,500"
06. September 2022,"7,707.00","7,651.00","1,06,000","3,217.00","3,166.00","77,400","2,260.00","2,263.00","3,08,375"
05. September 2022,"7,652.50","7,606.00","1,08,450","3,265.00","3,214.00","77,475","2,290.50","2,290.00","2,77,050"
02. September 2022,"7,587.00","7,517.00","1,10,550","3,144.50","3,106.00","77,500","2,309.00","2,301.00","2,76,050"
01. September 2022,"7,702.00","7,665.00","1,14,325","3,300.00","3,234.00","77,150","2,306.00","2,301.50","2,76,375"
31. August 2022,"7,721.00","7,701.00","1,18,500","3,540.00","3,455.00","77,050","2,368.50","2,357.00","2,77,050"
30. August 2022,"7,910.50","7,876.00","1,21,000","3,592.00","3,500.00","76,975","2,406.50","2,405.00","2,80,475"
26. August 2022,"8,315.00","8,280.50","1,20,525","3,678.00","3,598.00","77,050","2,495.00","2,485.50","2,78,025"
25. August 2022,"8,155.00","8,120.00","1,22,125","3,622.00","3,544.00","77,125","2,442.50","2,427.50","2,80,125"
24. August 2022,"8,031.50","8,022.00","1,23,275","3,561.00","3,490.00","77,175","2,422.00","2,414.00","2,82,075"
23. August 2022,"8,100.50","8,051.00","1,22,375","3,520.00","3,455.50","76,425","2,438.50","2,417.00","2,71,450"
22. August 2022,"8,041.00","7,991.00","1,22,575","3,550.00","3,489.00","74,725","2,387.50","2,380.50","2,73,325"
19. August 2022,"8,051.00","8,037.00","1,23,825","3,532.00","3,485.00","74,725","2,376.00","2,373.50","2,73,775"
18. August 2022,"8,020.00","8,016.00","1,26,475","3,574.00","3,507.00","74,950","2,412.00","2,414.00","2,74,525"
17. August 2022,"7,955.00","7,962.00","1,28,875","3,635.50","3,556.00","75,000","2,414.00","2,413.00","2,76,875"
16. August 2022,"7,992.00","8,005.00","1,29,475","3,877.00","3,798.00","75,175","2,442.00","2,443.00","2,75,625"
15. August 2022,"7,865.50","7,870.50","1,30,550","3,621.00","3,532.00","74,200","2,389.50","2,385.00","2,75,725"
12. August 2022,"8,065.00","8,072.00","1,31,850","3,672.00","3,580.00","74,500","2,468.50","2,466.00","2,77,225"
11. August 2022,"8,140.00","8,150.00","1,31,575","3,727.00","3,613.00","74,600","2,498.00","2,493.00","2,79,125"
10. August 2022,"7,976.00","7,984.50","1,26,525","3,632.00","3,522.00","74,100","2,462.50","2,449.00","2,82,700"
09. August 2022,"7,971.50","7,977.00","1,26,975","3,577.00","3,467.00","73,275","2,488.00","2,473.50","2,84,275"
08. August 2022,"7,835.00","7,855.00","1,27,850","3,507.00","3,421.00","73,550","2,435.50","2,434.00","2,87,425"
05. August 2022,"7,830.50","7,840.00","1,28,600","3,550.00","3,440.50","73,925","2,447.50","2,441.00","2,89,125"
04. August 2022,"7,642.00","7,653.00","1,29,575","3,431.00","3,326.00","70,000","2,374.00","2,373.00","2,90,675"
03. August 2022,"7,774.00","7,783.50","1,30,250","3,355.00","3,269.00","66,925","2,403.00","2,401.00","2,94,550"
02. August 2022,"7,819.00","7,805.00","1,30,975","3,445.00","3,339.50","68,050","2,448.50","2,437.00","2,96,650"
01. August 2022,"7,930.50","7,940.50","1,31,275","3,405.50","3,292.50","69,725","2,469.50","2,448.00","2,88,125"
29. July 2022,"7,800.50","7,792.00","1,30,575","3,351.00","3,262.00","70,500","2,452.00","2,438.00","2,91,025"
28. July 2022,"7,712.00","7,720.00","1,31,700","3,246.00","3,142.00","70,800","2,458.00","2,446.00","2,95,325"
27. July 2022,"7,552.00","7,570.00","1,32,500","3,116.00","3,030.00","71,825","2,390.50","2,386.50","2,99,700"
26. July 2022,"7,591.50","7,620.00","1,32,025","3,140.00","3,048.00","72,250","2,437.00","2,427.00","3,04,125"
25. July 2022,"7,448.00","7,467.00","1,33,175","3,050.00","2,979.00","72,525","2,431.50","2,432.00","3,08,050"
22. July 2022,"7,372.00","7,393.00","1,33,925","3,045.00","2,978.00","72,475","2,460.00","2,457.50","3,13,175"
21. July 2022,"7,231.50","7,255.00","1,33,550","3,005.00","2,937.00","72,825","2,426.00","2,425.00","3,17,275"
20. July 2022,"7,371.00","7,406.00","1,35,575","3,090.00","3,013.00","73,425","2,456.50","2,448.00","3,20,675"
19. July 2022,"7,281.50","7,305.50","1,36,200","3,045.00","2,958.00","73,250","2,412.00","2,420.50","3,25,075"
18. July 2022,"7,320.00","7,351.00","1,30,275","3,032.00","2,989.00","74,675","2,377.50","2,392.00","3,28,500"
15. July 2022,"7,000.00","7,005.00","1,30,425","2,921.00","2,858.00","77,850","2,320.50","2,336.00","3,33,000"
14. July 2022,"7,216.00","7,237.00","1,29,250","2,972.00","2,895.00","79,475","2,329.00","2,340.00","3,36,850"
13. July 2022,"7,267.00","7,275.50","1,30,975","3,060.50","2,988.00","82,200","2,343.00","2,355.50","3,40,300"
12. July 2022,"7,370.50","7,403.00","1,31,775","3,137.00","3,023.00","82,675","2,358.00","2,370.50","3,40,375"
11. July 2022,"7,623.00","7,645.00","1,33,100","3,122.00","3,055.00","82,775","2,417.00","2,423.00","3,43,825"
08. July 2022,"7,790.00","7,807.00","1,33,025","3,151.00","3,070.00","82,875","2,399.50","2,414.50","3,47,175"
07. July 2022,"7,835.00","7,866.00","1,35,350","3,162.00","3,105.00","83,025","2,417.50","2,435.00","3,53,175"
06. July 2022,"7,525.50","7,540.00","1,35,775","3,060.00","2,995.00","83,150","2,358.00","2,380.00","3,58,125"
05. July 2022,"7,807.00","7,817.00","1,36,400","3,041.00","3,007.50","83,150","2,374.00","2,387.50","3,62,525"
04. July 2022,"8,036.00","8,045.00","1,36,950","3,170.00","3,110.00","83,325","2,431.50","2,452.00","3,66,150"
01. July 2022,"7,975.50","7,982.00","1,26,850","3,125.00","3,057.00","82,800","2,384.00","2,400.00","3,69,675"
30. June 2022,"8,245.00","8,245.00","1,24,275","3,251.50","3,232.00","81,075","2,397.00","2,421.00","3,73,275"
29. June 2022,"8,446.00","8,450.00","1,23,825","3,410.00","3,370.00","81,075","2,452.00","2,470.50","3,76,925"
28. June 2022,"8,502.00","8,505.00","1,24,625","3,449.50","3,378.00","81,525","2,500.00","2,520.00","3,80,675"
27. June 2022,"8,353.00","8,357.00","1,24,850","3,450.00","3,360.00","81,725","2,453.00","2,480.00","3,84,800"
24. June 2022,"8,280.50","8,292.00","1,13,025","3,540.00","3,384.50","79,175","2,436.00","2,450.50","3,88,750"
23. June 2022,"8,578.00","8,600.00","1,13,475","3,677.00","3,477.00","79,900","2,480.00","2,494.00","3,92,275"
22. June 2022,"8,729.00","8,730.00","1,14,175","3,699.50","3,551.00","78,600","2,455.50","2,470.00","3,95,575"
21. June 2022,"9,000.00","9,005.00","1,15,150","3,721.00","3,625.00","78,550","2,519.50","2,532.00","3,98,925"
20. June 2022,"8,875.00","8,865.00","1,17,025","3,572.00","3,509.00","79,425","2,462.00","2,481.00","4,04,450"
17. June 2022,"9,101.00","9,100.00","1,18,025","3,580.00","3,532.00","80,275","2,474.00","2,502.00","4,07,875"
16. June 2022,"9,105.00","9,105.00","1,21,000","3,636.00","3,578.00","79,575","2,500.50","2,525.00","4,11,575"
15. June 2022,"9,257.00","9,262.00","1,21,525","3,701.00","3,654.00","80,125","2,580.00","2,594.50","4,16,125"
14. June 2022,"9,263.00","9,275.00","1,19,875","3,661.00","3,613.00","81,950","2,588.00","2,611.00","4,20,675"
13. June 2022,"9,290.00","9,284.00","1,17,975","3,607.00","3,589.00","82,500","2,589.50","2,606.00","4,23,975"
10. June 2022,"9,537.00","9,540.50","1,17,750","3,755.00","3,738.00","83,800","2,695.00","2,710.00","4,27,350"
09. June 2022,"9,630.00","9,624.00","1,18,175","3,792.00","3,771.00","84,800","2,752.50","2,786.00","4,30,050"
08. June 2022,"9,692.00","9,692.00","1,16,900","3,822.00","3,807.00","86,150","2,765.50","2,798.00","4,34,000"
07. June 2022,"9,612.00","9,612.00","1,20,775","3,745.50","3,747.00","86,875","2,715.00","2,745.00","4,41,725"
06. June 2022,"9,712.00","9,720.00","1,40,975","3,913.00","3,895.00","88,075","2,742.00","2,774.00","4,50,500"
01. June 2022,"9,455.00","9,455.00","1,45,950","3,896.00","3,877.00","83,575","2,701.50","2,730.00","4,53,875"
31. May 2022,"9,500.50","9,510.00","1,49,200","3,978.00","3,952.00","84,675","2,816.50","2,850.00","4,58,875"
30. May 2022,"9,520.50","9,531.00","1,54,650","3,976.00","3,950.00","84,700","2,863.00","2,891.00","4,65,700"
27. May 2022,"9,383.00","9,395.00","1,56,175","3,815.00","3,786.00","85,850","2,823.00","2,847.00","4,71,075"
26. May 2022,"9,359.00","9,365.00","1,62,425","3,744.00","3,736.50","86,600","2,825.50","2,857.00","4,75,650"
25. May 2022,"9,287.00","9,315.00","1,68,150","3,750.00","3,733.00","85,050","2,829.50","2,858.00","4,81,650"
24. May 2022,"9,460.50","9,437.00","1,70,650","3,769.00","3,756.00","85,650","2,881.00","2,908.00","4,87,475"
23. May 2022,"9,500.50","9,485.00","1,71,075","3,777.00","3,760.00","86,000","2,963.00","2,975.00","4,97,250"
20. May 2022,"9,477.00","9,461.00","1,74,600","3,755.00","3,740.00","86,625","2,931.00","2,935.00","5,04,275"
19. May 2022,"9,287.00","9,278.00","1,78,550","3,647.50","3,636.00","86,800","2,826.00","2,840.00","5,11,675"
18. May 2022,"9,264.50","9,262.00","1,80,925","3,646.50","3,635.00","87,100","2,845.00","2,875.00","5,18,900"
17. May 2022,"9,396.00","9,381.00","1,76,575","3,687.00","3,683.00","86,125","2,836.00","2,858.00","5,27,375"
16. May 2022,"9,270.00","9,227.00","1,76,550","3,583.50","3,578.00","86,225","2,791.00","2,822.00","5,32,500"
13. May 2022,"9,064.00","9,060.00","1,77,000","3,500.00","3,492.00","86,550","2,723.00","2,750.00","5,39,800"
12. May 2022,"9,018.50","9,005.00","1,76,875","3,541.00","3,525.00","86,375","2,688.00","2,723.00","5,46,350"
11. May 2022,"9,367.00","9,356.00","1,75,875","3,660.00","3,646.00","88,475","2,737.00","2,772.00","5,53,925"
10. May 2022,"9,350.00","9,341.00","1,67,825","3,642.00","3,630.00","89,300","2,677.00","2,715.00","5,60,275"
09. May 2022,"9,160.00","9,162.00","1,69,175","3,655.00","3,647.00","92,575","2,708.00","2,750.00","5,68,250"
06. May 2022,"9,428.00","9,425.00","1,70,025","3,829.00","3,807.00","94,375","2,832.50","2,870.00","5,71,800"
05. May 2022,"9,541.00","9,541.00","1,68,800","3,993.00","3,962.00","93,175","2,917.00","2,947.00","5,73,600"
04. May 2022,"9,474.00","9,481.00","1,54,475","3,955.00","3,928.00","94,075","2,929.00","2,962.50","5,73,975"
03. May 2022,"9,511.00","9,525.00","1,56,225","4,045.00","3,993.00","95,350","2,911.50","2,945.00","5,77,650"
29. April 2022,"9,820.50","9,822.00","1,56,050","4,212.00","4,164.00","95,350","3,039.00","3,044.00","5,70,100"
28. April 2022,"9,812.00","9,805.00","1,50,850","4,230.50","4,178.00","96,275","3,065.50","3,083.50","5,71,625"
27. April 2022,"9,910.00","9,895.00","1,48,500","4,319.50","4,251.00","98,900","3,100.00","3,117.00","5,74,550"
26. April 2022,"9,912.50","9,918.50","1,35,175","4,315.00","4,242.00","1,01,250","3,102.50","3,118.00","5,79,600"
25. April 2022,"9,919.00","9,915.00","1,37,275","4,279.50","4,220.00","1,01,725","3,090.00","3,105.00","5,84,050"
22. April 2022,"10,230.50","10,235.00","1,37,775","4,515.00","4,455.00","1,03,250","3,244.00","3,261.00","5,86,000"
21. April 2022,"10,268.00","10,282.00","1,30,500","4,485.00","4,420.00","1,06,125","3,262.00","3,276.00","5,89,725"
20. April 2022,"10,215.00","10,250.00","1,28,775","4,510.00","4,446.00","1,08,850","3,240.00","3,250.00","5,92,175"
19. April 2022,"10,381.00","10,391.50","1,18,825","4,530.00","4,457.00","1,13,750","3,312.00","3,326.00","6,03,650"
14. April 2022,"10,277.00","10,310.00","1,10,675","4,472.00","4,432.00","1,15,600","3,237.50","3,266.00","6,08,000"
13. April 2022,"10,290.50","10,306.00","1,07,000","4,515.00","4,460.00","1,17,850","3,207.00","3,238.50","6,12,275"
12. April 2022,"10,201.00","10,226.00","1,04,350","4,345.00","4,298.00","1,20,825","3,214.50","3,245.00","6,10,775"
11. April 2022,"10,235.50","10,254.00","1,05,600","4,372.00","4,305.00","1,23,675","3,234.50","3,251.00","6,09,850"
08. April 2022,"10,390.00","10,380.00","1,03,775","4,280.00","4,250.00","1,25,675","3,395.00","3,423.00","6,15,750"
07. April 2022,"10,292.00","10,301.00","1,01,275","4,250.00","4,222.00","1,27,675","3,346.00","3,374.00","6,19,775"
06. April 2022,"10,350.50","10,373.00","94,925","4,306.00","4,274.00","1,30,425","3,443.50","3,467.00","6,19,875"
05. April 2022,"10,426.00","10,450.00","95,975","4,310.00","4,270.00","1,34,125","3,415.00","3,441.00","6,23,325"
04. April 2022,"10,301.50","10,324.00","94,800","4,471.00","4,410.00","1,37,675","3,444.00","3,461.00","6,29,775"
01. April 2022,"10,247.00","10,260.00","93,975","4,332.00","4,264.00","1,39,950","3,483.00","3,499.00","6,35,975"
31. March 2022,"10,337.00","10,335.00","91,400","4,260.00","4,152.00","1,41,925","3,503.00","3,518.00","6,46,850"
30. March 2022,"10,390.50","10,392.00","87,925","4,134.50","4,117.00","1,42,100","3,508.00","3,527.00","6,54,475"
29. March 2022,"10,350.00","10,356.00","81,500","4,101.00","4,086.00","1,42,250","3,583.00","3,608.00","6,63,225"
28. March 2022,"10,227.00","10,230.00","80,550","4,064.00","4,055.00","1,42,475","3,606.00","3,616.00","6,71,025"
25. March 2022,"10,280.00","10,310.00","80,600","4,073.00","4,055.50","1,42,625","3,583.00","3,590.50","6,78,100"
24. March 2022,"10,421.00","10,435.00","80,675","4,140.00","4,097.00","1,42,950","3,664.00","3,675.50","6,84,250"
23. March 2022,"10,311.00","10,317.00","79,975","4,018.00","4,000.00","1,43,175","3,560.00","3,560.00","6,89,575"
22. March 2022,"10,342.00","10,355.00","80,100","3,945.00","3,928.00","1,43,325","3,550.50","3,550.50","6,95,825"
21. March 2022,"10,173.00","10,191.00","80,150","3,896.00","3,902.00","1,42,975","3,518.00","3,525.00","7,04,850"
18. March 2022,"10,249.00","10,240.00","79,500","3,850.00","3,844.00","1,43,325","3,380.50","3,400.00","7,15,225"
17. March 2022,"10,166.00","10,171.00","77,600","3,805.00","3,804.00","1,44,025","3,288.00","3,317.00","7,24,700"
16. March 2022,"10,100.50","10,121.00","77,475","3,821.00","3,827.00","1,44,200","3,306.00","3,327.00","7,33,900"
15. March 2022,"9,826.00","9,865.00","77,525","3,771.00","3,782.00","1,44,425","3,217.50","3,254.00","7,42,200"
14. March 2022,"9,880.00","9,925.00","78,000","3,782.00","3,801.00","1,40,525","3,399.00","3,411.00","7,52,850"
11. March 2022,"10,145.00","10,166.00","74,200","3,835.00","3,841.00","1,40,725","3,472.00","3,500.00","7,55,950"
10. March 2022,"10,144.00","10,172.00","71,900","3,961.00","3,975.00","1,40,950","3,535.00","3,531.00","7,62,775"
09. March 2022,"10,052.00","10,070.00","71,875","3,940.00","3,961.00","1,41,050","3,532.00","3,535.00","7,71,175"
08. March 2022,"10,171.00","10,250.50","69,600","4,091.00","4,100.00","1,41,250","3,500.50","3,516.00","7,79,350"
07. March 2022,"10,730.00","10,720.00","70,250","4,248.00","4,207.00","1,41,525","3,984.50","3,968.00","7,86,475"
04. March 2022,"10,466.00","10,440.00","69,825","4,024.50","4,000.00","1,42,550","3,851.00","3,820.00","7,94,150"
03. March 2022,"10,470.00","10,420.00","71,375","3,985.00","3,973.00","1,42,725","3,728.50","3,704.00","8,01,100"
02. March 2022,"10,257.50","10,220.50","72,075","3,927.00","3,894.00","1,43,175","3,605.00","3,570.00","8,09,750"
01. March 2022,"9,976.00","9,948.00","72,875","3,737.00","3,722.00","1,43,900","3,495.50","3,464.00","8,14,275"
28. February 2022,"9,974.00","9,945.00","73,025","3,705.00","3,672.00","1,44,100","3,450.00","3,447.00","8,24,025"
25. February 2022,"9,920.00","9,862.00","74,875","3,640.00","3,619.00","1,44,400","3,355.50","3,314.00","8,23,125"
24. February 2022,"9,983.00","9,935.00","74,750","3,670.00","3,649.00","1,45,775","3,519.00","3,445.00","8,24,150"
23. February 2022,"10,005.00","9,965.00","74,325","3,615.50","3,604.00","1,46,200","3,323.50","3,290.00","8,33,900"
22. February 2022,"10,020.00","9,951.00","74,475","3,628.00","3,603.00","1,46,650","3,420.00","3,366.50","8,35,125"
21. February 2022,"9,960.00","9,910.00","74,375","3,600.00","3,574.00","1,47,350","3,315.00","3,270.00","8,43,475"
18. February 2022,"10,015.00","9,975.00","74,075","3,668.50","3,630.00","1,47,775","3,314.00","3,265.00","8,49,275"
17. February 2022,"10,010.00","9,900.00","74,275","3,621.00","3,602.00","1,48,475","3,294.00","3,241.00","8,55,525"
16. February 2022,"10,045.50","10,010.00","75,275","3,634.00","3,615.00","1,49,350","3,282.00","3,242.00","8,57,225"
15. February 2022,"10,020.00","9,960.00","70,125","3,613.00","3,607.00","1,50,725","3,223.00","3,195.00","8,60,250"
14. February 2022,"9,882.00","9,840.00","72,225","3,631.00","3,630.00","1,51,525","3,306.00","3,232.00","8,68,950"
11. February 2022,"10,040.00","10,000.00","74,100","3,673.00","3,674.00","1,51,900","3,200.00","3,180.00","8,75,250"
10. February 2022,"10,220.50","10,181.00","76,325","3,738.00","3,730.00","1,52,200","3,313.00","3,287.00","8,80,975"
09. February 2022,"9,881.00","9,841.00","77,325","3,633.50","3,628.00","1,52,700","3,248.00","3,225.50","7,61,950"
08. February 2022,"9,760.00","9,718.00","79,925","3,653.00","3,642.00","1,53,875","3,245.00","3,195.50","7,67,700"
07. February 2022,"9,850.00","9,815.00","80,025","3,623.00","3,616.00","1,54,325","3,148.00","3,111.00","7,68,250"
04. February 2022,"9,875.00","9,835.00","82,225","3,635.00","3,625.00","1,54,950","3,087.00","3,065.00","7,75,475"
03. February 2022,"9,785.00","9,755.00","82,400","3,618.00","3,612.00","1,54,200","3,058.50","3,035.00","7,81,900"
02. February 2022,"9,880.00","9,845.00","84,875","3,650.00","3,633.00","1,54,650","3,043.00","3,028.00","7,82,225"
01. February 2022,"9,701.00","9,661.00","86,500","3,635.00","3,606.00","1,54,850","3,072.00","3,049.00","7,88,425"
31. January 2022,"9,620.00","9,539.00","87,650","3,675.00","3,645.00","1,55,075","3,076.00","3,052.00","7,99,475"
28. January 2022,"9,678.00","9,622.00","90,125","3,644.00","3,617.00","1,55,400","3,110.00","3,085.50","8,11,050"
27. January 2022,"9,872.00","9,835.00","91,350","3,649.00","3,620.00","1,56,525","3,107.00","3,096.00","8,23,525"
26. January 2022,"9,965.00","9,926.50","93,250","3,645.00","3,616.00","1,57,550","3,093.00","3,080.00","8,35,000"
25. January 2022,"9,744.00","9,710.00","96,675","3,615.00","3,591.00","1,59,925","3,064.00","3,061.00","8,45,625"
24. January 2022,"9,800.00","9,775.00","97,575","3,642.00","3,597.00","1,62,500","3,044.50","3,031.00","8,59,800"
21. January 2022,"9,970.00","9,922.00","99,775","3,686.00","3,642.00","1,67,650","3,079.50","3,061.00","8,65,950"
20. January 2022,"9,925.00","9,906.00","98,725","3,674.00","3,645.00","1,72,375","3,109.50","3,082.00","8,73,650"
19. January 2022,"9,801.00","9,785.00","98,750","3,602.00","3,565.50","1,75,525","3,036.00","3,027.00","8,78,750"
18. January 2022,"9,707.00","9,692.00","94,525","3,544.00","3,534.00","1,79,950","3,006.00","3,006.00","8,84,125"
17. January 2022,"9,674.50","9,660.00","92,850","3,535.00","3,525.00","1,81,450","3,009.00","2,996.00","8,92,800"
14. January 2022,"9,900.00","9,885.00","86,300","3,560.00","3,546.00","1,83,675","2,977.50","2,980.00","8,91,550"
13. January 2022,"9,972.00","9,965.00","83,800","3,575.00","3,559.00","1,84,950","2,960.00","2,970.00","8,95,000"
12. January 2022,"9,945.00","9,930.50","83,850","3,582.00","3,568.00","1,87,925","3,003.00","3,014.00","8,98,525"
11. January 2022,"9,662.00","9,632.00","83,925","3,540.00","3,517.00","1,90,325","2,950.00","2,962.00","9,02,850"
10. January 2022,"9,665.00","9,641.00","84,025","3,576.50","3,545.00","1,92,625","2,923.00","2,934.50","9,11,500"
07. January 2022,"9,615.00","9,593.00","84,775","3,602.50","3,565.50","1,93,875","2,919.50","2,932.00","9,16,875"
06. January 2022,"9,565.00","9,560.00","85,950","3,590.00","3,554.00","1,96,150","2,912.50","2,923.50","9,21,400"
05. January 2022,"9,778.00","9,759.00","86,950","3,660.00","3,604.00","1,97,925","2,866.00","2,885.00","9,26,800"
04. January 2022,"9,660.00","9,630.00","88,725","3,602.00","3,541.00","1,99,325","2,815.50","2,823.00","9,34,375"
31. December 2021,"9,692.00","9,682.00","88,950","3,630.00","3,539.00","1,99,575","2,806.00","2,810.00","9,39,200"
30. December 2021,"9,715.00","9,656.50","89,375","3,601.00","3,530.00","1,99,750","2,829.50","2,825.50","9,43,500"
29. December 2021,"9,655.00","9,620.50","89,100","3,550.00","3,491.00","2,02,975","2,835.00","2,818.50","9,59,700"
24. December 2021,"9,582.00","9,566.00","89,275","3,581.00","3,535.00","2,03,225","2,848.00","2,841.50","9,64,175"
23. December 2021,"9,606.00","9,581.50","89,125","3,569.00","3,512.00","2,03,400","2,818.00","2,830.00","9,68,650"
22. December 2021,"9,625.00","9,615.00","89,400","3,545.00","3,510.00","2,03,900","2,811.00","2,829.00","9,70,425"
21. December 2021,"9,521.00","9,511.00","89,925","3,445.00","3,421.00","2,04,225","2,696.00","2,716.00","9,71,600"
20. December 2021,"9,406.00","9,390.00","89,000","3,400.50","3,356.00","2,04,650","2,645.50","2,675.00","9,75,825"
17. December 2021,"9,520.00","9,505.00","89,150","3,430.00","3,395.00","2,05,525","2,694.00","2,711.00","9,79,600"
16. December 2021,"9,506.00","9,495.00","89,475","3,395.00","3,357.00","2,06,825","2,630.00","2,645.00","9,84,650"
15. December 2021,"9,290.00","9,285.00","88,650","3,270.00","3,256.00","2,07,575","2,597.00","2,590.00","9,90,550"
14. December 2021,"9,485.00","9,480.00","87,375","3,342.00","3,330.00","2,09,175","2,636.00","2,631.00","9,77,400"
13. December 2021,"9,500.00","9,505.50","84,450","3,364.00","3,356.00","1,90,900","2,677.00","2,651.00","9,09,650"
10. December 2021,"9,543.00","9,531.00","81,775","3,332.00","3,299.00","1,64,425","2,625.00","2,619.00","9,13,200"
09. December 2021,"9,578.00","9,557.00","77,925","3,351.00","3,321.50","1,50,400","2,630.50","2,634.00","8,90,650"
08. December 2021,"9,555.50","9,565.00","75,175","3,334.00","3,263.00","1,50,675","2,626.00","2,627.00","8,94,350"
07. December 2021,"9,647.00","9,606.00","74,225","3,287.50","3,222.00","1,52,100","2,625.00","2,620.00","8,93,650"
06. December 2021,"9,526.00","9,480.00","77,875","3,224.50","3,142.00","1,52,650","2,600.50","2,586.00","8,98,450"
03. December 2021,"9,513.00","9,455.00","78,350","3,324.00","3,190.50","1,53,350","2,648.00","2,629.00","8,82,800"
02. December 2021,"9,520.00","9,421.00","78,225","3,294.00","3,215.00","1,55,125","2,655.00","2,640.00","8,89,575"
01. December 2021,"9,571.00","9,510.00","78,625","3,296.00","3,227.00","1,57,150","2,669.50","2,646.50","8,93,775"
30. November 2021,"9,605.00","9,510.00","76,450","3,348.50","3,256.00","1,58,975","2,635.00","2,626.00","9,00,975"
29. November 2021,"9,751.00","9,610.00","80,075","3,325.00","3,200.00","1,61,450","2,650.00","2,642.50","9,09,225"
26. November 2021,"9,630.00","9,520.00","83,800","3,331.00","3,217.00","1,63,275","2,618.50","2,619.00","9,15,850"
25. November 2021,"9,932.00","9,895.00","82,600","3,432.00","3,335.00","1,65,225","2,740.50","2,735.00","9,19,225"
24. November 2021,"9,852.00","9,790.00","82,225","3,429.50","3,340.00","1,67,875","2,699.00","2,691.00","9,23,700"
23. November 2021,"9,825.50","9,722.00","81,600","3,422.00","3,345.00","1,71,425","2,691.00","2,685.00","9,35,750"
22. November 2021,"9,730.00","9,615.00","86,525","3,277.00","3,227.00","1,75,025","2,653.50","2,655.00","9,43,125"
19. November 2021,"9,620.50","9,545.00","89,875","3,215.00","3,180.00","1,77,400","2,661.00","2,644.00","9,48,650"
18. November 2021,"9,450.00","9,410.00","97,600","3,202.00","3,161.00","1,79,375","2,607.50","2,596.00","9,52,850"
17. November 2021,"9,495.00","9,495.00","99,450","3,250.00","3,215.00","1,81,175","2,628.00","2,622.50","9,56,750"
16. November 2021,"9,680.00","9,650.00","93,925","3,213.00","3,197.50","1,82,450","2,628.50","2,628.00","9,59,975"
15. November 2021,"9,845.00","9,732.00","95,700","3,266.00","3,256.00","1,82,750","2,678.00","2,678.00","9,68,450"
12. November 2021,"9,854.50","9,617.00","1,00,300","3,270.00","3,250.00","1,83,275","2,676.00","2,679.00","9,74,700"
11. November 2021,"9,850.00","9,630.00","1,04,175","3,315.00","3,294.00","1,84,275","2,645.50","2,655.50","9,82,025"
10. November 2021,"9,791.00","9,570.00","1,06,125","3,305.00","3,284.00","1,87,450","2,554.00","2,575.00","9,85,275"
09. November 2021,"10,002.00","9,660.00","1,09,550","3,338.00","3,293.00","1,90,125","2,582.00","2,601.00","9,91,375"
08. November 2021,"9,885.00","9,540.00","1,15,525","3,274.50","3,228.50","1,91,700","2,530.50","2,558.00","10,00,375"
05. November 2021,"9,740.00","9,430.00","1,22,600","3,229.50","3,179.00","1,92,750","2,490.50","2,522.00","10,04,050"
04. November 2021,"9,785.00","9,570.00","1,23,400","3,342.00","3,301.00","1,93,550","2,643.00","2,666.00","10,09,725"
03. November 2021,"9,825.00","9,590.00","1,26,475","3,371.00","3,327.00","1,94,700","2,706.00","2,724.00","10,19,825"
02. November 2021,"9,817.00","9,520.00","1,23,925","3,394.50","3,336.00","1,96,000","2,680.00","2,698.00","10,28,325"
01. November 2021,"9,875.00","9,490.00","1,31,300","3,430.00","3,351.00","1,96,800","2,713.00","2,730.00","10,35,525"
29. October 2021,"9,955.00","9,620.00","1,40,175","3,455.50","3,340.00","1,97,400","2,695.00","2,695.00","10,42,800"
28. October 2021,"9,860.00","9,661.00","1,43,650","3,415.00","3,360.00","1,97,725","2,721.00","2,733.00","10,51,350"
27. October 2021,"9,849.50","9,605.00","1,53,675","3,385.50","3,327.00","1,96,625","2,704.00","2,725.00","10,55,300"
26. October 2021,"9,988.00","9,805.00","1,55,150","3,456.00","3,413.00","1,98,025","2,831.00","2,844.50","10,64,425"
25. October 2021,"10,050.00","9,805.50","1,59,800","3,510.50","3,443.00","1,99,625","2,917.00","2,925.00","10,78,525"
22. October 2021,"9,992.00","9,870.00","1,61,550","3,495.00","3,444.50","1,98,275","2,946.00","2,957.00","10,86,625"
21. October 2021,"10,051.00","9,935.00","1,65,925","3,585.00","3,544.00","1,99,925","3,014.00","3,023.50","10,92,600"
20. October 2021,"10,161.00","9,996.00","1,72,025","3,584.00","3,565.50","2,00,950","3,065.00","3,076.00","10,98,300"
19. October 2021,"10,652.00","10,270.00","1,78,225","3,707.00","3,685.50","2,01,700","3,176.00","3,195.00","11,03,275"
18. October 2021,"10,500.00","10,275.00","1,81,375","3,815.00","3,753.00","1,86,900","3,180.00","3,200.00","11,11,525"
15. October 2021,"10,555.00","10,177.00","1,81,400","3,795.00","3,757.00","1,88,650","3,163.00","3,185.50","11,18,325"
14. October 2021,"9,971.00","9,840.00","1,87,050","3,552.00","3,501.00","1,89,600","3,152.00","3,172.00","11,26,550"
13. October 2021,"9,661.00","9,560.00","1,91,600","3,410.00","3,369.50","1,91,075","3,076.00","3,089.00","11,28,500"
12. October 2021,"9,585.00","9,497.00","1,95,250","3,248.00","3,246.00","1,91,500","3,052.00","3,073.00","11,37,675"
11. October 2021,"9,527.00","9,475.50","1,97,650","3,198.00","3,195.00","1,93,850","3,020.00","3,034.00","11,50,225"
08. October 2021,"9,246.00","9,236.00","1,99,250","3,098.00","3,112.00","1,97,350","2,902.00","2,922.50","11,70,800"
07. October 2021,"9,177.00","9,177.00","2,00,575","3,025.00","3,035.00","1,98,550","2,916.00","2,929.00","11,88,575"
06. October 2021,"9,096.00","9,082.50","2,02,500","3,015.00","3,026.00","1,99,475","2,880.00","2,888.00","11,98,425"
05. October 2021,"9,091.50","9,090.00","2,12,125","3,011.50","3,024.00","2,01,625","2,894.50","2,912.00","12,11,975"
04. October 2021,"9,267.50","9,270.00","2,16,725","3,013.00","3,024.00","2,03,450","2,889.00","2,910.00","12,18,775"
01. October 2021,"9,113.00","9,101.00","2,17,175","2,999.00","3,008.00","2,05,750","2,865.00","2,881.00","12,29,700"
30. September 2021,"9,041.00","9,021.00","2,19,525","3,015.00","3,026.00","2,08,875","2,851.00","2,867.00","12,38,300"
29. September 2021,"9,227.00","9,215.50","2,20,875","3,047.50","3,059.00","2,12,575","2,913.00","2,930.00","12,48,625"
28. September 2021,"9,263.00","9,260.00","2,26,625","3,071.00","3,081.00","2,14,325","2,899.00","2,916.00","12,56,450"
27. September 2021,"9,341.00","9,328.00","2,23,175","3,093.00","3,100.00","2,15,250","2,888.00","2,904.00","12,73,750"
24. September 2021,"9,275.00","9,271.00","2,26,175","3,110.00","3,107.00","2,17,175","2,905.50","2,918.00","12,81,550"
23. September 2021,"9,252.00","9,251.00","2,26,025","3,044.00","3,057.00","2,18,900","2,937.00","2,951.00","12,89,075"
22. September 2021,"9,255.00","9,246.00","2,29,725","3,019.00","3,037.00","2,21,000","2,887.00","2,906.00","13,04,725"
21. September 2021,"9,106.00","9,107.00","2,31,075","3,003.00","3,020.00","2,22,475","2,864.00","2,878.50","13,15,975"
20. September 2021,"9,145.50","9,132.00","2,39,500","3,018.00","3,029.50","2,23,950","2,847.00","2,857.00","13,26,150"
17. September 2021,"9,435.50","9,457.00","2,40,800","3,110.00","3,122.00","2,25,575","2,915.00","2,927.00","13,27,725"
16. September 2021,"9,392.00","9,420.00","2,31,200","3,064.00","3,075.00","2,27,550","2,869.00","2,893.00","13,19,150"
15. September 2021,"9,488.50","9,505.00","2,34,000","3,052.00","3,067.00","2,28,800","2,868.00","2,888.00","12,99,900"
14. September 2021,"9,407.00","9,416.50","2,35,950","3,015.00","3,024.00","2,29,700","2,847.00","2,858.00","13,03,500"
13. September 2021,"9,627.00","9,640.00","2,40,350","3,072.50","3,086.00","2,31,150","2,950.00","2,950.00","13,09,450"
10. September 2021,"9,515.00","9,533.50","2,33,950","3,089.00","3,102.00","2,26,900","2,896.50","2,907.00","13,17,725"
09. September 2021,"9,356.50","9,381.00","2,33,950","3,072.00","3,084.00","2,29,250","2,817.00","2,828.00","13,25,225"
08. September 2021,"9,256.00","9,280.00","2,37,700","3,052.00","3,064.00","2,31,400","2,775.00","2,793.00","13,34,225"
07. September 2021,"9,325.00","9,340.00","2,42,550","3,020.00","3,031.00","2,33,100","2,740.50","2,760.00","13,33,625"
06. September 2021,"9,401.50","9,412.00","2,50,700","3,008.00","3,019.00","2,35,775","2,745.50","2,758.00","13,41,000"
03. September 2021,"9,361.00","9,372.00","2,52,225","2,984.50","2,996.50","2,36,225","2,696.00","2,703.50","13,43,425"
02. September 2021,"9,347.00","9,354.50","2,52,400","2,987.50","2,996.00","2,36,425","2,694.50","2,705.50","13,35,300"
01. September 2021,"9,312.00","9,310.50","2,52,725","2,977.50","2,993.50","2,36,425","2,667.50","2,664.50","13,36,850"
31. August 2021,"9,462.50","9,457.50","2,53,000","2,997.50","3,007.00","2,37,075","2,714.00","2,696.00","13,34,675"
27. August 2021,"9,352.00","9,345.00","2,54,250","2,983.50","2,995.50","2,38,275","2,673.50","2,655.50","13,38,125"
26. August 2021,"9,323.00","9,315.50","2,54,300","2,990.00","2,996.00","2,39,650","2,635.00","2,614.50","13,06,950"
25. August 2021,"9,378.50","9,376.00","2,54,300","3,032.00","3,043.50","2,39,525","2,647.50","2,630.00","12,92,500"
24. August 2021,"9,316.50","9,305.50","2,54,775","2,965.00","2,981.00","2,39,300","2,648.50","2,627.00","12,95,125"
23. August 2021,"9,237.00","9,221.50","2,54,800","2,942.00","2,947.50","2,39,100","2,609.00","2,589.00","13,00,250"
20. August 2021,"8,922.00","8,934.00","2,51,450","2,948.50","2,950.50","2,32,600","2,569.00","2,552.00","13,04,950"
19. August 2021,"8,775.50","8,783.50","2,45,125","2,939.50","2,932.50","2,28,350","2,544.00","2,532.00","13,09,700"
18. August 2021,"9,148.50","9,168.50","2,45,125","2,998.00","2,994.50","2,31,225","2,589.50","2,571.50","13,15,125"
17. August 2021,"9,346.50","9,369.50","2,36,325","3,002.50","3,013.00","2,32,100","2,633.00","2,618.50","13,22,150"
16. August 2021,"9,377.00","9,404.50","2,35,550","3,012.00","3,018.00","2,35,800","2,644.00","2,626.00","13,12,950"
13. August 2021,"9,429.50","9,463.00","2,35,650","3,007.00","3,015.00","2,39,700","2,602.50","2,592.00","13,23,825"
12. August 2021,"9,508.50","9,539.00","2,35,775","3,016.50","3,025.50","2,42,725","2,602.00","2,600.00","13,33,575"
11. August 2021,"9,421.00","9,450.50","2,35,925","3,018.50","3,027.50","2,46,525","2,578.00","2,577.50","13,40,225"
10. August 2021,"9,409.50","9,435.00","2,36,100","2,978.50","2,986.50","2,48,250","2,579.00","2,585.00","13,39,100"
09. August 2021,"9,311.50","9,337.50","2,34,925","2,957.00","2,964.50","2,48,500","2,547.00","2,553.00","13,45,850"
06. August 2021,"9,529.50","9,549.50","2,35,250","3,006.00","3,010.50","2,49,025","2,618.50","2,621.50","13,53,050"
05. August 2021,"9,429.00","9,446.50","2,36,100","2,984.50","2,990.00","2,44,325","2,583.50","2,589.00","13,55,600"
04. August 2021,"9,503.00","9,527.50","2,37,025","2,975.00","2,983.00","2,44,500","2,575.50","2,580.50","13,63,475"
03. August 2021,"9,583.50","9,608.50","2,38,000","2,970.50","2,977.00","2,44,950","2,595.50","2,599.50","13,71,150"
02. August 2021,"9,737.00","9,767.00","2,38,650","3,043.00","3,047.50","2,45,025","2,635.00","2,628.50","13,78,575"
30. July 2021,"9,747.50","9,775.00","2,39,650","3,039.00","3,033.50","2,45,125","2,624.00","2,619.00","13,87,800"
29. July 2021,"9,781.00","9,805.00","2,35,175","2,984.50","2,994.00","2,46,775","2,556.50","2,545.50","13,95,225"
28. July 2021,"9,697.00","9,719.00","2,30,225","2,951.50","2,965.50","2,46,950","2,516.00","2,504.50","14,01,500"
27. July 2021,"9,709.00","9,728.50","2,25,225","2,948.00","2,962.00","2,47,000","2,497.50","2,492.00","14,08,000"
26. July 2021,"9,580.00","9,604.50","2,25,225","2,946.00","2,963.50","2,47,200","2,499.50","2,508.50","14,16,775"
23. July 2021,"9,433.50","9,461.50","2,24,750","2,944.00","2,961.00","2,47,300","2,492.00","2,504.00","14,23,525"
22. July 2021,"9,382.50","9,409.00","2,24,250","2,920.50","2,940.00","2,47,475","2,449.00","2,462.50","14,30,200"
21. July 2021,"9,271.50","9,303.00","2,24,400","2,922.50","2,942.50","2,47,625","2,432.00","2,449.00","14,34,125"
20. July 2021,"9,211.00","9,244.50","2,25,650","2,935.50","2,954.50","2,47,875","2,424.50","2,442.50","14,40,350"
19. July 2021,"9,264.50","9,300.00","2,26,300","2,937.00","2,954.00","2,48,550","2,425.00","2,446.00","14,49,325"
16. July 2021,"9,396.50","9,433.50","2,24,175","2,966.00","2,980.00","2,48,725","2,493.00","2,510.50","14,57,800"
15. July 2021,"9,347.00","9,383.50","2,22,625","2,932.50","2,948.50","2,48,925","2,495.00","2,510.50","14,65,775"
14. July 2021,"9,309.00","9,349.00","2,21,800","2,927.50","2,944.00","2,49,125","2,509.00","2,526.50","14,72,800"
13. July 2021,"9,310.00","9,345.00","2,20,575","2,919.50","2,934.00","2,49,575","2,478.00","2,492.50","14,80,150"
12. July 2021,"9,347.00","9,385.00","2,19,175","2,919.50","2,936.00","2,51,075","2,449.00","2,468.50","14,96,075"
09. July 2021,"9,437.50","9,475.50","2,16,800","2,955.00","2,973.00","2,51,200","2,470.00","2,488.50","15,06,675"
08. July 2021,"9,264.50","9,297.50","2,14,575","2,912.00","2,927.00","2,51,300","2,435.00","2,450.00","15,17,200"
07. July 2021,"9,451.50","9,483.00","2,14,575","2,944.00","2,962.00","2,51,575","2,508.50","2,528.00","15,26,275"
06. July 2021,"9,528.00","9,558.50","2,12,325","2,949.50","2,967.00","2,52,125","2,529.50","2,551.00","15,38,725"
05. July 2021,"9,432.00","9,461.00","2,12,475","2,938.00","2,955.00","2,52,300","2,539.50","2,558.50","15,52,250"
02. July 2021,"9,296.50","9,323.50","2,11,950","2,917.00","2,932.00","2,53,075","2,519.50","2,535.00","15,62,950"
01. July 2021,"9,342.00","9,367.50","2,11,975","2,936.50","2,949.50","2,53,600","2,481.00","2,497.50","15,68,900"
30. June 2021,"9,385.00","9,405.50","2,11,525","2,945.50","2,948.50","2,54,025","2,523.00","2,535.00","15,78,075"
29. June 2021,"9,225.50","9,252.00","2,10,350","2,924.00","2,929.50","2,54,675","2,518.50","2,533.00","15,77,175"
28. June 2021,"9,333.50","9,363.50","2,10,925","2,883.00","2,898.50","2,55,675","2,458.00","2,477.50","15,86,150"
25. June 2021,"9,432.50","9,460.00","2,10,975","2,876.50","2,896.50","2,57,450","2,451.00","2,470.00","15,96,450"
24. June 2021,"9,390.50","9,420.50","1,92,975","2,896.00","2,908.50","2,58,000","2,397.50","2,424.00","16,09,100"
23. June 2021,"9,289.50","9,321.00","1,59,800","2,869.00","2,883.50","2,58,600","2,386.50","2,416.00","16,16,325"
22. June 2021,"9,190.50","9,217.00","1,60,950","2,841.00","2,853.00","2,59,975","2,375.50","2,403.00","16,23,850"
21. June 2021,"9,042.50","9,070.00","1,61,050","2,832.00","2,844.00","2,60,550","2,353.50","2,370.50","16,12,900"
18. June 2021,"9,206.00","9,230.00","1,68,675","2,873.00","2,886.50","2,61,325","2,374.00","2,380.00","16,21,325"
17. June 2021,"9,427.50","9,456.50","1,43,750","2,962.00","2,977.50","2,63,450","2,427.50","2,407.00","16,28,800"
16. June 2021,"9,508.00","9,538.00","1,42,625","2,972.50","2,983.00","2,65,375","2,454.50","2,452.50","16,27,225"
15. June 2021,"9,552.50","9,587.00","1,40,625","2,986.50","3,002.00","2,67,425","2,458.50","2,449.50","16,40,200"
14. June 2021,"9,900.00","9,935.00","1,38,300","3,043.00","3,058.00","2,67,650","2,504.00","2,478.00","16,52,850"
11. June 2021,"10,029.00","10,059.50","1,32,450","3,011.00","3,027.50","2,67,750","2,490.00","2,477.50","16,63,150"
10. June 2021,"9,808.50","9,834.50","1,31,775","2,965.50","2,986.50","2,68,650","2,470.00","2,447.50","16,40,500"
09. June 2021,"9,877.00","9,904.50","1,29,675","2,996.50","3,017.00","2,69,650","2,459.00","2,448.50","16,49,750"
08. June 2021,"9,878.50","9,901.50","1,27,200","2,999.00","3,017.00","2,70,350","2,439.00","2,438.00","16,53,175"
07. June 2021,"9,848.00","9,864.00","1,24,700","2,963.50","2,985.50","2,72,100","2,417.50","2,418.50","16,66,375"
04. June 2021,"9,852.00","9,866.00","1,24,700","2,980.00","2,998.50","2,72,100","2,412.50","2,426.50","16,66,375"
03. June 2021,"9,967.00","9,989.50","1,25,450","2,977.50","2,996.50","2,77,125","2,386.50","2,402.50","16,74,475"
02. June 2021,"10,117.50","10,133.50","1,23,350","3,061.50","3,082.50","2,76,025","2,442.00","2,463.00","16,83,675"
01. June 2021,"10,212.50","10,226.50","1,20,700","3,043.00","3,060.50","2,81,550","2,461.50","2,485.00","17,07,000"
28. May 2021,"10,159.50","10,171.00","1,22,425","3,039.50","3,053.50","2,84,250","2,404.50","2,434.00","17,18,300"
27. May 2021,"10,032.50","10,048.50","1,23,750","2,994.50","3,013.00","2,86,425","2,388.00","2,421.00","17,24,075"
26. May 2021,"9,965.00","9,978.50","1,24,700","2,983.50","2,998.50","2,86,825","2,359.50","2,393.00","17,28,375"
25. May 2021,"9,943.00","9,961.00","1,25,925","2,945.00","2,958.00","2,87,725","2,341.00","2,372.50","17,33,775"
24. May 2021,"9,868.00","9,884.00","1,25,825","2,931.00","2,941.50","2,88,425","2,305.00","2,337.00","17,41,825"
21. May 2021,"10,011.00","10,027.50","1,26,675","2,981.00","2,997.00","2,85,175","2,403.00","2,434.00","17,50,350"
20. May 2021,"10,086.00","10,104.00","1,17,300","2,945.50","2,961.50","2,84,550","2,392.00","2,419.00","17,57,350"
19. May 2021,"10,114.50","10,138.00","1,17,075","2,969.00","2,987.50","2,85,650","2,402.50","2,432.50","17,59,675"
18. May 2021,"10,465.00","10,496.50","1,19,025","3,063.50","3,085.00","2,86,375","2,468.00","2,498.50","17,65,525"
17. May 2021,"10,257.00","10,283.50","1,19,875","2,954.00","2,974.00","2,86,950","2,455.00","2,479.00","17,68,375"
14. May 2021,"10,212.00","10,239.50","1,21,250","2,924.00","2,940.50","2,87,150","2,438.00","2,462.50","17,62,525"
13. May 2021,"10,253.50","10,260.50","1,12,150","2,891.00","2,904.00","2,87,550","2,422.50","2,436.00","17,66,025"
12. May 2021,"10,537.00","10,546.00","1,15,950","2,984.50","2,998.50","2,88,125","2,474.00","2,492.50","17,72,700"
11. May 2021,"10,528.00","10,533.50","1,18,875","3,004.00","3,019.50","2,88,700","2,549.50","2,565.00","17,80,900"
10. May 2021,"10,724.50","10,720.00","1,23,200","3,037.50","3,052.50","2,90,500","2,565.00","2,577.00","17,89,725"
07. May 2021,"10,361.00","10,356.00","1,26,725","2,973.00","2,984.50","2,90,800","2,518.50","2,523.50","17,97,100"
06. May 2021,"10,025.50","10,028.00","1,30,750","2,920.00","2,933.00","2,91,025","2,476.50","2,476.00","18,02,175"
05. May 2021,"9,991.50","9,990.50","1,32,775","2,935.50","2,952.00","2,91,425","2,446.00","2,439.50","18,10,550"
04. May 2021,"9,961.00","9,958.50","1,37,400","2,959.50","2,970.50","2,91,750","2,434.50","2,428.00","18,27,800"
30. April 2021,"9,949.00","9,939.50","1,43,725","2,904.00","2,918.00","2,91,925","2,445.00","2,438.00","18,35,150"
29. April 2021,"9,990.00","9,983.00","1,47,325","2,928.00","2,945.00","2,91,950","2,432.00","2,429.50","18,38,950"
28. April 2021,"9,832.50","9,823.50","1,48,975","2,909.00","2,926.00","2,91,950","2,392.50","2,397.50","17,82,600"
27. April 2021,"9,898.50","9,894.00","1,54,600","2,889.00","2,905.50","2,91,950","2,389.00","2,394.00","17,87,525"
26. April 2021,"9,758.00","9,730.00","1,55,100","2,862.50","2,877.50","2,93,275","2,388.00","2,393.50","17,93,100"
23. April 2021,"9,545.50","9,518.00","1,55,750","2,802.50","2,818.00","2,93,550","2,373.50","2,378.50","17,96,925"
22. April 2021,"9,475.50","9,448.00","1,58,975","2,805.00","2,822.00","2,93,550","2,373.50","2,368.50","18,02,450"
21. April 2021,"9,382.50","9,371.50","1,59,450","2,793.50","2,813.50","2,93,575","2,344.00","2,337.00","18,09,250"
20. April 2021,"9,396.50","9,390.00","1,60,350","2,825.00","2,848.00","2,93,625","2,324.00","2,330.00","18,12,625"
19. April 2021,"9,415.00","9,398.50","1,63,050","2,842.00","2,864.50","2,94,025","2,331.00","2,342.50","18,19,625"
16. April 2021,"9,336.00","9,317.50","1,65,375","2,853.50","2,876.00","2,94,800","2,308.50","2,324.50","18,24,250"
15. April 2021,"9,187.50","9,180.50","1,69,475","2,809.50","2,833.00","2,96,525","2,328.00","2,344.00","18,29,325"
14. April 2021,"9,011.00","9,002.50","1,72,025","2,789.50","2,811.50","2,96,975","2,297.50","2,315.00","18,33,550"
13. April 2021,"8,904.00","8,898.00","1,68,500","2,754.50","2,776.00","2,98,025","2,278.00","2,293.00","18,41,575"
12. April 2021,"8,901.00","8,893.50","1,65,625","2,759.00","2,782.50","2,81,925","2,254.00","2,268.50","18,47,600"
09. April 2021,"8,993.00","8,984.00","1,63,100","2,807.00","2,828.00","2,67,650","2,250.00","2,267.50","18,54,250"
08. April 2021,"9,001.50","8,993.00","1,57,075","2,827.50","2,849.00","2,67,650","2,267.50","2,280.00","18,60,850"
07. April 2021,"8,981.50","8,974.50","1,50,325","2,807.00","2,827.50","2,67,650","2,239.50","2,258.50","18,60,125"
06. April 2021,"8,984.50","8,979.00","1,43,425","2,813.50","2,833.00","2,68,650","2,247.00","2,268.50","18,82,275"
01. April 2021,"8,768.00","8,764.00","1,43,775","2,765.50","2,781.50","2,70,500","2,212.50","2,236.50","18,89,400"
31. March 2021,"8,850.50","8,845.50","1,44,500","2,795.00","2,807.50","2,70,850","2,212.50","2,235.00","18,97,075"
30. March 2021,"8,788.50","8,795.00","1,42,550","2,822.00","2,833.00","2,71,025","2,220.50","2,246.00","19,05,375"
29. March 2021,"8,942.50","8,937.00","1,32,050","2,811.00","2,823.50","2,71,050","2,255.50","2,279.00","19,17,075"
26. March 2021,"8,929.00","8,918.50","1,23,800","2,808.00","2,819.00","2,71,100","2,260.50","2,285.00","19,26,000"
25. March 2021,"8,781.00","8,780.50","1,21,675","2,759.00","2,772.00","2,71,225","2,208.00","2,235.50","19,34,425"
24. March 2021,"9,016.00","9,011.00","1,21,950","2,813.50","2,826.00","2,71,350","2,220.50","2,249.00","19,46,550"
23. March 2021,"9,016.50","9,013.00","1,22,425","2,841.00","2,855.00","2,63,375","2,205.00","2,234.00","19,56,325"
22. March 2021,"9,097.50","9,086.00","1,13,900","2,860.50","2,873.00","2,64,375","2,254.00","2,282.50","19,64,025"
19. March 2021,"9,036.00","9,017.50","1,04,950","2,787.50","2,798.00","2,65,125","2,188.00","2,223.00","19,67,275"
18. March 2021,"9,090.00","9,077.50","1,06,425","2,801.50","2,814.50","2,65,825","2,192.00","2,226.50","18,97,300"
17. March 2021,"9,027.00","9,024.50","1,07,275","2,807.00","2,824.50","2,66,000","2,202.50","2,232.50","19,03,625"
16. March 2021,"8,965.50","8,956.50","1,03,900","2,802.50","2,822.50","2,66,400","2,174.50","2,201.00","19,10,650"
15. March 2021,"9,147.50","9,123.00","92,650","2,815.00","2,833.50","2,66,775","2,184.50","2,210.50","19,16,725"
12. March 2021,"9,052.50","9,037.50","93,450","2,797.50","2,824.00","2,67,175","2,139.00","2,166.00","19,23,025"
11. March 2021,"9,062.50","9,048.00","90,825","2,784.00","2,810.00","2,67,675","2,159.00","2,181.50","16,08,675"
10. March 2021,"8,939.00","8,917.00","88,025","2,750.00","2,773.00","2,67,900","2,149.50","2,168.50","12,80,575"
09. March 2021,"8,895.00","8,877.00","85,050","2,735.00","2,757.50","2,68,275","2,141.00","2,156.50","12,86,825"
08. March 2021,"8,992.50","8,971.00","84,250","2,742.50","2,765.00","2,68,475","2,152.50","2,163.50","12,93,225"
05. March 2021,"9,021.50","8,996.50","79,025","2,746.50","2,767.00","2,68,775","2,185.00","2,176.00","12,99,150"
04. March 2021,"8,786.50","8,757.00","79,825","2,734.50","2,751.50","2,69,100","2,169.00","2,177.50","12,99,775"
03. March 2021,"9,266.00","9,227.50","74,100","2,786.00","2,807.50","2,69,200","2,203.00","2,207.00","13,04,075"
02. March 2021,"9,213.50","9,163.50","73,700","2,820.00","2,835.00","2,69,475","2,176.00","2,178.50","13,07,125"
01. March 2021,"9,198.00","9,148.00","74,200","2,788.50","2,804.00","2,69,725","2,154.50","2,165.50","13,16,800"
26. February 2021,"9,172.50","9,120.50","76,225","2,821.00","2,836.50","2,69,775","2,202.50","2,202.50","13,25,875"
25. February 2021,"9,614.50","9,562.50","78,575","2,894.50","2,906.00","2,70,475","2,223.00","2,227.00","13,32,525"
24. February 2021,"9,286.00","9,260.50","79,700","2,822.50","2,835.00","2,70,525","2,145.50","2,157.50","13,37,700"
23. February 2021,"9,158.00","9,126.00","73,450","2,859.50","2,877.00","2,71,950","2,136.50","2,148.50","13,43,075"
22. February 2021,"9,067.50","9,033.00","74,900","2,889.50","2,905.50","2,73,175","2,153.50","2,161.50","13,49,150"
19. February 2021,"8,806.50","8,763.00","75,700","2,864.00","2,883.50","2,76,525","2,135.00","2,150.50","13,54,150"
18. February 2021,"8,650.00","8,631.00","76,025","2,837.00","2,859.50","2,79,850","2,147.00","2,161.00","13,60,850"
17. February 2021,"8,413.50","8,401.00","76,175","2,810.00","2,830.50","2,81,350","2,096.50","2,103.50","13,65,375"
16. February 2021,"8,439.50","8,419.00","73,725","2,819.00","2,837.50","2,82,100","2,077.00","2,086.00","13,72,475"
15. February 2021,"8,416.50","8,391.00","74,250","2,813.50","2,827.50","2,83,125","2,079.00","2,082.50","13,79,325"
12. February 2021,"8,270.50","8,251.00","74,700","2,793.50","2,807.00","2,84,250","2,076.00","2,081.00","13,79,975"
11. February 2021,"8,292.00","8,289.50","73,500","2,726.00","2,746.50","2,87,050","2,075.50","2,080.50","13,84,625"
10. February 2021,"8,279.50","8,274.00","74,675","2,702.00","2,722.00","2,88,850","2,070.50","2,073.00","13,89,975"
09. February 2021,"8,146.50","8,132.00","76,050","2,662.50","2,683.00","2,89,325","2,045.50","2,052.00","13,95,275"
08. February 2021,"8,007.00","7,992.00","74,575","2,640.50","2,661.50","2,89,725","2,025.50","2,027.50","14,02,625"
05. February 2021,"7,936.50","7,928.50","76,550","2,636.50","2,655.50","2,90,350","2,007.50","2,012.00","14,06,525"
04. February 2021,"7,833.50","7,829.50","74,500","2,600.00","2,621.00","2,90,800","1,979.50","1,984.00","14,15,125"
03. February 2021,"7,832.50","7,821.00","75,000","2,585.00","2,607.50","2,90,900","1,973.00","1,972.00","14,25,225"
02. February 2021,"7,755.50","7,747.50","74,225","2,539.00","2,562.50","2,91,350","1,958.00","1,962.50","14,21,725"
01. February 2021,"7,827.00","7,823.00","74,275","2,548.50","2,573.50","2,91,750","1,985.50","1,982.50","14,28,175"
29. January 2021,"7,877.00","7,873.50","74,575","2,565.00","2,586.50","2,92,850","1,987.00","1,987.50","14,31,050"
28. January 2021,"7,778.50","7,783.50","76,250","2,546.00","2,570.00","2,93,800","1,979.00","1,978.50","14,24,175"
27. January 2021,"7,895.00","7,900.50","77,175","2,585.00","2,608.50","2,94,500","2,003.50","2,003.50","14,28,225"
26. January 2021,"7,957.00","7,961.50","79,275","2,651.00","2,673.00","2,35,025","2,025.00","2,018.00","14,19,775"
25. January 2021,"7,984.50","7,990.00","82,125","2,690.50","2,714.50","1,89,775","2,011.50","2,006.00","14,12,925"
22. January 2021,"7,872.00","7,882.00","87,725","2,651.00","2,672.50","1,91,450","1,975.50","1,976.00","14,16,775"
21. January 2021,"8,051.00","8,059.50","91,150","2,707.50","2,731.50","1,91,875","1,992.50","1,994.50","14,19,250"
20. January 2021,"8,014.50","8,017.50","93,950","2,684.50","2,710.00","1,94,200","1,976.00","1,977.00","14,17,050"
19. January 2021,"7,986.50","7,992.00","96,325","2,652.00","2,675.50","1,96,625","1,951.50","1,958.50","14,14,675"
18. January 2021,"7,972.50","7,984.00","97,675","2,664.50","2,686.00","1,98,125","1,979.50","1,984.00","13,97,075"
15. January 2021,"7,979.50","7,989.50","99,950","2,698.50","2,720.00","1,98,700","2,000.50","1,998.50","12,88,675"
14. January 2021,"8,002.50","8,016.00","1,01,250","2,716.00","2,737.00","1,99,175","2,010.50","2,009.00","12,85,125"
13. January 2021,"7,960.50","7,970.50","1,02,550","2,751.50","2,774.50","1,99,675","2,009.50","2,008.50","12,93,300"
12. January 2021,"7,983.00","7,991.50","1,03,750","2,771.00","2,792.00","2,00,100","2,025.50","2,025.00","12,98,075"
11. January 2021,"7,951.50","7,967.00","1,04,950","2,764.50","2,788.00","2,01,125","2,008.00","2,008.00","13,05,825"
08. January 2021,"8,146.00","8,160.00","1,02,425","2,824.50","2,849.00","2,01,375","2,029.50","2,032.00","13,09,100"
07. January 2021,"8,036.50","8,048.00","1,04,325","2,838.00","2,863.50","2,01,875","2,008.00","2,020.50","13,13,100"
06. January 2021,"8,129.50","8,127.50","1,05,425","2,833.00","2,858.50","2,01,900","2,062.50","2,068.00","13,19,075"
05. January 2021,"7,914.00","7,922.50","1,05,425","2,785.00","2,811.00","2,02,025","2,027.50","2,032.50","13,24,500"
04. January 2021,"7,918.50","7,931.00","1,05,800","2,775.00","2,797.50","2,02,075","2,013.50","2,016.00","13,40,525"
31. December 2020,"7,741.50","7,757.00","1,07,950","2,723.50","2,745.00","2,02,225","1,978.00","1,980.50","13,45,800"
30. December 2020,"7,803.50","7,815.50","1,10,875","2,749.00","2,772.50","2,02,425","1,995.50","1,997.00","13,51,250"
29. December 2020,"7,840.00","7,854.00","1,13,975","2,749.50","2,772.00","2,05,750","2,000.00","2,004.00","13,66,275"
24. December 2020,"7,793.00","7,811.50","1,16,100","2,817.00","2,845.00","2,05,900","2,022.00","2,025.50","13,72,350"
23. December 2020,"7,764.50","7,784.50","1,19,375","2,775.00","2,803.50","2,06,225","1,999.00","2,008.50","13,66,000"
22. December 2020,"7,753.00","7,777.00","1,19,600","2,789.00","2,822.00","2,06,875","1,993.00","2,006.50","13,83,725"
21. December 2020,"7,838.50","7,858.50","1,22,975","2,808.00","2,835.00","2,08,325","2,012.50","2,023.50","13,90,350"
18. December 2020,"7,964.00","7,984.50","1,23,400","2,835.00","2,861.50","2,09,950","2,049.00","2,059.50","13,67,025"
17. December 2020,"7,893.00","7,914.00","1,27,725","2,841.50","2,870.00","2,11,150","2,028.00","2,041.00","13,71,300"
16. December 2020,"7,823.00","7,847.50","1,33,125","2,818.00","2,848.50","2,11,475","2,029.00","2,045.50","13,77,225"
15. December 2020,"7,753.00","7,775.50","1,41,900","2,817.00","2,848.50","2,13,425","2,022.00","2,038.00","13,57,375"
14. December 2020,"7,763.00","7,787.00","1,44,775","2,795.00","2,827.00","2,13,575","2,042.50","2,054.00","13,57,650"
11. December 2020,"7,741.00","7,760.00","1,46,325","2,805.50","2,838.00","2,14,875","2,022.00","2,034.50","13,29,600"
10. December 2020,"7,712.00","7,729.50","1,47,825","2,810.00","2,839.50","2,15,975","2,031.00","2,042.00","13,33,375"
09. December 2020,"7,704.50","7,723.50","1,49,575","2,816.00","2,845.00","2,17,150","2,010.00","2,027.50","13,38,575"
08. December 2020,"7,635.00","7,647.50","1,49,625","2,762.50","2,791.00","2,18,350","1,986.00","2,007.00","13,43,950"
07. December 2020,"7,656.50","7,672.00","1,50,125","2,729.00","2,757.00","2,18,825","2,004.00","2,018.50","13,50,575"
04. December 2020,"7,741.50","7,748.50","1,49,675","2,748.50","2,770.00","2,19,325","2,027.50","2,040.00","13,53,350"
03. December 2020,"7,679.00","7,682.00","1,49,325","2,747.00","2,768.00","2,19,950","2,028.00","2,039.50","13,58,425"
02. December 2020,"7,616.50","7,623.00","1,49,675","2,725.00","2,745.50","2,20,275","2,051.50","2,062.00","13,64,175"
01. December 2020,"7,644.00","7,649.00","1,49,925","2,768.50","2,787.50","2,20,500","2,045.50","2,052.50","13,68,125"
30. November 2020,"7,674.50","7,681.00","1,49,800","2,809.50","2,826.50","2,20,625","2,014.50","2,022.50","13,74,025"
27. November 2020,"7,462.00","7,476.50","1,50,775","2,760.00","2,776.50","2,21,325","1,975.00","1,988.50","13,78,025"
26. November 2020,"7,356.50","7,370.50","1,52,025","2,754.50","2,771.00","2,21,875","1,961.50","1,978.00","13,83,250"
25. November 2020,"7,238.50","7,257.50","1,53,175","2,727.50","2,744.50","2,22,300","1,967.00","1,981.50","13,88,250"
24. November 2020,"7,302.00","7,314.00","1,54,825","2,745.00","2,756.00","2,22,575","1,964.50","1,981.00","13,92,250"
23. November 2020,"7,215.50","7,233.50","1,56,075","2,756.00","2,768.00","2,22,975","1,969.50","1,985.50","13,95,525"
20. November 2020,"7,178.50","7,195.00","1,57,350","2,787.00","2,789.00","2,22,675","1,984.00","1,995.50","13,99,525"
19. November 2020,"7,028.00","7,046.50","1,59,475","2,721.00","2,726.50","2,20,275","1,983.00","1,994.50","14,04,425"
18. November 2020,"7,083.00","7,101.50","1,60,200","2,732.50","2,740.50","2,20,300","1,978.00","1,994.00","14,09,575"
17. November 2020,"7,050.00","7,071.00","1,61,700","2,663.50","2,674.50","2,20,475","1,944.50","1,961.00","14,16,700"
16. November 2020,"7,113.00","7,128.50","1,63,025","2,653.00","2,669.50","2,20,850","1,933.00","1,946.50","14,13,775"
13. November 2020,"6,926.00","6,943.50","1,65,200","2,612.50","2,626.00","2,21,050","1,918.00","1,934.50","14,14,675"
12. November 2020,"6,904.00","6,921.50","1,66,200","2,593.00","2,608.50","2,21,075","1,904.50","1,922.50","14,20,100"
11. November 2020,"6,912.50","6,934.00","1,67,825","2,630.50","2,647.50","2,21,625","1,905.00","1,923.50","14,19,225"
10. November 2020,"6,865.50","6,882.00","1,69,575","2,617.50","2,634.50","2,21,825","1,880.00","1,900.00","14,25,450"
09. November 2020,"7,034.00","7,045.00","1,71,125","2,664.50","2,677.00","2,19,300","1,913.00","1,930.00","14,31,575"
06. November 2020,"6,938.50","6,946.50","1,72,450","2,614.50","2,624.00","2,17,800","1,891.50","1,904.00","14,37,675"
05. November 2020,"6,798.00","6,808.00","1,74,050","2,593.50","2,604.50","2,17,800","1,885.50","1,896.50","14,43,950"
04. November 2020,"6,748.00","6,760.00","1,76,650","2,547.50","2,557.00","2,18,225","1,877.00","1,885.50","14,50,025"
03. November 2020,"6,791.50","6,801.00","1,69,400","2,554.50","2,569.50","2,18,650","1,891.00","1,891.00","14,56,075"
02. November 2020,"6,712.50","6,725.00","1,69,600","2,526.00","2,536.50","2,19,200","1,834.50","1,839.50","14,61,025"
30. October 2020,"6,694.50","6,706.00","1,71,300","2,524.50","2,536.50","2,19,925","1,820.50","1,823.50","14,62,925"
29. October 2020,"6,692.00","6,708.00","1,72,625","2,503.00","2,516.00","2,19,925","1,786.00","1,795.50","14,62,750"
28. October 2020,"6,694.50","6,713.50","1,74,900","2,522.50","2,534.00","2,20,475","1,801.00","1,815.00","14,66,325"
27. October 2020,"6,787.50","6,807.50","1,77,075","2,538.50","2,552.50","2,20,800","1,808.00","1,823.00","14,69,000"
26. October 2020,"6,806.00","6,824.50","1,78,725","2,512.50","2,526.50","2,20,975","1,822.50","1,837.50","14,73,900"
23. October 2020,"6,879.50","6,897.50","1,80,300","2,565.50","2,580.00","2,19,375","1,829.00","1,842.50","14,79,075"
22. October 2020,"6,886.00","6,901.50","1,80,625","2,540.00","2,557.00","2,19,575","1,828.00","1,840.00","14,81,950"
21. October 2020,"6,953.00","6,964.50","1,81,650","2,547.00","2,569.00","2,19,775","1,842.50","1,854.50","14,85,125"
20. October 2020,"6,814.00","6,836.50","1,83,175","2,485.00","2,504.50","2,20,325","1,826.00","1,844.00","14,21,500"
19. October 2020,"6,755.00","6,773.50","1,83,900","2,472.00","2,490.50","2,20,275","1,848.00","1,859.00","14,06,550"
16. October 2020,"6,728.00","6,740.50","1,84,850","2,417.00","2,434.50","2,19,775","1,865.50","1,863.50","14,06,575"
15. October 2020,"6,683.50","6,698.00","1,68,875","2,397.00","2,413.50","2,18,825","1,824.00","1,839.50","14,07,025"
14. October 2020,"6,702.00","6,715.50","1,69,925","2,398.00","2,416.50","2,18,000","1,836.00","1,853.50","14,12,125"
13. October 2020,"6,699.50","6,705.50","1,53,200","2,428.00","2,446.50","2,17,225","1,841.00","1,854.00","14,12,600"
12. October 2020,"6,769.00","6,770.50","1,52,975","2,438.50","2,456.00","2,17,400","1,829.50","1,847.00","14,22,475"
09. October 2020,"6,740.50","6,741.00","1,53,925","2,415.50","2,433.50","2,17,625","1,805.50","1,820.00","14,16,325"
08. October 2020,"6,611.50","6,622.50","1,54,750","2,356.00","2,373.00","2,17,975","1,786.00","1,802.00","14,23,075"
07. October 2020,"6,525.00","6,538.00","1,55,400","2,357.50","2,377.00","2,18,400","1,745.50","1,772.50","14,28,475"
06. October 2020,"6,509.00","6,528.00","1,56,125","2,331.00","2,351.50","2,18,775","1,755.00","1,783.00","14,32,650"
05. October 2020,"6,507.50","6,519.50","1,60,875","2,298.00","2,316.00","2,16,725","1,741.50","1,773.00","14,38,925"
02. October 2020,"6,409.50","6,418.50","1,61,975","2,302.00","2,317.50","2,14,550","1,705.00","1,740.00","14,44,275"
01. October 2020,"6,614.00","6,628.00","1,63,125","2,365.00","2,383.00","2,12,575","1,716.00","1,754.00","14,50,950"
30. September 2020,"6,610.00","6,612.00","1,65,600","2,413.00","2,426.50","2,14,125","1,737.00","1,770.50","14,58,900"
29. September 2020,"6,546.00","6,558.00","1,36,325","2,418.00","2,429.50","2,16,250","1,746.00","1,780.00","14,66,925"
28. September 2020,"6,571.50","6,584.50","1,03,125","2,394.00","2,407.50","2,18,175","1,737.00","1,772.00","14,73,025"
25. September 2020,"6,529.00","6,523.00","73,625","2,365.00","2,379.50","2,20,350","1,708.50","1,746.00","14,77,175"
24. September 2020,"6,538.50","6,534.00","76,325","2,379.50","2,391.50","2,21,300","1,697.00","1,735.00","14,82,225"
23. September 2020,"6,725.50","6,707.00","77,275","2,422.00","2,440.50","2,19,300","1,718.50","1,759.00","14,86,175"
22. September 2020,"6,810.00","6,784.00","78,300","2,472.00","2,490.00","2,19,300","1,744.00","1,785.50","14,93,175"
21. September 2020,"6,837.00","6,804.50","78,425","2,482.50","2,501.50","2,19,325","1,752.50","1,793.00","14,99,100"
18. September 2020,"6,833.50","6,801.00","78,900","2,512.00","2,530.00","2,19,525","1,745.00","1,785.50","15,04,175"
17. September 2020,"6,761.00","6,737.50","78,750","2,466.50","2,484.00","2,19,525","1,743.50","1,783.00","15,06,425"
16. September 2020,"6,776.00","6,757.00","78,900","2,505.00","2,526.00","2,19,625","1,759.00","1,798.00","15,10,400"
15. September 2020,"6,813.50","6,800.50","78,550","2,503.50","2,524.50","2,19,700","1,767.00","1,806.50","15,13,925"
14. September 2020,"6,788.00","6,762.00","74,875","2,454.50","2,476.50","2,19,700","1,749.00","1,787.50","15,16,500"
11. September 2020,"6,757.50","6,729.00","75,550","2,428.50","2,451.00","2,19,700","1,746.50","1,785.50","15,20,650"
10. September 2020,"6,710.50","6,684.50","75,975","2,383.00","2,409.50","2,19,725","1,743.50","1,781.00","15,24,075"
09. September 2020,"6,709.00","6,681.00","73,425","2,386.50","2,412.00","2,19,775","1,740.00","1,777.50","15,26,575"
08. September 2020,"6,767.50","6,736.00","76,550","2,425.50","2,453.50","2,19,775","1,744.00","1,783.00","15,29,425"
07. September 2020,"6,790.50","6,772.00","77,550","2,456.00","2,485.00","2,19,875","1,763.00","1,803.50","15,33,625"
04. September 2020,"6,678.00","6,655.00","82,450","2,463.50","2,498.00","2,20,050","1,753.00","1,789.00","15,37,675"
03. September 2020,"6,613.00","6,604.00","84,650","2,487.50","2,514.50","2,20,100","1,743.50","1,779.00","15,41,800"
02. September 2020,"6,719.00","6,705.00","84,975","2,539.00","2,564.50","2,20,150","1,778.50","1,815.00","15,45,575"
01. September 2020,"6,788.50","6,768.00","88,250","2,554.00","2,577.50","2,20,125","1,781.50","1,818.00","15,50,225"
28. August 2020,"6,728.00","6,702.00","89,350","2,529.50","2,554.50","2,19,950","1,762.00","1,797.50","15,54,375"
27. August 2020,"6,602.50","6,575.00","90,775","2,455.00","2,482.00","2,22,450","1,738.00","1,776.50","15,59,300"
26. August 2020,"6,603.50","6,584.00","92,025","2,454.00","2,480.50","2,24,100","1,737.00","1,779.00","15,63,300"
25. August 2020,"6,544.50","6,525.00","95,525","2,462.00","2,490.00","2,24,300","1,733.00","1,773.50","15,67,375"
24. August 2020,"6,579.50","6,559.50","97,900","2,430.00","2,456.00","2,25,075","1,735.50","1,776.00","15,72,950"
21. August 2020,"6,564.50","6,542.00","1,03,475","2,450.00","2,474.50","2,26,300","1,722.50","1,761.50","15,74,100"
20. August 2020,"6,594.50","6,584.50","1,04,425","2,466.50","2,488.50","2,25,725","1,755.50","1,791.50","15,78,200"
19. August 2020,"6,667.00","6,648.00","1,06,225","2,468.50","2,486.00","2,26,400","1,746.50","1,783.00","15,85,000"
18. August 2020,"6,492.50","6,486.50","1,07,525","2,448.50","2,469.50","2,24,750","1,733.00","1,770.00","15,90,550"
17. August 2020,"6,439.50","6,428.00","1,10,000","2,403.00","2,423.50","2,20,125","1,719.50","1,757.00","15,88,325"
14. August 2020,"6,342.50","6,334.00","1,13,200","2,360.00","2,379.50","2,13,950","1,730.00","1,766.00","15,94,325"
13. August 2020,"6,380.00","6,373.50","1,13,875","2,362.50","2,382.50","2,13,825","1,738.00","1,774.00","16,00,525"
12. August 2020,"6,379.00","6,380.50","1,14,575","2,377.00","2,394.50","2,12,750","1,754.00","1,789.50","16,06,400"
11. August 2020,"6,356.50","6,361.00","1,14,625","2,371.00","2,388.50","1,97,675","1,749.50","1,786.00","16,17,175"
10. August 2020,"6,363.00","6,361.50","1,14,375","2,368.50","2,380.00","1,97,750","1,730.00","1,766.00","16,21,400"
07. August 2020,"6,437.00","6,428.50","1,17,950","2,393.00","2,410.00","1,97,175","1,744.00","1,780.00","16,26,850"
06. August 2020,"6,453.50","6,450.50","1,20,950","2,377.50","2,390.00","1,87,425","1,722.00","1,758.50","16,32,325"
05. August 2020,"6,525.50","6,523.00","1,22,450","2,370.00","2,381.50","1,87,575","1,739.00","1,778.50","16,37,675"
04. August 2020,"6,440.00","6,435.00","1,25,150","2,304.00","2,315.50","1,87,650","1,709.50","1,748.50","16,42,050"
03. August 2020,"6,441.00","6,435.00","1,26,675","2,286.00","2,297.50","1,87,975","1,679.50","1,718.50","16,32,175"
31. July 2020,"6,446.50","6,439.50","1,28,125","2,299.00","2,311.00","1,88,050","1,685.50","1,722.00","16,37,425"
30. July 2020,"6,433.50","6,428.00","1,29,225","2,275.00","2,284.00","1,88,175","1,681.50","1,719.00","16,43,125"
29. July 2020,"6,475.00","6,468.00","1,31,900","2,286.00","2,293.50","1,87,475","1,687.00","1,726.50","16,48,775"
28. July 2020,"6,399.50","6,393.00","1,34,025","2,206.00","2,215.00","1,73,000","1,671.00","1,709.00","16,58,175"
27. July 2020,"6,425.50","6,420.00","1,38,025","2,210.50","2,220.00","1,58,825","1,661.50","1,700.50","16,68,500"
24. July 2020,"6,412.50","6,389.50","1,41,725","2,193.50","2,202.00","1,54,500","1,654.50","1,692.00","16,49,275"
23. July 2020,"6,533.50","6,510.50","1,43,800","2,207.00","2,214.00","1,50,050","1,661.00","1,697.50","16,40,425"
22. July 2020,"6,527.00","6,506.00","1,45,050","2,202.00","2,213.50","1,33,450","1,651.00","1,686.50","16,48,225"
21. July 2020,"6,513.00","6,505.00","1,46,300","2,207.50","2,218.00","1,21,050","1,646.50","1,682.50","16,52,200"
20. July 2020,"6,416.50","6,410.50","1,51,075","2,171.00","2,183.00","1,21,700","1,621.00","1,658.00","16,58,975"
17. July 2020,"6,454.50","6,447.00","1,57,350","2,188.00","2,200.50","1,22,400","1,618.00","1,654.50","16,64,400"
16. July 2020,"6,385.00","6,384.00","1,59,800","2,188.00","2,198.00","1,22,525","1,627.00","1,660.50","16,68,525"
15. July 2020,"6,507.00","6,510.00","1,66,450","2,198.50","2,209.50","1,22,975","1,651.00","1,686.00","16,63,800"
14. July 2020,"6,489.50","6,491.00","1,68,225","2,187.50","2,198.50","1,23,200","1,640.00","1,675.00","16,69,550"
13. July 2020,"6,545.00","6,537.00","1,76,350","2,215.50","2,223.50","1,23,475","1,664.50","1,695.50","16,74,900"
10. July 2020,"6,322.50","6,320.00","1,81,075","2,145.50","2,156.50","1,23,375","1,639.50","1,669.00","16,26,550"
09. July 2020,"6,339.50","6,339.50","1,85,200","2,132.50","2,145.00","1,21,775","1,659.50","1,687.00","16,32,675"
08. July 2020,"6,194.00","6,197.50","1,92,025","2,094.50","2,107.00","1,21,950","1,619.00","1,651.00","16,13,050"
07. July 2020,"6,086.00","6,089.00","1,95,825","2,023.50","2,035.50","1,22,150","1,596.50","1,630.00","16,18,025"
06. July 2020,"6,112.00","6,105.00","2,06,375","2,037.50","2,048.00","1,22,275","1,593.00","1,626.00","16,29,275"
03. July 2020,"6,022.50","6,021.00","2,06,375","2,020.00","2,030.00","1,22,525","1,581.50","1,614.00","16,29,275"
02. July 2020,"6,080.00","6,083.00","2,10,700","2,035.50","2,049.00","1,22,525","1,601.50","1,621.50","16,33,775"
01. July 2020,"6,016.50","6,023.50","2,13,325","2,007.50","2,021.50","1,22,550","1,593.50","1,614.00","16,38,300"
30. June 2020,"6,038.00","6,043.50","2,16,600","2,056.50","2,067.00","1,22,575","1,602.00","1,621.50","16,42,600"
29. June 2020,"5,957.00","5,966.50","2,19,600","2,022.50","2,030.50","1,22,850","1,589.00","1,607.00","16,48,000"
26. June 2020,"5,985.50","5,984.50","2,21,675","2,057.00","2,067.50","1,23,025","1,582.00","1,597.50","16,52,025"
25. June 2020,"5,880.50","5,888.00","2,25,650","2,029.00","2,036.50","1,23,275","1,543.50","1,563.50","16,37,750"
24. June 2020,"5,871.00","5,882.50","2,26,050","2,014.50","2,022.50","1,23,400","1,564.00","1,586.50","16,14,100"
23. June 2020,"5,895.00","5,909.00","2,28,450","2,052.00","2,057.50","1,23,450","1,577.50","1,598.00","16,17,550"
22. June 2020,"5,825.00","5,846.00","2,33,400","2,070.00","2,067.00","1,23,600","1,573.00","1,590.50","16,17,825"
19. June 2020,"5,835.50","5,855.00","2,36,600","2,073.00","2,076.50","1,24,050","1,578.00","1,599.00","16,05,625"
18. June 2020,"5,799.00","5,825.00","2,43,250","2,037.00","2,043.00","1,24,300","1,586.50","1,608.00","16,10,300"
17. June 2020,"5,734.00","5,763.00","2,44,700","2,014.00","2,025.50","1,24,500","1,577.50","1,600.00","16,14,975"
16. June 2020,"5,759.50","5,787.50","2,48,475","2,007.00","2,018.50","1,24,775","1,573.50","1,595.50","16,16,550"
15. June 2020,"5,646.00","5,673.50","2,47,000","1,955.50","1,968.00","1,24,900","1,546.00","1,570.50","15,77,000"
12. June 2020,"5,785.50","5,809.00","2,34,550","1,991.00","2,003.00","1,25,425","1,560.00","1,586.50","15,48,550"
11. June 2020,"5,801.50","5,825.00","2,31,600","2,003.50","2,014.50","1,19,900","1,582.00","1,605.50","15,35,250"
10. June 2020,"5,801.00","5,822.00","2,33,475","2,001.00","2,012.00","1,13,025","1,613.50","1,638.00","15,41,125"
09. June 2020,"5,680.50","5,704.00","2,36,575","2,002.00","2,012.00","1,01,575","1,565.50","1,592.50","15,41,150"
08. June 2020,"5,659.00","5,678.50","2,37,900","2,009.50","2,015.00","93,125","1,569.50","1,596.00","15,25,650"
05. June 2020,"5,588.00","5,607.00","2,43,750","2,038.50","2,042.00","94,675","1,553.50","1,579.00","15,21,325"
04. June 2020,"5,452.50","5,478.50","2,48,275","1,998.50","2,000.50","96,275","1,535.00","1,560.50","15,26,250"
03. June 2020,"5,499.00","5,522.00","2,52,375","2,008.50","2,010.50","97,800","1,526.00","1,555.50","15,00,900"
02. June 2020,"5,463.00","5,487.50","2,54,275","2,025.50","2,029.50","97,850","1,499.50","1,529.00","15,05,550"
01. June 2020,"5,376.50","5,404.00","2,55,725","1,987.50","1,987.50","99,575","1,511.50","1,540.00","14,96,050"
29. May 2020,"5,332.50","5,357.00","2,61,800","1,971.50","1,967.00","1,01,350","1,515.00","1,536.50","15,00,900"
28. May 2020,"5,278.50","5,306.50","2,64,425","1,918.50","1,916.00","1,03,250","1,500.50","1,524.00","14,93,075"
27. May 2020,"5,308.50","5,342.50","2,65,375","1,938.00","1,937.50","1,06,150","1,504.00","1,527.50","14,93,775"
26. May 2020,"5,341.50","5,375.00","2,70,925","1,975.00","1,976.00","1,06,275","1,486.00","1,513.00","14,79,000"
22. May 2020,"5,242.50","5,272.00","2,71,775","1,963.00","1,957.00","1,06,575","1,473.00","1,498.50","14,58,100"
21. May 2020,"5,387.00","5,413.50","2,72,325","1,996.50","1,993.50","1,06,825","1,487.00","1,514.50","14,62,600"
20. May 2020,"5,333.00","5,360.50","2,73,175","2,021.00","2,016.00","1,07,275","1,454.00","1,486.50","14,66,625"
19. May 2020,"5,314.00","5,343.50","2,74,225","2,017.00","2,016.50","98,375","1,464.00","1,498.00","14,36,575"
18. May 2020,"5,249.50","5,277.50","2,76,375","1,997.00","1,995.50","98,625","1,441.50","1,476.00","14,14,475"
15. May 2020,"5,165.00","5,194.50","2,78,750","1,949.00","1,945.50","98,975","1,432.50","1,467.00","14,19,675"
14. May 2020,"5,155.50","5,186.50","2,82,675","1,939.00","1,940.50","99,025","1,433.50","1,469.00","13,61,575"
13. May 2020,"5,212.50","5,245.00","2,27,025","1,978.00","1,980.50","99,100","1,439.00","1,476.50","13,51,800"
12. May 2020,"5,234.00","5,263.50","2,29,750","2,018.00","2,019.00","99,475","1,443.00","1,482.00","13,54,375"
11. May 2020,"5,231.00","5,266.00","2,41,675","1,999.00","2,002.00","1,00,125","1,454.50","1,490.50","13,47,100"
07. May 2020,"5,227.50","5,257.00","2,43,700","2,000.00","2,002.50","1,00,175","1,450.00","1,486.50","13,49,800"
06. May 2020,"5,199.50","5,228.00","2,45,100","1,945.50","1,949.50","1,00,425","1,443.00","1,481.00","13,52,525"
05. May 2020,"5,111.50","5,142.50","2,45,350","1,897.50","1,909.50","1,00,675","1,438.50","1,479.50","13,55,025"
04. May 2020,"5,058.00","5,086.00","2,51,425","1,882.00","1,894.50","1,00,850","1,437.00","1,477.00","13,55,175"
01. May 2020,"5,061.00","5,090.50","2,51,475","1,899.00","1,909.50","1,00,850","1,440.00","1,477.50","13,56,150"
30. April 2020,"5,231.00","5,258.50","2,53,700","1,929.50","1,936.00","97,425","1,460.50","1,498.00","13,46,200"
29. April 2020,"5,184.00","5,215.00","2,56,100","1,930.00","1,939.00","97,525","1,464.00","1,504.00","13,46,775"
28. April 2020,"5,169.50","5,197.50","2,56,150","1,915.00","1,925.00","96,850","1,465.00","1,503.50","13,47,000"
27. April 2020,"5,165.50","5,190.00","2,58,475","1,891.50","1,906.50","97,775","1,472.50","1,509.50","13,36,775"
24. April 2020,"5,118.00","5,142.00","2,62,600","1,864.00","1,874.00","99,475","1,473.00","1,508.00","13,17,925"
23. April 2020,"5,120.50","5,147.50","2,63,425","1,855.00","1,868.00","1,00,075","1,473.50","1,509.50","13,07,725"
22. April 2020,"5,034.00","5,061.50","2,64,525","1,898.00","1,913.00","97,600","1,461.50","1,501.50","12,98,125"
21. April 2020,"4,994.50","5,029.50","2,64,725","1,876.00","1,887.00","97,850","1,443.50","1,483.50","12,98,225"
20. April 2020,"5,169.50","5,190.00","2,63,750","1,940.50","1,951.50","98,050","1,451.50","1,490.00","13,00,950"
17. April 2020,"5,175.50","5,193.50","2,65,425","1,933.50","1,946.50","98,300","1,482.50","1,520.00","12,59,150"
16. April 2020,"5,098.50","5,121.50","2,60,825","1,923.50","1,936.00","99,150","1,476.00","1,514.00","12,61,475"
15. April 2020,"5,054.50","5,085.50","2,61,225","1,908.50","1,922.00","99,750","1,469.50","1,507.50","12,61,550"
14. April 2020,"5,119.00","5,150.00","2,59,775","1,906.00","1,920.50","97,300","1,456.00","1,495.50","12,48,000"
09. April 2020,"4,963.50","4,992.50","2,60,275","1,884.00","1,898.50","97,975","1,428.50","1,467.00","12,39,700"
08. April 2020,"4,976.00","5,000.50","2,59,850","1,890.00","1,904.00","89,475","1,421.50","1,459.50","12,27,450"
07. April 2020,"5,067.50","5,085.50","2,16,500","1,932.00","1,940.00","75,400","1,455.50","1,491.50","12,13,750"
06. April 2020,"4,867.00","4,881.00","2,17,475","1,854.50","1,868.50","75,850","1,424.50","1,460.50","12,13,400"
03. April 2020,"4,863.50","4,880.50","2,18,525","1,862.00","1,876.00","76,250","1,452.00","1,486.00","12,07,925"
02. April 2020,"4,821.50","4,840.50","2,19,925","1,845.00","1,858.50","73,100","1,448.50","1,482.50","12,10,475"
01. April 2020,"4,772.00","4,787.00","2,21,200","1,843.00","1,853.00","73,800","1,463.50","1,498.00","11,64,200"
31. March 2020,"4,797.00","4,811.50","2,22,225","1,867.50","1,879.50","73,125","1,489.00","1,524.00","11,48,750"
30. March 2020,"4,763.00","4,773.00","2,22,900","1,837.00","1,847.50","72,950","1,495.00","1,528.00","11,50,775"
27. March 2020,"4,774.00","4,785.50","2,23,725","1,848.50","1,862.00","73,350","1,506.00","1,538.50","11,31,675"
26. March 2020,"4,775.50","4,789.50","2,24,375","1,831.50","1,848.00","74,075","1,507.50","1,539.50","11,12,575"
25. March 2020,"4,754.00","4,766.50","2,25,175","1,773.50","1,793.00","74,725","1,507.50","1,541.50","10,98,425"
24. March 2020,"4,789.50","4,797.50","2,26,200","1,822.00","1,836.00","74,500","1,532.50","1,567.50","11,00,675"
23. March 2020,"4,617.50","4,626.50","2,27,325","1,814.00","1,822.50","74,900","1,536.00","1,568.00","10,76,050"
20. March 2020,"4,855.00","4,868.00","2,27,875","1,880.00","1,891.00","73,200","1,580.50","1,605.00","10,69,925"
19. March 2020,"4,685.00","4,690.00","2,31,025","1,841.00","1,845.00","73,700","1,581.00","1,607.00","10,09,100"
18. March 2020,"4,860.50","4,881.00","2,33,150","1,820.00","1,843.00","73,275","1,602.50","1,628.00","9,67,325"
17. March 2020,"5,205.00","5,218.00","2,20,325","1,900.00","1,913.00","74,000","1,628.00","1,649.00","9,73,050"
16. March 2020,"5,211.00","5,221.00","1,79,725","1,932.00","1,950.00","74,125","1,640.50","1,655.00","9,78,450"
13. March 2020,"5,530.50","5,548.00","1,83,700","1,986.50","2,003.00","74,600","1,677.00","1,696.00","9,87,175"
12. March 2020,"5,386.50","5,400.00","1,87,450","1,927.00","1,942.00","74,900","1,643.00","1,658.00","9,94,675"
11. March 2020,"5,552.00","5,562.00","1,89,725","1,978.50","1,994.00","75,225","1,670.50","1,687.00","10,02,300"
10. March 2020,"5,598.00","5,608.50","1,90,425","2,000.00","2,020.00","74,550","1,689.00","1,708.50","10,10,025"
09. March 2020,"5,483.00","5,495.00","1,94,125","1,925.50","1,950.50","74,300","1,643.50","1,666.50","10,19,950"
06. March 2020,"5,624.00","5,640.00","2,00,275","1,978.00","1,997.50","74,400","1,687.00","1,709.00","10,30,750"
05. March 2020,"5,667.50","5,688.00","2,03,275","2,002.00","2,018.50","74,600","1,715.00","1,726.00","10,40,775"
04. March 2020,"5,694.50","5,718.00","2,06,575","1,964.00","1,984.00","74,725","1,723.50","1,732.00","10,50,750"
03. March 2020,"5,668.00","5,689.00","2,11,225","1,986.00","2,002.00","75,025","1,706.00","1,722.00","10,61,375"
02. March 2020,"5,640.00","5,657.00","2,16,950","2,009.00","2,023.00","75,200","1,684.50","1,700.00","10,71,875"
28. February 2020,"5,573.00","5,597.00","2,18,175","2,018.50","2,022.00","75,275","1,663.00","1,680.00","10,82,150"
27. February 2020,"5,618.00","5,640.00","2,19,875","1,999.00","2,020.00","75,425","1,671.00","1,690.50","10,92,275"
26. February 2020,"5,614.00","5,639.50","2,21,425","2,014.00","2,036.00","75,975","1,676.50","1,698.00","11,03,575"
25. February 2020,"5,663.50","5,687.00","1,60,250","2,038.00","2,062.00","75,200","1,685.00","1,705.00","11,15,400"
24. February 2020,"5,657.50","5,681.00","1,61,575","2,039.00","2,060.50","75,375","1,672.50","1,698.00","11,27,400"
21. February 2020,"5,702.00","5,727.00","1,63,425","2,086.50","2,105.00","75,425","1,677.00","1,703.00","11,38,975"
20. February 2020,"5,730.00","5,746.00","1,64,850","2,100.00","2,115.00","75,475","1,687.00","1,715.00","11,50,775"
19. February 2020,"5,745.50","5,770.00","1,66,425","2,126.50","2,144.00","74,600","1,686.00","1,712.50","11,62,300"
18. February 2020,"5,728.00","5,758.00","1,66,475","2,128.00","2,143.00","74,700","1,681.00","1,708.50","11,77,425"
17. February 2020,"5,802.00","5,811.00","1,61,400","2,153.50","2,169.00","74,725","1,678.50","1,712.00","11,92,375"
14. February 2020,"5,737.00","5,753.00","1,62,375","2,138.00","2,154.00","74,825","1,704.50","1,734.00","12,06,450"
13. February 2020,"5,716.00","5,740.00","1,64,550","2,157.00","2,167.00","72,500","1,701.50","1,727.50","12,21,000"
12. February 2020,"5,747.00","5,764.00","1,67,075","2,140.00","2,148.00","72,600","1,707.00","1,733.00","12,32,200"
11. February 2020,"5,696.00","5,714.00","1,70,000","2,145.00","2,150.00","72,025","1,689.50","1,717.00","12,39,800"
10. February 2020,"5,659.50","5,668.00","1,71,750","2,128.00","2,133.00","71,150","1,676.00","1,705.00","12,29,700"
07. February 2020,"5,653.00","5,670.00","1,71,525","2,152.50","2,154.00","62,675","1,693.50","1,721.00","12,42,950"
06. February 2020,"5,726.00","5,740.00","1,74,800","2,206.00","2,204.00","52,950","1,698.00","1,723.50","12,57,750"
05. February 2020,"5,714.00","5,735.00","1,76,575","2,222.50","2,215.00","49,625","1,688.00","1,716.00","12,74,550"
04. February 2020,"5,652.00","5,666.00","1,78,325","2,217.50","2,212.00","49,625","1,687.00","1,713.00","12,57,950"
03. February 2020,"5,595.00","5,602.00","1,79,800","2,200.00","2,187.50","49,775","1,694.50","1,719.00","12,72,525"
31. January 2020,"5,570.00","5,588.00","1,80,725","2,219.00","2,200.00","49,775","1,709.50","1,724.50","12,88,350"
30. January 2020,"5,621.00","5,635.00","1,82,550","2,235.50","2,220.00","49,900","1,722.50","1,736.00","12,74,325"
29. January 2020,"5,698.00","5,723.00","1,83,825","2,256.00","2,243.50","50,175","1,732.50","1,748.00","12,56,350"
28. January 2020,"5,715.00","5,746.00","1,85,300","2,270.00","2,254.00","50,275","1,744.50","1,759.50","12,42,425"
27. January 2020,"5,779.00","5,809.00","1,87,250","2,293.00","2,279.00","50,350","1,755.50","1,765.00","12,48,025"
24. January 2020,"5,968.00","5,996.00","1,90,075","2,354.50","2,339.00","50,425","1,775.50","1,786.00","12,60,150"
23. January 2020,"6,050.00","6,082.00","1,90,350","2,386.00","2,373.00","50,550","1,781.50","1,794.00","12,76,850"
22. January 2020,"6,103.50","6,139.00","1,95,375","2,466.50","2,450.00","50,700","1,807.50","1,819.00","12,92,500"
21. January 2020,"6,158.50","6,186.00","1,62,925","2,455.00","2,432.50","50,900","1,810.50","1,818.00","13,09,050"
20. January 2020,"6,245.00","6,271.00","1,24,225","2,461.00","2,440.00","51,125","1,807.00","1,814.00","13,27,675"
17. January 2020,"6,276.50","6,306.00","1,25,250","2,434.00","2,416.00","51,450","1,796.00","1,808.00","13,40,725"
16. January 2020,"6,300.50","6,330.00","1,26,775","2,438.00","2,417.00","51,575","1,794.00","1,814.00","13,53,875"
15. January 2020,"6,232.00","6,270.00","1,28,050","2,390.00","2,373.00","51,650","1,778.50","1,805.50","13,67,875"
14. January 2020,"6,247.00","6,280.00","1,28,100","2,364.00","2,354.50","51,800","1,767.50","1,797.00","13,81,175"
13. January 2020,"6,177.00","6,201.00","1,30,000","2,366.50","2,354.00","50,975","1,766.50","1,793.00","13,96,550"
10. January 2020,"6,157.00","6,184.00","1,32,725","2,382.00","2,370.50","51,200","1,771.50","1,798.00","14,10,675"
09. January 2020,"6,156.00","6,186.00","1,35,800","2,419.00","2,406.50","51,375","1,771.00","1,799.50","14,25,575"
08. January 2020,"6,154.00","6,175.00","1,38,400","2,406.00","2,386.00","50,175","1,771.50","1,806.00","14,39,300"
07. January 2020,"6,134.50","6,159.00","1,40,925","2,346.00","2,337.00","50,500","1,794.00","1,826.50","14,51,575"
06. January 2020,"6,097.50","6,119.50","1,42,900","2,335.00","2,320.00","50,775","1,791.00","1,822.00","14,63,200"
03. January 2020,"6,077.00","6,105.00","1,44,525","2,284.00","2,271.00","51,125","1,758.00","1,794.00","14,70,925"
02. January 2020,"6,165.50","6,192.00","1,44,675","2,299.00","2,290.50","51,200","1,772.00","1,803.50","14,73,025"
31. December 2019,"6,156.00","6,183.00","1,45,700","2,293.00","2,292.00","51,225","1,800.00","1,830.00","14,75,025"
30. December 2019,"6,183.50","6,215.00","1,47,125","2,315.00","2,306.50","51,425","1,791.00","1,822.00","14,77,725"
27. December 2019,"6,211.00","6,240.00","1,47,350","2,296.00","2,299.00","51,600","1,789.00","1,816.50","14,83,625"
24. December 2019,"6,184.50","6,213.00","1,49,075","2,277.00","2,272.00","51,900","1,790.50","1,816.00","14,84,525"
23. December 2019,"6,153.00","6,171.00","1,51,100","2,308.00","2,306.00","52,400","1,771.50","1,802.00","14,85,625"
20. December 2019,"6,155.50","6,186.00","1,54,450","2,341.00","2,340.00","52,800","1,770.50","1,803.00","14,86,550"
19. December 2019,"6,161.00","6,185.00","1,57,500","2,324.00","2,320.00","53,525","1,765.50","1,788.00","14,87,300"
18. December 2019,"6,126.50","6,161.00","1,60,825","2,307.00","2,306.00","54,175","1,758.00","1,777.00","14,87,775"
17. December 2019,"6,175.00","6,196.00","1,62,225","2,297.00","2,296.00","54,650","1,754.00","1,767.00","14,44,300"
16. December 2019,"6,155.50","6,163.00","1,67,475","2,269.00","2,266.00","55,275","1,763.00","1,771.00","14,03,075"
13. December 2019,"6,154.00","6,177.00","1,71,800","2,279.00","2,277.00","56,075","1,763.50","1,774.50","13,75,675"
12. December 2019,"6,097.00","6,119.00","1,75,825","2,229.00","2,234.00","56,700","1,755.00","1,767.00","13,43,800"
11. December 2019,"6,083.00","6,109.00","1,81,700","2,222.00","2,224.00","57,300","1,751.50","1,758.00","13,30,825"
10. December 2019,"6,055.00","6,087.00","1,85,200","2,222.00","2,222.00","57,800","1,750.00","1,752.50","13,03,975"
09. December 2019,"5,985.00","6,012.00","1,90,825","2,233.00","2,227.00","58,150","1,766.00","1,762.00","12,88,150"
06. December 2019,"5,867.50","5,900.00","1,93,800","2,250.00","2,242.00","58,675","1,750.50","1,741.00","12,84,300"
05. December 2019,"5,855.00","5,885.00","1,98,425","2,255.00","2,236.50","58,800","1,756.00","1,748.00","12,85,275"
04. December 2019,"5,823.00","5,850.00","2,02,950","2,256.50","2,242.00","59,075","1,771.00","1,763.50","12,74,850"
03. December 2019,"5,812.00","5,835.00","2,06,250","2,221.50","2,210.00","59,200","1,802.00","1,788.00","12,77,300"
02. December 2019,"5,855.50","5,877.00","2,08,525","2,285.50","2,256.00","59,200","1,789.50","1,769.00","12,73,300"
29. November 2019,"5,854.00","5,877.00","2,08,625","2,312.50","2,282.00","59,350","1,785.50","1,761.00","12,71,650"
28. November 2019,"5,881.50","5,905.00","2,10,200","2,312.50","2,286.00","59,800","1,765.00","1,756.50","12,30,300"
27. November 2019,"5,925.50","5,950.00","2,13,200","2,335.00","2,301.00","58,875","1,770.50","1,761.00","12,28,325"
26. November 2019,"5,856.00","5,872.00","2,14,200","2,301.00","2,273.00","59,000","1,750.50","1,742.50","12,29,475"
25. November 2019,"5,872.50","5,886.50","2,16,100","2,335.00","2,304.00","59,500","1,753.00","1,736.50","12,30,025"
22. November 2019,"5,834.00","5,851.00","2,18,925","2,315.00","2,291.00","59,875","1,750.00","1,738.50","11,80,400"
21. November 2019,"5,813.00","5,830.50","2,22,075","2,328.00","2,299.50","59,350","1,753.00","1,736.00","11,70,675"
20. November 2019,"5,873.00","5,898.00","2,20,950","2,360.50","2,336.00","57,975","1,748.00","1,740.50","11,69,525"
19. November 2019,"5,821.50","5,843.00","2,19,475","2,362.00","2,340.00","56,275","1,734.50","1,734.00","11,58,975"
18. November 2019,"5,828.00","5,851.00","2,21,450","2,384.00","2,365.00","52,225","1,744.00","1,746.00","11,56,250"
15. November 2019,"5,812.00","5,835.00","2,24,775","2,427.00","2,385.50","52,550","1,741.00","1,745.00","10,65,175"
14. November 2019,"5,835.00","5,854.00","2,21,725","2,458.00","2,411.50","52,600","1,756.00","1,759.00","10,20,975"
13. November 2019,"5,823.00","5,850.00","2,24,425","2,482.00","2,437.50","53,250","1,768.00","1,769.00","9,45,900"
12. November 2019,"5,838.00","5,860.00","2,29,350","2,542.50","2,488.00","53,250","1,765.50","1,768.00","9,42,125"
11. November 2019,"5,857.00","5,877.00","2,34,200","2,538.00","2,485.00","50,100","1,805.00","1,805.00","9,40,500"
08. November 2019,"5,951.50","5,965.50","2,35,950","2,507.00","2,466.00","50,825","1,827.50","1,820.00","9,43,175"
07. November 2019,"5,941.00","5,949.00","2,38,550","2,542.00","2,486.00","51,875","1,817.50","1,808.00","9,45,475"
06. November 2019,"5,913.50","5,932.00","2,41,925","2,528.00","2,482.00","53,250","1,817.50","1,809.50","9,48,600"
05. November 2019,"5,880.00","5,912.00","2,48,000","2,595.00","2,538.00","53,525","1,813.50","1,811.50","9,51,275"
04. November 2019,"5,846.50","5,875.00","2,51,475","2,586.00","2,531.00","53,875","1,787.00","1,782.00","9,53,900"
01. November 2019,"5,797.00","5,819.00","2,55,025","2,541.00","2,495.00","54,500","1,766.00","1,764.00","9,56,200"
31. October 2019,"5,825.00","5,850.00","2,63,400","2,543.00","2,496.00","55,225","1,742.50","1,747.00","9,59,050"
30. October 2019,"5,883.00","5,913.00","2,70,325","2,563.50","2,524.00","56,025","1,746.50","1,751.00","9,61,375"
29. October 2019,"5,879.50","5,902.00","2,50,750","2,586.00","2,540.00","57,050","1,737.50","1,742.00","9,61,650"
28. October 2019,"5,888.50","5,910.00","2,55,650","2,577.00","2,537.00","57,775","1,727.00","1,732.00","9,63,825"
25. October 2019,"5,867.50","5,887.00","2,61,025","2,544.00","2,497.00","58,525","1,710.50","1,720.00","9,66,200"
24. October 2019,"5,869.00","5,887.00","2,65,250","2,518.50","2,486.00","59,125","1,715.00","1,724.00","9,68,525"
23. October 2019,"5,773.00","5,801.00","2,69,525","2,510.00","2,475.00","59,725","1,712.00","1,720.00","9,70,425"
22. October 2019,"5,794.00","5,826.00","2,70,350","2,503.00","2,476.00","59,950","1,707.50","1,717.00","9,72,475"
21. October 2019,"5,820.00","5,843.00","2,68,200","2,500.00","2,475.00","60,325","1,735.50","1,742.00","9,74,625"
18. October 2019,"5,751.00","5,775.00","2,68,400","2,489.00","2,455.00","60,825","1,729.00","1,731.00","9,77,125"
17. October 2019,"5,726.50","5,758.00","2,75,100","2,457.00","2,426.00","61,275","1,726.00","1,730.00","9,79,575"
16. October 2019,"5,684.00","5,709.00","2,75,575","2,441.00","2,413.50","61,475","1,703.50","1,715.00","9,83,525"
15. October 2019,"5,745.00","5,780.00","2,74,975","2,436.00","2,421.50","61,625","1,702.00","1,716.00","9,85,900"
14. October 2019,"5,718.50","5,755.00","2,77,350","2,432.00","2,410.00","62,025","1,704.50","1,716.00","9,83,600"
11. October 2019,"5,763.00","5,797.00","2,82,325","2,440.50","2,405.00","62,475","1,721.00","1,726.00","9,74,200"
10. October 2019,"5,698.50","5,732.00","2,85,600","2,400.00","2,359.00","62,800","1,738.00","1,743.00","9,68,450"
09. October 2019,"5,660.00","5,692.00","2,83,125","2,322.00","2,293.00","63,000","1,729.00","1,738.50","9,66,125"
08. October 2019,"5,650.50","5,688.00","2,83,350","2,294.50","2,274.00","63,425","1,732.00","1,738.50","9,65,575"
07. October 2019,"5,626.00","5,668.50","2,85,600","2,327.00","2,304.50","64,325","1,713.00","1,720.00","9,64,225"
04. October 2019,"5,599.00","5,635.00","2,88,425","2,345.00","2,306.00","65,075","1,701.50","1,715.50","9,66,525"
03. October 2019,"5,626.00","5,657.00","2,90,250","2,324.00","2,279.00","65,700","1,697.00","1,711.00","9,64,275"
02. October 2019,"5,629.00","5,662.00","2,54,075","2,315.50","2,273.00","66,350","1,697.00","1,719.00","9,62,350"
01. October 2019,"5,610.00","5,640.00","2,58,775","2,380.00","2,344.00","66,750","1,705.50","1,719.50","9,36,025"
30. September 2019,"5,728.00","5,761.00","2,64,425","2,377.00","2,322.50","67,300","1,703.50","1,722.50","9,27,475"
27. September 2019,"5,714.00","5,743.00","2,66,225","2,336.00","2,298.00","67,750","1,713.00","1,733.50","9,14,725"
26. September 2019,"5,757.00","5,792.00","2,71,875","2,338.00","2,313.00","59,825","1,724.00","1,744.00","9,10,575"
25. September 2019,"5,718.50","5,750.00","2,76,825","2,288.50","2,264.50","60,550","1,736.00","1,758.50","9,07,400"
24. September 2019,"5,761.00","5,790.00","2,80,150","2,314.00","2,296.50","61,100","1,751.50","1,772.00","8,99,925"
23. September 2019,"5,695.00","5,728.00","2,83,550","2,302.00","2,290.50","62,150","1,756.00","1,778.00","8,95,625"
20. September 2019,"5,777.50","5,805.00","2,87,150","2,310.00","2,310.00","62,925","1,766.00","1,792.00","8,97,900"
19. September 2019,"5,758.50","5,790.00","2,90,800","2,299.00","2,297.50","64,025","1,762.50","1,792.00","9,00,725"
18. September 2019,"5,745.00","5,780.00","2,95,800","2,321.00","2,320.00","64,875","1,751.00","1,782.00","9,04,175"
17. September 2019,"5,762.00","5,797.00","2,99,325","2,344.50","2,344.00","62,125","1,746.50","1,779.00","9,05,725"
16. September 2019,"5,877.00","5,907.50","3,01,925","2,389.00","2,392.00","61,950","1,770.50","1,805.00","9,08,425"
13. September 2019,"5,870.00","5,896.00","2,96,625","2,382.00","2,380.00","62,550","1,768.00","1,802.00","9,10,950"
12. September 2019,"5,842.50","5,875.00","2,99,750","2,357.00","2,359.00","62,950","1,774.00","1,809.00","9,13,625"
11. September 2019,"5,765.00","5,795.00","3,05,225","2,364.50","2,368.00","63,425","1,792.50","1,823.00","9,16,000"
10. September 2019,"5,738.00","5,767.00","3,10,450","2,298.00","2,296.00","63,975","1,776.00","1,804.00","9,16,825"
09. September 2019,"5,771.00","5,795.00","3,10,350","2,311.50","2,305.50","64,825","1,769.00","1,796.50","9,20,000"
06. September 2019,"5,787.50","5,814.00","3,13,275","2,312.00","2,309.50","65,625","1,761.50","1,787.50","9,23,225"
05. September 2019,"5,777.00","5,802.00","3,18,675","2,351.00","2,342.00","66,600","1,754.50","1,778.00","9,18,925"
04. September 2019,"5,663.00","5,691.00","3,23,550","2,268.00","2,256.00","66,175","1,734.50","1,764.50","9,22,375"
03. September 2019,"5,537.00","5,562.00","3,30,050","2,211.00","2,203.50","66,625","1,714.50","1,743.50","9,13,925"
02. September 2019,"5,610.50","5,637.00","3,35,850","2,238.50","2,222.00","66,975","1,716.50","1,745.50","9,19,050"
30. August 2019,"5,678.00","5,696.00","3,37,675","2,246.00","2,241.00","67,350","1,712.50","1,741.50","9,27,000"
29. August 2019,"5,722.00","5,738.50","3,36,575","2,285.00","2,275.00","67,825","1,713.50","1,742.50","9,28,275"
28. August 2019,"5,653.00","5,674.00","3,34,700","2,261.00","2,259.50","68,625","1,724.00","1,758.50","9,36,225"
27. August 2019,"5,662.00","5,686.00","3,33,975","2,270.00","2,265.50","69,750","1,744.00","1,778.00","9,29,125"
23. August 2019,"5,675.00","5,698.00","3,31,925","2,261.00","2,258.00","70,400","1,746.00","1,770.00","9,35,200"
22. August 2019,"5,668.00","5,690.50","3,28,250","2,247.00","2,247.00","70,300","1,739.00","1,766.50","9,41,350"
21. August 2019,"5,696.50","5,724.50","3,29,575","2,257.00","2,256.00","71,000","1,751.00","1,781.00","9,47,925"
20. August 2019,"5,698.00","5,730.00","3,29,600","2,226.00","2,240.00","71,775","1,756.50","1,786.00","9,55,025"
19. August 2019,"5,755.50","5,790.00","3,30,125","2,238.00","2,250.00","72,425","1,762.50","1,795.00","9,62,350"
16. August 2019,"5,710.00","5,735.00","3,31,975","2,264.50","2,273.00","73,300","1,755.50","1,784.00","9,69,250"
15. August 2019,"5,696.50","5,729.00","3,01,750","2,262.00","2,270.50","73,625","1,742.50","1,777.00","9,76,700"
14. August 2019,"5,732.00","5,756.00","2,71,800","2,269.00","2,273.50","74,475","1,741.00","1,773.00","9,84,250"
13. August 2019,"5,697.00","5,727.00","2,72,550","2,263.00","2,270.00","75,225","1,731.00","1,761.50","9,84,300"
12. August 2019,"5,724.50","5,750.00","2,73,350","2,239.00","2,248.50","75,975","1,743.00","1,776.50","9,91,525"
09. August 2019,"5,744.00","5,767.00","2,71,725","2,262.50","2,271.00","76,775","1,746.00","1,776.50","9,98,250"
08. August 2019,"5,723.00","5,748.00","2,74,525","2,272.00","2,278.50","77,150","1,737.50","1,768.50","10,04,225"
07. August 2019,"5,673.50","5,705.00","2,75,950","2,258.00","2,267.00","77,500","1,728.00","1,756.50","10,09,925"
06. August 2019,"5,667.00","5,691.00","2,77,975","2,328.00","2,325.00","77,600","1,740.50","1,766.50","10,17,700"
05. August 2019,"5,647.00","5,678.00","2,83,275","2,321.00","2,324.00","78,225","1,739.50","1,772.00","10,20,000"
02. August 2019,"5,769.00","5,793.00","2,86,600","2,352.00","2,360.00","78,500","1,749.00","1,777.50","10,24,200"
01. August 2019,"5,876.00","5,903.00","2,87,800","2,396.00","2,395.50","79,350","1,757.00","1,785.00","10,27,950"
31. July 2019,"5,926.00","5,950.00","2,90,500","2,425.50","2,423.00","78,000","1,776.50","1,807.00","10,28,875"
30. July 2019,"5,943.00","5,967.00","2,92,500","2,474.00","2,459.00","73,175","1,781.50","1,806.50","10,23,875"
29. July 2019,"5,949.50","5,972.50","2,92,950","2,472.00","2,460.00","73,675","1,774.50","1,799.00","10,16,800"
26. July 2019,"5,945.00","5,966.00","2,94,125","2,423.00","2,420.50","75,700","1,778.00","1,804.50","10,21,325"
25. July 2019,"6,010.00","6,035.00","2,95,475","2,436.00","2,444.00","76,225","1,795.50","1,825.00","9,87,975"
24. July 2019,"5,980.00","6,001.00","2,95,000","2,456.00","2,457.50","76,775","1,795.50","1,827.00","9,53,500"
23. July 2019,"5,968.50","5,999.00","2,93,375","2,408.00","2,420.00","77,800","1,795.00","1,821.00","9,60,175"
22. July 2019,"6,007.50","6,030.00","2,95,725","2,398.50","2,406.00","78,600","1,808.00","1,836.00","9,66,600"
19. July 2019,"6,066.00","6,078.00","2,96,450","2,427.00","2,437.50","79,650","1,833.00","1,856.00","9,74,000"
18. July 2019,"5,948.00","5,956.00","2,98,025","2,477.00","2,478.00","80,500","1,827.50","1,846.00","9,80,200"
17. July 2019,"5,922.00","5,938.00","2,99,600","2,469.50","2,469.00","80,650","1,819.00","1,839.00","9,87,275"
16. July 2019,"5,959.00","5,981.00","2,92,925","2,463.00","2,460.00","80,750","1,818.00","1,837.00","9,94,125"
15. July 2019,"5,997.50","5,995.00","2,85,825","2,461.00","2,444.00","78,550","1,810.00","1,830.00","9,45,375"
12. July 2019,"5,950.00","5,965.00","2,88,200","2,426.50","2,419.50","79,375","1,799.50","1,819.50","9,26,875"
11. July 2019,"5,925.00","5,935.00","2,90,000","2,404.00","2,396.00","80,975","1,807.00","1,828.00","9,34,500"
10. July 2019,"5,862.50","5,880.00","2,93,525","2,381.00","2,381.00","82,800","1,811.50","1,832.00","9,41,750"
09. July 2019,"5,805.00","5,822.00","2,96,025","2,372.00","2,370.00","85,550","1,783.00","1,803.00","9,48,650"
08. July 2019,"5,912.00","5,930.00","2,98,300","2,392.00","2,389.00","87,125","1,783.00","1,800.00","9,56,575"
05. July 2019,"5,857.00","5,870.00","3,02,975","2,404.00","2,399.00","88,600","1,779.50","1,802.00","9,64,400"
04. July 2019,"5,900.00","5,915.00","2,71,525","2,440.00","2,428.00","90,350","1,771.50","1,794.50","9,71,500"
03. July 2019,"5,874.00","5,887.00","2,72,500","2,507.00","2,451.00","91,625","1,754.50","1,779.00","9,77,750"
02. July 2019,"5,910.00","5,926.00","2,39,925","2,491.00","2,434.00","93,500","1,755.50","1,780.00","9,84,450"
01. July 2019,"5,999.00","6,012.00","2,40,900","2,546.00","2,483.00","95,125","1,778.00","1,803.50","9,89,125"
28. June 2019,"5,972.00","5,981.50","2,41,400","2,580.50","2,495.50","97,000","1,773.50","1,793.50","9,96,725"
27. June 2019,"5,953.50","5,967.50","2,41,175","2,518.00","2,471.50","98,975","1,782.00","1,804.00","10,03,750"
26. June 2019,"6,006.00","6,017.50","2,41,700","2,623.00","2,531.50","1,00,825","1,803.00","1,825.00","9,98,600"
25. June 2019,"5,985.50","6,005.00","2,42,875","2,644.00","2,524.00","97,625","1,776.50","1,801.00","10,07,300"
24. June 2019,"5,917.00","5,932.50","2,44,725","2,578.00","2,461.50","95,525","1,747.50","1,773.00","10,16,025"
21. June 2019,"5,941.00","5,952.00","2,46,050","2,542.50","2,432.50","97,200","1,743.50","1,767.50","10,23,450"
20. June 2019,"5,962.00","5,972.00","2,47,050","2,586.00","2,488.50","97,950","1,778.00","1,803.00","10,31,625"
19. June 2019,"5,895.00","5,920.00","2,48,375","2,607.50","2,481.50","99,475","1,746.50","1,776.50","10,38,700"
18. June 2019,"5,848.50","5,876.00","2,50,750","2,589.00","2,476.00","98,650","1,733.00","1,763.00","10,46,850"
17. June 2019,"5,756.00","5,790.00","2,51,350","2,549.00","2,428.50","1,00,150","1,719.50","1,754.50","10,55,075"
14. June 2019,"5,805.50","5,827.50","2,52,425","2,575.00","2,462.50","1,00,625","1,737.50","1,771.00","10,64,625"
13. June 2019,"5,797.50","5,830.00","2,48,550","2,604.00","2,492.00","1,02,100","1,756.00","1,788.00","10,75,750"
12. June 2019,"5,828.50","5,848.00","2,10,900","2,640.50","2,512.50","1,01,925","1,753.50","1,786.00","10,85,475"
11. June 2019,"5,905.00","5,916.00","2,11,225","2,670.00","2,520.00","1,01,300","1,754.50","1,784.00","10,96,300"
10. June 2019,"5,788.00","5,811.00","2,11,350","2,620.50","2,475.00","1,01,300","1,720.50","1,753.00","11,05,750"
07. June 2019,"5,770.00","5,785.50","2,11,575","2,621.00","2,483.50","1,00,425","1,733.00","1,765.50","11,11,475"
06. June 2019,"5,805.00","5,823.00","2,11,650","2,637.00","2,511.00","99,525","1,742.50","1,774.00","11,14,125"
05. June 2019,"5,832.50","5,859.50","2,12,050","2,605.50","2,462.50","99,775","1,766.00","1,794.00","11,19,350"
04. June 2019,"5,804.00","5,827.00","2,11,775","2,636.00","2,484.50","99,625","1,751.50","1,776.00","11,31,900"
03. June 2019,"5,796.00","5,820.00","2,11,800","2,615.50","2,478.00","1,00,375","1,763.50","1,788.50","11,41,100"
31. May 2019,"5,780.50","5,819.00","2,12,000","2,685.00","2,530.00","1,00,800","1,761.00","1,788.50","11,55,025"
30. May 2019,"5,823.00","5,854.00","2,12,450","2,705.00","2,547.50","1,00,850","1,762.00","1,787.00","11,64,975"
29. May 2019,"5,864.50","5,890.00","1,85,000","2,680.00","2,532.00","1,01,300","1,770.00","1,797.00","11,77,250"
28. May 2019,"5,956.50","5,980.00","1,85,575","2,738.00","2,574.50","1,01,925","1,773.00","1,804.00","12,00,800"
24. May 2019,"5,919.00","5,950.00","1,85,825","2,705.00","2,545.50","1,02,600","1,761.50","1,795.00","12,08,900"
23. May 2019,"5,860.00","5,897.00","1,86,475","2,668.00","2,518.00","1,03,225","1,740.00","1,770.50","12,14,025"
22. May 2019,"5,920.00","5,957.00","1,87,700","2,713.00","2,568.00","1,03,725","1,747.00","1,781.50","12,22,625"
21. May 2019,"6,004.00","6,035.00","1,89,250","2,723.00","2,571.50","1,03,900","1,766.00","1,805.00","12,25,400"
20. May 2019,"5,985.00","6,011.00","1,88,725","2,705.00","2,555.50","1,04,850","1,786.00","1,819.50","12,31,200"
17. May 2019,"6,025.00","6,044.00","1,90,550","2,755.00","2,607.00","1,05,300","1,805.00","1,835.00","12,39,975"
16. May 2019,"6,089.00","6,113.00","1,91,725","2,781.00","2,632.00","1,04,875","1,832.00","1,862.00","12,44,850"
15. May 2019,"6,002.00","6,032.00","1,94,250","2,730.00","2,609.00","1,05,000","1,802.00","1,832.00","12,50,250"
14. May 2019,"6,007.00","6,040.00","1,98,650","2,715.00","2,591.00","1,05,325","1,792.00","1,823.00","12,55,450"
13. May 2019,"6,042.50","6,069.00","2,03,750","2,719.50","2,598.00","1,05,400","1,765.50","1,801.00","12,61,450"
10. May 2019,"6,135.50","6,146.50","2,11,475","2,751.00","2,630.00","97,650","1,765.00","1,800.50","12,66,575"
09. May 2019,"6,112.00","6,121.00","2,17,975","2,725.00","2,624.00","97,025","1,766.50","1,799.00","12,74,450"
08. May 2019,"6,103.00","6,126.00","2,27,200","2,764.00","2,664.00","94,300","1,761.00","1,800.00","12,75,200"
07. May 2019,"6,174.00","6,178.00","2,30,075","2,835.00","2,713.00","87,750","1,767.00","1,798.50","12,63,400"
03. May 2019,"6,180.00","6,180.50","2,28,275","2,867.00","2,761.00","87,775","1,783.50","1,811.00","12,50,250"
02. May 2019,"6,214.00","6,215.00","2,31,950","2,832.00","2,745.00","88,750","1,800.50","1,817.50","12,27,650"
01. May 2019,"6,398.00","6,384.00","2,25,925","2,906.00","2,808.00","85,050","1,775.50","1,789.00","11,35,300"
30. April 2019,"6,442.00","6,435.00","2,29,175","2,934.50","2,806.50","81,325","1,809.00","1,817.50","10,74,650"
29. April 2019,"6,376.00","6,372.00","2,32,225","2,888.00","2,766.50","81,325","1,816.00","1,831.50","10,69,075"
26. April 2019,"6,393.00","6,388.00","1,95,900","2,917.00","2,772.00","80,025","1,832.00","1,849.00","10,20,875"
25. April 2019,"6,375.50","6,380.00","1,94,800","2,870.00","2,745.50","76,425","1,852.00","1,862.00","10,27,800"
24. April 2019,"6,437.50","6,442.00","1,86,125","2,859.00","2,756.50","76,575","1,854.00","1,872.00","10,32,925"
23. April 2019,"6,430.00","6,439.50","1,88,300","2,882.00","2,778.50","76,825","1,855.00","1,871.00","10,47,100"
18. April 2019,"6,448.00","6,456.00","1,89,225","2,854.00","2,761.00","73,575","1,839.00","1,854.50","10,53,925"
17. April 2019,"6,509.00","6,533.00","1,90,650","2,927.00","2,828.50","66,350","1,840.50","1,858.00","10,60,800"
16. April 2019,"6,460.00","6,488.00","1,90,500","2,919.50","2,832.00","66,475","1,839.00","1,856.00","10,68,325"
15. April 2019,"6,456.00","6,475.00","1,91,750","3,000.00","2,899.50","56,125","1,843.50","1,860.00","10,74,450"
12. April 2019,"6,490.00","6,514.50","1,92,425","3,010.00","2,909.00","52,200","1,843.50","1,865.00","10,81,975"
11. April 2019,"6,432.50","6,443.00","1,94,425","2,980.00","2,894.50","52,350","1,847.50","1,863.50","10,86,075"
10. April 2019,"6,447.00","6,466.00","1,97,525","2,945.00","2,863.00","52,550","1,852.00","1,876.00","10,90,625"
09. April 2019,"6,498.00","6,507.00","1,98,275","2,936.00","2,871.00","52,750","1,851.00","1,876.50","10,94,600"
08. April 2019,"6,432.50","6,452.00","1,97,550","2,960.00","2,891.50","51,875","1,858.50","1,883.00","10,98,925"
05. April 2019,"6,419.00","6,434.00","1,98,300","2,969.00","2,908.50","50,425","1,864.00","1,886.50","11,04,525"
04. April 2019,"6,444.00","6,465.00","1,98,325","2,993.00","2,921.00","50,875","1,872.00","1,892.50","11,10,275"
03. April 2019,"6,483.00","6,488.00","1,67,950","2,975.00","2,898.00","50,900","1,865.00","1,894.00","11,08,825"
02. April 2019,"6,431.00","6,440.00","1,67,425","2,938.00","2,877.50","50,850","1,858.00","1,884.00","11,15,000"
01. April 2019,"6,498.00","6,492.00","1,68,525","3,018.00","2,949.00","51,275","1,888.00","1,913.00","11,22,825"
29. March 2019,"6,485.00","6,478.00","1,68,525","3,000.00","2,916.00","52,325","1,900.00","1,914.00","11,29,175"
28. March 2019,"6,385.00","6,372.50","1,69,950","2,949.00","2,889.00","53,575","1,896.50","1,912.00","11,34,950"
27. March 2019,"6,338.50","6,340.00","1,70,725","2,929.00","2,863.00","55,225","1,898.50","1,914.50","11,42,725"
26. March 2019,"6,361.00","6,340.00","1,72,275","2,905.50","2,859.00","56,425","1,849.50","1,876.00","11,49,725"
25. March 2019,"6,328.00","6,324.00","1,73,800","2,839.00","2,805.00","57,075","1,856.00","1,887.00","11,55,450"
22. March 2019,"6,375.00","6,369.00","1,75,325","2,865.00","2,833.50","57,650","1,867.00","1,893.50","11,60,275"
21. March 2019,"6,520.00","6,501.00","1,76,450","2,901.50","2,869.00","57,825","1,891.00","1,920.00","11,66,100"
20. March 2019,"6,487.00","6,469.00","1,79,275","2,876.00","2,844.00","58,150","1,923.00","1,944.50","11,72,100"
19. March 2019,"6,500.00","6,484.00","1,81,200","2,841.00","2,803.50","58,325","1,907.50","1,935.00","11,78,375"
18. March 2019,"6,492.00","6,458.00","1,83,825","2,840.00","2,788.50","58,425","1,879.00","1,899.00","11,75,650"
15. March 2019,"6,410.00","6,400.50","1,86,425","2,839.00","2,793.00","58,650","1,868.00","1,892.00","11,82,850"
14. March 2019,"6,409.00","6,390.50","1,44,625","2,878.00","2,829.00","58,700","1,873.50","1,898.00","11,89,025"
13. March 2019,"6,529.00","6,486.00","1,11,775","2,878.00","2,830.00","58,950","1,873.00","1,897.00","11,98,375"
12. March 2019,"6,510.00","6,483.00","1,12,725","2,857.00","2,800.00","59,200","1,851.00","1,878.00","12,05,725"
11. March 2019,"6,435.00","6,402.00","1,13,525","2,774.00","2,747.50","59,450","1,830.00","1,858.00","12,13,125"
08. March 2019,"6,398.50","6,368.00","1,16,725","2,706.00","2,700.50","59,875","1,848.00","1,872.00","12,21,375"
07. March 2019,"6,458.00","6,420.50","1,20,075","2,785.50","2,776.00","61,000","1,841.00","1,864.00","12,29,000"
06. March 2019,"6,505.00","6,454.00","1,16,875","2,801.50","2,778.00","60,900","1,846.00","1,868.50","12,34,900"
05. March 2019,"6,553.50","6,488.00","1,18,600","2,787.00","2,763.50","61,125","1,868.50","1,890.00","12,33,150"
04. March 2019,"6,420.00","6,398.00","1,23,425","2,788.00","2,758.50","63,750","1,859.50","1,878.50","12,30,225"
01. March 2019,"6,572.00","6,524.00","1,26,100","2,839.50","2,794.00","64,550","1,890.50","1,910.50","12,32,950"
28. February 2019,"6,536.00","6,494.00","1,28,475","2,794.00","2,759.00","65,100","1,893.00","1,916.00","12,19,700"
27. February 2019,"6,533.00","6,494.00","1,30,925","2,772.00","2,741.50","67,825","1,898.50","1,921.50","12,24,075"
26. February 2019,"6,471.00","6,465.00","1,33,075","2,741.00","2,713.50","69,475","1,870.00","1,899.00","12,28,475"
25. February 2019,"6,546.00","6,495.50","1,32,450","2,742.00","2,730.00","78,400","1,886.00","1,912.00","12,35,100"
22. February 2019,"6,489.00","6,458.50","1,33,825","2,718.00","2,698.50","81,100","1,890.50","1,911.50","12,39,800"
21. February 2019,"6,391.00","6,372.50","1,37,700","2,698.00","2,676.00","83,250","1,858.50","1,877.00","12,44,050"
20. February 2019,"6,351.50","6,337.00","1,39,500","2,711.50","2,682.00","85,925","1,829.50","1,856.00","12,50,000"
19. February 2019,"6,246.50","6,236.00","1,39,400","2,667.00","2,643.50","87,875","1,833.50","1,862.00","12,55,725"
18. February 2019,"6,269.50","6,240.00","1,40,175","2,632.00","2,629.00","90,275","1,822.50","1,854.00","12,60,325"
15. February 2019,"6,190.00","6,183.50","1,43,175","2,641.00","2,638.50","93,450","1,828.50","1,863.00","12,66,600"
14. February 2019,"6,178.50","6,179.00","1,45,525","2,635.00","2,626.00","98,000","1,829.00","1,851.00","12,73,500"
13. February 2019,"6,120.00","6,130.00","1,47,900","2,603.50","2,606.50","1,01,525","1,840.00","1,865.00","12,80,875"
12. February 2019,"6,102.00","6,118.50","1,48,250","2,640.00","2,635.00","1,05,875","1,840.50","1,866.00","12,86,025"
11. February 2019,"6,148.00","6,165.00","1,48,550","2,648.00","2,642.50","1,08,425","1,848.00","1,869.50","12,92,175"
08. February 2019,"6,207.00","6,228.00","1,49,200","2,688.50","2,691.50","1,09,925","1,865.00","1,889.50","12,96,800"
07. February 2019,"6,227.00","6,246.50","1,49,400","2,719.00","2,716.00","1,11,275","1,862.50","1,891.00","12,91,800"
06. February 2019,"6,210.00","6,230.50","1,49,550","2,719.00","2,719.00","1,11,775","1,886.50","1,912.50","12,92,175"
05. February 2019,"6,174.00","6,191.00","1,49,800","2,770.00","2,761.00","1,12,725","1,896.50","1,923.00","12,98,150"
04. February 2019,"6,076.50","6,105.00","1,49,900","2,785.00","2,773.50","1,12,500","1,840.00","1,868.50","12,97,150"
01. February 2019,"6,097.50","6,125.00","1,49,950","2,732.50","2,721.00","1,13,200","1,872.50","1,893.00","12,84,125"
31. January 2019,"6,148.00","6,167.50","1,49,200","2,719.50","2,707.50","1,13,425","1,880.50","1,904.00","12,87,425"
30. January 2019,"6,077.00","6,096.00","1,49,100","2,673.00","2,668.00","1,13,975","1,871.00","1,890.00","12,89,775"
29. January 2019,"6,007.00","6,029.00","1,47,600","2,680.00","2,678.00","1,14,650","1,853.00","1,875.50","12,96,125"
28. January 2019,"5,996.00","6,027.00","1,46,475","2,699.50","2,685.50","1,15,250","1,860.00","1,885.00","13,00,000"
25. January 2019,"5,901.00","5,925.50","1,46,275","2,635.50","2,643.00","1,16,400","1,866.50","1,887.00","13,01,100"
24. January 2019,"5,885.00","5,922.00","1,45,675","2,606.00","2,610.50","1,17,475","1,851.00","1,871.00","13,01,350"
23. January 2019,"5,920.50","5,956.00","1,45,575","2,607.50","2,606.50","1,18,100","1,877.50","1,892.00","13,01,825"
22. January 2019,"5,926.50","5,962.00","1,45,025","2,602.00","2,587.00","1,18,825","1,867.50","1,868.00","13,01,625"
21. January 2019,"5,951.50","5,985.00","1,45,025","2,569.00","2,566.00","1,19,925","1,842.50","1,856.00","13,01,650"
18. January 2019,"6,022.00","6,045.00","1,35,100","2,577.00","2,569.00","1,21,650","1,851.00","1,858.00","13,03,475"
17. January 2019,"5,933.00","5,965.00","1,34,975","2,502.00","2,493.00","1,22,875","1,804.00","1,828.00","13,04,000"
16. January 2019,"5,911.00","5,948.00","1,35,025","2,490.00","2,489.50","1,24,200","1,839.50","1,867.00","13,03,150"
15. January 2019,"5,882.00","5,916.00","1,33,600","2,472.50","2,472.00","1,25,575","1,810.50","1,836.50","12,95,750"
14. January 2019,"5,861.00","5,893.00","1,33,700","2,467.50","2,464.00","1,26,225","1,775.50","1,814.00","12,94,050"
11. January 2019,"5,926.50","5,950.00","1,33,700","2,470.00","2,466.00","1,26,800","1,816.00","1,840.50","12,84,725"
10. January 2019,"5,908.50","5,932.00","1,33,600","2,476.00","2,454.00","1,27,050","1,844.00","1,857.00","12,86,050"
09. January 2019,"5,964.00","5,982.00","1,32,675","2,532.00","2,492.50","1,27,275","1,842.00","1,862.50","12,81,400"
08. January 2019,"5,904.50","5,922.00","1,32,350","2,541.00","2,485.00","1,27,600","1,837.00","1,859.00","12,83,500"
07. January 2019,"5,889.50","5,914.00","1,32,350","2,535.00","2,461.50","1,27,925","1,858.00","1,874.00","12,76,050"
04. January 2019,"5,840.00","5,860.00","1,32,400","2,505.00","2,433.50","1,28,450","1,879.00","1,862.00","12,78,500"
03. January 2019,"5,811.00","5,837.00","1,32,400","2,480.00","2,410.50","1,29,000","1,825.50","1,820.50","12,72,925"
02. January 2019,"5,839.00","5,862.00","1,32,175","2,462.00","2,396.00","1,29,000","1,858.00","1,846.50","12,73,125"
31. December 2018,"5,965.00","5,981.00","1,32,175","2,510.50","2,451.00","1,29,325","1,869.50","1,846.00","12,71,200"
28. December 2018,"6,018.00","6,025.50","1,30,025","2,542.50","2,494.00","1,30,200","1,881.00","1,857.00","12,67,125"
27. December 2018,"5,990.00","6,010.00","1,30,325","2,553.00","2,491.00","1,30,425","1,898.00","1,881.50","12,66,550"
24. December 2018,"5,931.50","5,960.50","1,29,725","2,536.00","2,480.00","1,32,825","1,898.50","1,899.00","12,66,575"
21. December 2018,"5,987.00","6,005.00","1,29,725","2,585.00","2,535.00","1,30,375","1,920.00","1,912.00","12,65,250"
20. December 2018,"6,015.00","6,035.00","1,28,225","2,600.00","2,539.00","1,32,325","1,923.50","1,923.50","12,54,125"
19. December 2018,"5,987.00","6,013.00","1,28,350","2,596.00","2,534.50","1,30,775","1,928.00","1,929.00","12,55,925"
18. December 2018,"6,043.00","6,070.00","1,22,000","2,600.00","2,532.00","1,27,850","1,940.00","1,942.00","12,27,325"
17. December 2018,"6,095.50","6,110.00","1,21,800","2,580.00","2,535.00","1,22,400","1,937.50","1,925.00","11,69,625"
14. December 2018,"6,104.00","6,101.00","1,21,225","2,560.00","2,516.00","1,19,000","1,908.00","1,921.00","11,50,100"
13. December 2018,"6,196.00","6,185.00","1,19,975","2,685.00","2,590.00","1,13,800","1,924.00","1,932.00","10,94,925"
12. December 2018,"6,151.00","6,144.00","1,19,900","2,664.00","2,590.00","1,15,100","1,928.00","1,937.00","10,71,425"
11. December 2018,"6,163.00","6,156.00","1,21,300","2,675.00","2,604.50","1,13,175","1,949.50","1,957.50","10,72,450"
10. December 2018,"6,112.00","6,110.00","1,22,500","2,678.00","2,586.00","1,13,875","1,951.00","1,951.00","10,40,975"
07. December 2018,"6,173.00","6,162.50","1,24,450","2,709.00","2,623.00","1,13,125","1,962.00","1,958.50","10,42,900"
06. December 2018,"6,112.00","6,102.00","1,24,950","2,692.00","2,574.00","1,11,225","1,945.00","1,941.50","10,43,775"
05. December 2018,"6,162.00","6,169.00","1,28,200","2,705.50","2,591.50","1,10,700","1,966.50","1,970.50","10,45,250"
04. December 2018,"6,278.00","6,278.00","1,30,175","2,740.00","2,610.50","1,11,750","1,985.00","1,980.50","10,46,275"
03. December 2018,"6,307.00","6,287.00","1,34,200","2,675.00","2,580.50","1,12,575","1,982.50","1,979.50","10,48,025"
30. November 2018,"6,238.00","6,202.00","1,36,175","2,628.50","2,499.50","1,17,550","1,935.00","1,938.50","10,52,450"
29. November 2018,"6,282.00","6,241.00","1,36,250","2,553.00","2,455.00","1,19,200","1,933.00","1,933.00","10,55,275"
28. November 2018,"6,198.00","6,157.00","1,37,325","2,515.00","2,428.50","1,20,250","1,912.50","1,924.00","10,57,875"
27. November 2018,"6,169.50","6,136.50","1,37,850","2,506.00","2,442.00","1,21,275","1,925.00","1,935.50","10,61,700"
26. November 2018,"6,246.00","6,219.00","1,37,100","2,560.00","2,485.00","1,21,600","1,920.00","1,930.00","10,64,975"
23. November 2018,"6,210.00","6,188.00","1,39,550","2,630.50","2,546.00","1,21,550","1,922.50","1,934.50","10,67,000"
22. November 2018,"6,246.00","6,224.00","1,43,325","2,658.00","2,569.00","1,23,500","1,941.50","1,953.50","10,70,400"
21. November 2018,"6,242.00","6,218.00","1,43,275","2,670.00","2,576.00","1,23,275","1,945.00","1,953.50","10,72,525"
20. November 2018,"6,262.00","6,240.00","1,45,250","2,698.00","2,591.00","1,22,625","1,927.00","1,940.50","10,73,050"
19. November 2018,"6,260.00","6,245.00","1,51,625","2,691.00","2,612.50","1,23,625","1,918.00","1,941.00","10,70,925"
16. November 2018,"6,181.00","6,167.00","1,61,025","2,641.00","2,570.00","1,24,450","1,914.00","1,931.50","10,66,350"
15. November 2018,"6,188.00","6,175.00","1,66,450","2,655.00","2,584.00","1,25,400","1,917.00","1,940.50","10,58,125"
14. November 2018,"6,106.00","6,085.50","1,67,075","2,542.00","2,480.00","1,30,900","1,931.00","1,944.50","10,57,450"
13. November 2018,"6,130.00","6,106.00","1,68,325","2,587.00","2,519.50","1,31,325","1,925.00","1,938.00","10,56,150"
12. November 2018,"6,083.50","6,063.00","1,69,325","2,548.00","2,478.50","1,32,325","1,934.00","1,942.50","10,56,450"
09. November 2018,"6,088.00","6,070.00","1,71,050","2,556.00","2,491.00","1,33,025","1,964.50","1,971.50","10,55,550"
08. November 2018,"6,137.00","6,116.00","1,72,325","2,521.50","2,470.00","1,33,600","1,977.00","1,982.00","10,55,025"
07. November 2018,"6,210.00","6,194.00","1,74,200","2,522.00","2,479.00","1,34,300","1,951.50","1,963.00","10,53,675"
06. November 2018,"6,205.00","6,189.00","1,75,400","2,572.00","2,526.00","1,34,750","1,950.00","1,969.00","10,49,700"
05. November 2018,"6,239.00","6,219.00","1,77,950","2,550.00","2,502.50","1,35,825","1,959.00","1,971.00","10,50,475"
02. November 2018,"6,255.00","6,232.50","1,80,375","2,653.50","2,591.00","1,42,725","1,967.00","1,985.00","10,51,425"
01. November 2018,"6,070.00","6,048.00","1,36,675","2,585.00","2,525.00","1,44,175","1,961.00","1,978.00","10,47,325"
31. October 2018,"6,073.00","6,017.00","1,37,625","2,590.00","2,529.00","1,51,025","1,946.00","1,966.50","10,47,950"
30. October 2018,"6,136.00","6,115.00","1,39,250","2,649.00","2,581.00","1,52,225","1,952.00","1,972.50","10,48,825"
29. October 2018,"6,260.00","6,224.00","1,43,125","2,695.00","2,639.00","1,53,125","1,980.50","2,000.50","10,48,625"
26. October 2018,"6,159.00","6,130.00","1,46,350","2,686.00","2,629.00","1,55,225","1,961.00","1,978.00","10,49,175"
25. October 2018,"6,210.00","6,200.00","1,49,575","2,704.00","2,654.00","1,57,725","1,981.00","1,998.50","10,49,525"
24. October 2018,"6,215.00","6,212.00","1,52,225","2,740.00","2,702.00","1,61,200","1,987.50","2,005.00","10,52,025"
23. October 2018,"6,167.50","6,174.00","1,51,100","2,698.00","2,641.00","1,63,425","1,997.00","2,016.00","10,56,700"
22. October 2018,"6,284.00","6,280.00","1,54,225","2,724.00","2,666.00","1,67,450","2,002.50","2,013.00","10,62,350"
19. October 2018,"6,191.50","6,190.50","1,53,950","2,696.00","2,654.00","1,71,250","2,022.50","2,024.00","10,66,725"
18. October 2018,"6,147.00","6,147.00","1,58,300","2,687.00","2,647.50","1,73,050","2,007.50","2,012.50","10,72,950"
17. October 2018,"6,249.00","6,247.00","1,60,900","2,653.00","2,618.00","1,81,200","2,018.00","2,023.50","10,82,600"
16. October 2018,"6,202.00","6,213.00","1,64,175","2,630.00","2,596.00","1,84,625","2,022.00","2,024.00","9,96,875"
15. October 2018,"6,296.00","6,285.00","1,61,700","2,662.00","2,635.50","1,88,850","2,028.00","2,031.00","9,26,100"
12. October 2018,"6,325.00","6,304.00","1,66,600","2,677.00","2,635.00","1,90,775","2,045.00","2,048.00","9,33,500"
11. October 2018,"6,155.00","6,140.50","1,70,100","2,638.00","2,618.00","1,91,500","2,024.00","2,028.50","9,41,500"
10. October 2018,"6,294.00","6,283.00","1,73,500","2,697.50","2,668.00","1,94,575","2,029.00","2,038.00","9,48,425"
09. October 2018,"6,219.00","6,219.00","1,77,850","2,691.50","2,662.00","1,98,175","2,031.50","2,041.00","9,55,950"
08. October 2018,"6,169.00","6,175.00","1,81,975","2,649.00","2,608.00","2,00,350","2,073.50","2,078.50","9,63,350"
05. October 2018,"6,182.50","6,188.00","1,86,800","2,645.00","2,621.00","2,01,600","2,140.00","2,150.50","9,66,900"
04. October 2018,"6,310.00","6,312.00","1,88,950","2,696.00","2,664.50","2,03,675","2,243.50","2,251.00","9,74,075"
03. October 2018,"6,275.00","6,278.00","1,94,175","2,633.00","2,625.50","1,98,575","2,166.50","2,176.00","9,79,800"
02. October 2018,"6,274.00","6,263.00","1,96,600","2,693.00","2,663.00","1,99,325","2,080.00","2,093.00","9,83,250"
01. October 2018,"6,172.00","6,162.50","1,99,125","2,619.00","2,576.50","2,01,925","2,047.50","2,064.00","9,87,800"
28. September 2018,"6,180.00","6,180.00","2,02,400","2,573.00","2,537.00","2,03,475","2,011.50","2,034.00","9,90,550"
27. September 2018,"6,222.00","6,225.00","2,09,900","2,552.00","2,539.00","2,03,650","2,030.00","2,051.50","9,94,625"
26. September 2018,"6,257.50","6,272.00","2,10,900","2,546.00","2,525.50","1,99,200","2,056.50","2,081.00","9,99,925"
25. September 2018,"6,276.00","6,282.00","2,12,925","2,526.50","2,525.50","2,04,975","2,020.00","2,054.50","10,06,775"
24. September 2018,"6,320.00","6,320.50","2,14,350","2,531.00","2,527.00","2,06,375","2,035.00","2,066.00","10,13,050"
21. September 2018,"6,203.00","6,202.00","2,16,600","2,441.00","2,447.00","2,10,100","2,034.00","2,067.00","10,22,450"
20. September 2018,"6,057.00","6,080.00","2,15,000","2,436.00","2,444.00","2,11,800","2,018.50","2,048.00","10,30,200"
19. September 2018,"6,057.00","6,085.00","2,17,600","2,399.00","2,420.50","2,13,650","1,981.00","2,020.00","10,34,625"
18. September 2018,"6,003.00","6,026.00","2,14,150","2,347.00","2,365.00","2,15,550","2,012.00","2,041.00","10,35,275"
17. September 2018,"5,860.00","5,881.00","2,21,925","2,287.00","2,311.00","2,15,975","1,985.00","2,017.50","10,41,025"
14. September 2018,"5,946.50","5,965.00","2,25,900","2,327.50","2,346.00","2,18,800","2,015.50","2,054.00","10,46,700"
13. September 2018,"5,991.00","6,014.00","2,25,125","2,369.00","2,382.00","2,21,325","2,014.50","2,051.00","10,51,200"
12. September 2018,"5,891.00","5,907.00","2,33,025","2,355.00","2,362.00","2,27,300","1,981.50","2,023.00","10,52,975"
11. September 2018,"5,849.00","5,869.00","2,34,300","2,338.50","2,339.00","2,29,675","2,035.00","2,074.00","10,54,525"
10. September 2018,"5,840.50","5,864.00","2,38,750","2,406.00","2,405.00","2,29,550","2,000.00","2,036.50","10,59,825"
07. September 2018,"5,883.00","5,905.00","2,46,175","2,412.00","2,406.00","2,32,800","2,030.00","2,065.50","10,61,575"
06. September 2018,"5,940.00","5,955.00","2,54,350","2,470.50","2,457.00","2,35,650","2,030.50","2,062.50","10,62,700"
05. September 2018,"5,850.00","5,870.00","2,62,100","2,436.50","2,427.00","2,36,900","2,046.00","2,077.00","10,64,450"
04. September 2018,"5,823.00","5,849.00","2,62,900","2,435.50","2,427.00","2,37,425","2,040.00","2,070.00","10,67,075"
03. September 2018,"5,951.00","5,965.00","2,62,475","2,475.00","2,466.50","2,39,175","2,083.50","2,110.00","10,68,675"
31. August 2018,"6,019.00","6,020.00","2,64,925","2,504.00","2,500.00","2,41,575","2,112.00","2,139.00","10,70,750"
30. August 2018,"6,066.50","6,071.00","2,66,450","2,485.00","2,484.00","2,43,825","2,127.00","2,149.00","10,73,050"
29. August 2018,"6,065.00","6,079.00","2,67,850","2,506.00","2,504.50","2,45,750","2,116.00","2,142.00","10,75,750"
28. August 2018,"6,118.00","6,125.00","2,68,175","2,535.00","2,532.00","2,47,050","2,088.00","2,115.00","10,89,275"
24. August 2018,"6,001.00","6,025.00","2,67,075","2,508.00","2,509.00","2,47,400","2,062.00","2,085.50","10,95,125"
23. August 2018,"5,910.50","5,940.00","2,66,950","2,442.00","2,438.00","2,48,575","2,021.50","2,044.00","10,99,975"
22. August 2018,"6,000.00","6,027.00","2,62,850","2,439.00","2,443.00","2,49,375","2,038.50","2,063.50","11,02,450"
21. August 2018,"6,025.50","6,053.00","2,61,250","2,434.00","2,434.00","2,49,875","2,040.50","2,065.00","11,08,525"
20. August 2018,"5,963.00","6,002.00","2,59,250","2,382.00","2,383.50","2,50,700","2,033.00","2,065.50","11,15,725"
17. August 2018,"5,844.00","5,878.00","2,58,850","2,360.00","2,356.00","2,51,425","1,999.00","2,026.00","11,20,250"
16. August 2018,"5,860.00","5,900.00","2,57,400","2,338.00","2,350.00","2,52,250","1,998.00","2,024.00","11,24,150"
15. August 2018,"5,843.00","5,885.00","2,57,625","2,325.00","2,353.00","2,53,250","1,994.50","2,023.00","11,31,275"
14. August 2018,"6,059.00","6,090.50","2,54,875","2,458.00","2,467.50","2,56,175","2,038.00","2,064.00","11,35,925"
13. August 2018,"6,081.00","6,110.00","2,54,400","2,492.50","2,509.00","2,45,675","2,052.00","2,077.00","11,40,900"
10. August 2018,"6,120.00","6,162.00","2,53,525","2,552.50","2,545.00","2,30,900","2,039.00","2,061.00","11,49,825"
09. August 2018,"6,247.00","6,270.50","2,52,625","2,684.50","2,653.00","2,31,125","2,118.00","2,138.00","11,54,050"
08. August 2018,"6,113.00","6,143.00","2,49,150","2,656.00","2,620.00","2,31,900","2,022.00","2,045.00","11,62,750"
07. August 2018,"6,132.00","6,166.00","2,48,050","2,648.00","2,601.50","2,32,625","2,026.50","2,053.00","11,70,300"
06. August 2018,"6,040.00","6,075.00","2,49,900","2,586.00","2,546.00","2,33,525","2,000.50","2,028.00","11,77,550"
03. August 2018,"6,167.00","6,198.00","2,50,625","2,651.00","2,605.00","2,34,275","2,016.00","2,041.00","11,85,275"
02. August 2018,"6,063.00","6,091.00","2,51,450","2,617.00","2,567.50","2,36,150","2,023.00","2,047.00","11,92,075"
01. August 2018,"6,137.00","6,162.00","2,51,950","2,628.00","2,567.00","2,38,125","2,036.00","2,057.50","11,95,150"
31. July 2018,"6,213.00","6,236.50","2,54,425","2,630.00","2,584.50","2,40,125","2,061.00","2,076.00","11,96,300"
30. July 2018,"6,185.00","6,208.00","2,56,275","2,590.00","2,523.00","2,42,050","2,054.00","2,074.00","11,98,250"
27. July 2018,"6,251.50","6,280.50","2,53,525","2,618.00","2,568.00","2,43,100","2,055.00","2,069.00","12,00,025"
26. July 2018,"6,255.00","6,290.00","2,51,950","2,626.00","2,582.50","2,45,725","2,054.00","2,065.50","12,07,600"
25. July 2018,"6,252.00","6,285.00","2,52,400","2,655.00","2,608.00","2,47,450","2,056.50","2,074.00","12,09,225"
24. July 2018,"6,167.00","6,200.00","2,54,425","2,630.00","2,599.00","2,49,650","2,082.00","2,097.00","12,12,125"
23. July 2018,"6,153.00","6,181.00","2,54,700","2,618.50","2,588.50","2,50,400","2,130.00","2,077.00","12,09,275"
20. July 2018,"6,073.00","6,099.00","2,55,325","2,635.00","2,583.00","2,33,200","2,075.00","2,031.00","12,08,400"
19. July 2018,"5,982.00","6,006.00","2,56,475","2,563.00","2,510.00","2,35,000","2,062.00","2,025.00","12,03,975"
18. July 2018,"6,068.00","6,097.00","2,57,350","2,583.00","2,557.50","2,37,200","2,040.00","2,025.00","11,98,875"
17. July 2018,"6,141.50","6,175.50","2,59,725","2,548.00","2,522.00","2,39,625","2,110.00","2,065.00","11,75,075"
16. July 2018,"6,143.00","6,175.00","2,57,200","2,527.00","2,500.00","2,42,050","2,130.00","2,062.00","11,55,700"
13. July 2018,"6,166.00","6,181.00","2,58,725","2,607.00","2,575.00","2,43,825","2,102.00","2,051.50","11,44,700"
12. July 2018,"6,173.00","6,192.00","2,62,750","2,598.00","2,574.00","2,45,650","2,104.50","2,057.00","11,34,600"
11. July 2018,"6,182.00","6,195.00","2,65,475","2,574.00","2,553.00","2,49,200","2,120.50","2,079.00","11,20,525"
10. July 2018,"6,308.00","6,315.00","2,70,625","2,658.00","2,642.00","2,50,000","2,140.50","2,109.50","11,16,550"
09. July 2018,"6,383.00","6,385.00","2,70,550","2,719.50","2,698.00","2,51,950","2,135.50","2,106.00","11,15,250"
06. July 2018,"6,326.00","6,330.00","2,75,475","2,759.00","2,729.00","2,49,025","2,098.50","2,072.00","11,05,975"
05. July 2018,"6,399.50","6,395.00","2,79,000","2,758.00","2,713.00","2,49,025","2,127.00","2,101.00","11,06,600"
04. July 2018,"6,459.00","6,464.00","2,82,225","2,797.00","2,744.50","2,49,025","2,120.50","2,100.00","11,04,600"
03. July 2018,"6,584.50","6,581.00","2,86,525","2,883.00","2,828.50","2,49,250","2,165.00","2,133.00","11,08,900"
02. July 2018,"6,595.00","6,590.00","2,89,875","2,915.00","2,860.50","2,49,250","2,153.00","2,129.50","11,07,400"
29. June 2018,"6,646.00","6,645.00","2,94,525","2,948.00","2,910.00","2,49,300","2,183.00","2,160.00","11,14,125"
28. June 2018,"6,650.00","6,647.00","2,98,250","2,938.00","2,899.00","2,49,325","2,173.00","2,155.00","11,12,025"
27. June 2018,"6,688.00","6,690.00","2,98,775","2,921.00","2,877.50","2,49,350","2,204.50","2,198.00","11,17,475"
26. June 2018,"6,712.00","6,720.00","3,03,100","2,895.00","2,843.50","2,49,400","2,152.00","2,143.00","11,22,425"
25. June 2018,"6,783.00","6,785.50","3,05,525","2,954.00","2,891.00","2,49,450","2,172.00","2,167.00","11,23,700"
22. June 2018,"6,811.00","6,810.00","3,05,975","2,993.00","2,931.00","2,47,250","2,166.00","2,172.00","11,28,325"
21. June 2018,"6,801.00","6,801.00","3,07,675","3,021.50","2,965.50","2,47,450","2,167.00","2,166.00","11,31,100"
20. June 2018,"6,819.00","6,828.00","3,08,975","3,056.00","3,013.00","2,46,175","2,179.00","2,176.50","11,32,475"
19. June 2018,"6,820.00","6,837.00","2,94,550","3,044.00","3,023.00","2,46,525","2,179.00","2,179.00","11,36,925"
18. June 2018,"6,987.00","6,988.00","2,94,275","3,108.00","3,075.00","2,45,375","2,220.50","2,215.50","11,39,575"
15. June 2018,"7,136.00","7,143.00","2,94,700","3,189.00","3,150.00","2,41,450","2,239.50","2,233.00","11,42,600"
14. June 2018,"7,197.00","7,201.00","2,93,550","3,220.00","3,186.00","2,43,550","2,277.50","2,266.50","11,48,000"
13. June 2018,"7,201.50","7,211.00","2,93,450","3,228.00","3,196.00","2,45,150","2,278.00","2,276.00","11,53,875"
12. June 2018,"7,200.50","7,220.00","2,95,725","3,229.00","3,196.00","2,46,900","2,309.00","2,310.50","11,62,650"
11. June 2018,"7,223.50","7,222.00","2,99,500","3,221.00","3,195.50","2,48,450","2,300.00","2,297.00","11,68,975"
08. June 2018,"7,262.50","7,268.00","3,07,075","3,183.50","3,166.50","2,49,900","2,287.50","2,299.50","11,75,225"
07. June 2018,"7,245.50","7,259.00","3,10,200","3,215.00","3,191.50","2,50,975","2,331.00","2,337.00","11,80,175"
06. June 2018,"7,147.00","7,153.00","3,06,750","3,205.00","3,186.00","2,51,275","2,317.50","2,323.00","11,86,350"
05. June 2018,"6,971.00","6,985.00","3,09,300","3,175.00","3,156.50","2,44,675","2,314.50","2,315.50","11,92,100"
04. June 2018,"6,935.00","6,940.00","3,15,350","3,094.00","3,087.50","2,44,950","2,324.50","2,321.00","11,99,150"
01. June 2018,"6,814.00","6,825.00","3,17,950","3,089.00","3,088.50","2,45,650","2,271.00","2,271.00","12,06,375"
31. May 2018,"6,825.00","6,834.00","3,11,525","3,100.00","3,107.50","2,45,750","2,285.50","2,286.00","12,05,875"
30. May 2018,"6,810.00","6,820.00","2,83,375","3,107.00","3,112.00","2,28,975","2,265.50","2,272.50","12,10,300"
29. May 2018,"6,841.50","6,865.00","2,94,750","3,080.00","3,086.00","2,28,975","2,260.00","2,263.00","12,19,250"
25. May 2018,"6,886.00","6,903.00","2,93,450","3,048.00","3,052.50","2,29,150","2,282.00","2,285.00","12,22,850"
24. May 2018,"6,835.00","6,860.00","3,00,125","3,022.00","3,029.50","2,29,275","2,271.00","2,271.00","12,27,900"
23. May 2018,"6,800.00","6,829.00","2,98,000","3,006.00","3,015.00","2,30,000","2,227.00","2,240.50","12,31,000"
22. May 2018,"6,931.50","6,961.00","3,00,175","3,038.50","3,053.00","2,30,775","2,265.50","2,274.00","12,32,775"
21. May 2018,"6,861.00","6,896.00","3,02,900","3,098.00","3,103.00","2,31,100","2,278.50","2,280.00","12,34,575"
18. May 2018,"6,783.50","6,817.00","3,01,475","3,080.50","3,084.00","2,31,450","2,297.00","2,293.50","12,43,850"
17. May 2018,"6,838.00","6,867.00","3,00,200","3,053.00","3,063.00","2,31,625","2,280.00","2,260.50","12,49,450"
16. May 2018,"6,773.50","6,808.00","2,90,825","3,055.00","3,062.00","2,32,450","2,319.50","2,312.50","12,43,175"
15. May 2018,"6,822.50","6,863.00","2,91,350","3,060.50","3,080.00","2,32,800","2,313.00","2,310.50","12,47,100"
14. May 2018,"6,828.00","6,862.00","2,89,975","3,020.50","3,045.00","2,33,700","2,285.50","2,296.00","12,59,300"
11. May 2018,"6,869.00","6,907.00","2,81,075","3,080.00","3,088.00","2,34,150","2,273.50","2,275.00","12,64,250"
10. May 2018,"6,862.00","6,890.50","2,85,075","3,072.00","3,087.00","2,34,700","2,327.00","2,325.50","12,65,175"
09. May 2018,"6,786.00","6,822.00","2,93,025","3,066.00","3,078.00","2,35,350","2,295.00","2,281.00","12,76,450"
08. May 2018,"6,722.00","6,759.00","3,02,625","3,066.00","3,080.00","2,36,300","2,384.00","2,363.00","12,97,550"
04. May 2018,"6,783.00","6,819.00","3,11,375","2,968.00","2,977.00","2,36,475","2,316.00","2,307.00","13,10,650"
03. May 2018,"6,837.00","6,874.00","3,16,400","3,028.00","3,043.00","2,36,775","2,349.00","2,342.00","13,19,300"
02. May 2018,"6,785.00","6,820.00","3,24,225","3,065.50","3,078.00","2,37,000","2,269.00","2,270.00","13,23,425"
01. May 2018,"6,777.50","6,822.00","3,25,525","3,100.50","3,111.00","2,37,275","2,258.00","2,238.00","13,25,725"
30. April 2018,"6,783.00","6,820.50","3,34,650","3,171.00","3,170.50","2,37,550","2,224.00","2,226.00","13,41,375"
27. April 2018,"6,797.00","6,840.00","3,37,700","3,120.50","3,122.00","2,37,800","2,249.00","2,248.00","13,49,950"
26. April 2018,"6,885.50","6,930.00","3,42,250","3,098.00","3,106.00","2,28,150","2,204.00","2,206.00","13,62,750"
25. April 2018,"6,960.50","7,000.00","3,46,300","3,162.00","3,175.00","2,09,475","2,248.00","2,239.00","13,72,500"
24. April 2018,"6,987.00","7,030.00","3,48,725","3,240.50","3,262.00","1,81,325","2,222.00","2,223.00","13,78,350"
23. April 2018,"6,923.00","6,965.00","3,51,825","3,215.00","3,223.00","1,83,175","2,452.00","2,439.00","13,85,025"
20. April 2018,"6,939.00","6,985.00","3,53,375","3,243.50","3,260.50","1,85,000","2,463.00","2,450.00","13,95,550"
19. April 2018,"6,942.00","6,985.00","3,55,150","3,232.00","3,248.00","1,86,825","2,602.50","2,587.00","14,04,350"
18. April 2018,"6,936.00","6,982.00","3,59,275","3,186.50","3,197.50","1,89,075","2,528.50","2,523.00","14,12,500"
17. April 2018,"6,784.00","6,832.00","3,58,025","3,115.00","3,126.00","1,90,800","2,375.50","2,372.00","14,12,400"
16. April 2018,"6,811.50","6,853.00","3,52,000","3,116.00","3,132.00","1,92,725","2,358.50","2,349.00","13,60,275"
13. April 2018,"6,830.00","6,862.00","3,57,025","3,121.00","3,127.00","1,94,675","2,325.00","2,303.50","13,45,175"
12. April 2018,"6,756.00","6,788.00","3,62,700","3,115.00","3,113.00","1,96,475","2,220.50","2,212.00","13,45,225"
11. April 2018,"6,930.50","6,969.00","3,66,725","3,236.50","3,241.00","1,99,025","2,253.00","2,245.00","12,50,775"
10. April 2018,"6,888.00","6,930.00","3,69,525","3,240.00","3,246.00","2,01,175","2,171.50","2,175.00","12,49,575"
09. April 2018,"6,767.00","6,810.00","3,72,175","3,216.50","3,217.50","2,03,225","2,113.00","2,122.00","12,54,125"
06. April 2018,"6,703.00","6,743.00","3,70,750","3,222.00","3,218.50","2,05,350","1,967.00","1,988.00","12,60,900"
05. April 2018,"6,767.00","6,800.00","3,72,850","3,234.00","3,233.00","2,07,325","1,969.00","1,990.00","12,65,350"
04. April 2018,"6,625.00","6,661.00","3,78,075","3,249.00","3,236.00","2,09,500","1,972.00","1,990.00","12,70,350"
03. April 2018,"6,756.00","6,795.00","3,83,025","3,284.50","3,277.00","2,11,650","2,010.00","2,027.00","12,81,475"
29. March 2018,"6,685.00","6,720.00","3,83,075","3,332.00","3,309.50","2,12,825","1,997.00","2,014.00","12,86,300"
28. March 2018,"6,601.50","6,641.00","3,88,175","3,291.50","3,276.00","2,09,550","2,009.00","2,029.00","12,61,625"
27. March 2018,"6,641.50","6,689.00","3,83,975","3,326.50","3,307.00","2,10,075","2,035.00","2,056.00","12,68,175"
26. March 2018,"6,500.00","6,550.00","3,52,750","3,254.50","3,248.00","2,10,725","2,022.00","2,048.00","12,73,150"
23. March 2018,"6,658.00","6,699.00","3,17,750","3,215.00","3,215.00","2,11,225","2,049.00","2,072.00","12,76,375"
22. March 2018,"6,746.50","6,792.00","3,19,500","3,223.00","3,225.50","2,11,250","2,059.00","2,079.00","12,79,025"
21. March 2018,"6,675.00","6,712.50","3,21,900","3,224.00","3,225.50","2,11,350","2,056.50","2,079.00","12,83,025"
20. March 2018,"6,784.00","6,818.50","3,22,475","3,243.00","3,243.00","2,11,400","2,073.00","2,093.50","12,88,675"
19. March 2018,"6,791.50","6,820.00","3,19,275","3,262.00","3,252.00","2,06,050","2,070.50","2,092.00","12,93,900"
16. March 2018,"6,923.00","6,951.00","3,21,450","3,285.00","3,271.00","2,06,125","2,069.00","2,088.50","13,06,150"
15. March 2018,"6,885.50","6,922.00","3,19,325","3,233.00","3,235.00","2,06,350","2,062.50","2,086.00","13,11,900"
14. March 2018,"7,015.00","7,051.00","3,19,825","3,279.50","3,278.00","2,07,775","2,096.00","2,117.00","12,95,625"
13. March 2018,"6,883.00","6,925.00","3,21,475","3,279.00","3,283.50","1,97,500","2,080.00","2,101.00","13,01,700"
12. March 2018,"6,857.00","6,900.00","3,21,125","3,259.00","3,259.00","2,00,000","2,097.00","2,118.00","13,06,400"
09. March 2018,"6,808.00","6,839.00","3,11,125","3,216.00","3,215.00","2,02,575","2,078.50","2,099.00","13,11,725"
08. March 2018,"6,830.00","6,860.00","3,14,875","3,241.50","3,240.50","2,05,225","2,082.50","2,104.00","13,15,500"
07. March 2018,"6,873.00","6,916.00","3,16,375","3,287.00","3,287.00","2,07,775","2,112.50","2,132.00","13,19,300"
06. March 2018,"6,968.50","7,004.00","3,19,650","3,335.00","3,329.00","2,07,975","2,136.00","2,155.00","13,20,700"
05. March 2018,"6,850.00","6,886.00","3,22,175","3,302.00","3,301.00","2,09,050","2,135.00","2,140.50","13,22,575"
02. March 2018,"6,883.00","6,919.00","3,24,900","3,396.50","3,397.00","1,31,775","2,144.00","2,151.50","13,23,050"
01. March 2018,"6,852.00","6,890.00","3,28,000","3,405.00","3,388.00","1,33,475","2,143.00","2,138.00","13,22,150"
28. February 2018,"6,953.00","6,989.00","3,30,800","3,498.50","3,459.00","1,34,475","2,158.50","2,138.00","13,24,475"
27. February 2018,"7,028.00","7,068.00","3,30,425","3,547.00","3,513.00","1,35,800","2,172.50","2,147.00","13,18,375"
26. February 2018,"7,111.00","7,142.50","3,31,575","3,588.00","3,545.00","1,38,225","2,188.50","2,160.50","13,26,825"
23. February 2018,"7,073.50","7,113.00","3,32,450","3,569.00","3,514.00","1,40,975","2,210.00","2,165.50","13,30,875"
22. February 2018,"7,032.00","7,070.00","3,34,675","3,524.00","3,483.00","1,43,750","2,194.00","2,182.00","13,14,225"
21. February 2018,"7,003.00","7,049.00","3,37,175","3,563.50","3,530.50","1,46,625","2,190.00","2,176.00","13,14,500"
20. February 2018,"7,027.00","7,072.00","3,37,850","3,587.50","3,562.50","1,46,675","2,239.00","2,206.00","13,08,525"
19. February 2018,"7,093.00","7,138.00","3,38,275","3,590.00","3,569.00","1,49,100","2,266.00","2,225.00","12,95,425"
16. February 2018,"7,159.00","7,204.00","3,32,775","3,618.00","3,586.00","1,51,650","2,189.50","2,180.50","12,96,450"
15. February 2018,"7,098.00","7,134.00","3,33,525","3,595.00","3,561.00","1,54,350","2,164.00","2,165.00","13,03,825"
14. February 2018,"6,962.00","7,012.00","3,33,625","3,518.00","3,488.50","1,54,350","2,138.00","2,141.00","12,72,550"
13. February 2018,"6,908.00","6,956.00","3,33,025","3,470.00","3,439.00","1,56,125","2,123.50","2,133.50","12,75,500"
12. February 2018,"6,786.50","6,835.00","3,33,850","3,433.00","3,405.00","1,56,950","2,129.50","2,130.00","11,16,575"
09. February 2018,"6,755.00","6,805.00","3,36,225","3,435.50","3,395.50","1,59,650","2,142.00","2,144.00","10,97,100"
08. February 2018,"6,838.00","6,879.00","3,16,100","3,460.00","3,407.00","1,62,725","2,168.00","2,163.00","10,58,175"
07. February 2018,"7,006.00","7,050.00","2,94,975","3,539.00","3,478.00","1,64,350","2,181.50","2,179.00","10,59,875"
06. February 2018,"7,060.00","7,100.00","2,97,825","3,530.50","3,474.00","1,66,050","2,196.00","2,195.00","10,66,225"
05. February 2018,"7,050.00","7,095.00","3,04,000","3,564.00","3,519.00","1,67,450","2,202.00","2,203.00","10,75,050"
02. February 2018,"7,066.00","7,110.00","3,04,325","3,577.00","3,527.00","1,68,800","2,228.00","2,227.00","10,77,650"
01. February 2018,"7,027.00","7,067.50","3,04,675","3,588.00","3,532.00","1,70,700","2,218.00","2,215.50","10,80,550"
31. January 2018,"7,100.50","7,140.00","3,05,575","3,589.50","3,527.00","1,72,575","2,224.50","2,222.00","10,81,475"
30. January 2018,"7,049.00","7,093.00","3,06,950","3,584.50","3,536.50","1,74,400","2,229.00","2,226.00","10,84,875"
29. January 2018,"7,062.00","7,107.00","3,08,650","3,609.50","3,550.50","1,76,275","2,251.50","2,258.00","10,85,475"
26. January 2018,"7,063.50","7,110.00","3,09,125","3,526.00","3,482.00","1,78,025","2,238.00","2,240.50","10,81,425"
25. January 2018,"7,112.00","7,148.00","2,99,600","3,482.00","3,448.00","1,79,450","2,237.50","2,240.50","10,86,575"
24. January 2018,"6,943.00","6,987.00","2,76,675","3,428.00","3,400.50","1,79,475","2,216.00","2,221.00","10,87,850"
23. January 2018,"6,905.00","6,949.00","2,48,075","3,443.00","3,416.00","1,79,550","2,213.50","2,218.00","10,86,200"
22. January 2018,"7,049.00","7,090.00","2,11,775","3,441.00","3,414.00","1,79,950","2,235.00","2,239.00","10,88,425"
19. January 2018,"7,079.00","7,120.00","2,11,650","3,463.00","3,432.00","1,79,975","2,256.00","2,254.00","10,91,850"
18. January 2018,"7,047.00","7,093.00","2,05,475","3,410.00","3,384.00","1,80,025","2,225.00","2,218.50","10,90,875"
17. January 2018,"7,047.00","7,079.00","2,04,675","3,445.00","3,396.50","1,80,100","2,187.00","2,194.00","10,88,725"
16. January 2018,"7,023.00","7,064.00","2,04,650","3,429.00","3,381.00","1,80,125","2,172.00","2,181.50","10,83,800"
15. January 2018,"7,180.00","7,218.00","2,02,850","3,474.00","3,426.50","1,80,150","2,227.50","2,231.50","10,84,450"
12. January 2018,"7,070.50","7,111.00","2,04,125","3,420.00","3,387.00","1,80,150","2,215.00","2,223.00","10,86,875"
11. January 2018,"7,123.00","7,162.00","2,01,650","3,420.00","3,395.00","1,80,175","2,179.00","2,191.00","10,88,325"
10. January 2018,"7,140.50","7,185.00","2,03,750","3,381.00","3,357.00","1,80,225","2,159.00","2,173.00","10,90,525"
09. January 2018,"7,092.00","7,137.00","2,03,675","3,401.00","3,380.00","1,80,250","2,143.50","2,162.00","10,92,850"
08. January 2018,"7,084.50","7,127.00","2,03,850","3,391.50","3,362.00","1,80,325","2,177.50","2,194.00","10,95,875"
05. January 2018,"7,097.00","7,142.00","2,03,850","3,396.00","3,368.00","1,80,325","2,205.50","2,225.00","10,99,475"
04. January 2018,"7,202.50","7,251.00","2,00,150","3,377.00","3,356.00","1,80,575","2,230.00","2,245.00","11,01,325"
03. January 2018,"7,115.50","7,160.00","2,00,225","3,350.50","3,331.00","1,80,825","2,241.00","2,251.50","11,01,800"
02. January 2018,"7,181.00","7,228.00","2,00,650","3,377.00","3,351.00","1,80,975","2,256.00","2,268.00","11,01,375"
29. December 2017,"7,157.00","7,192.00","2,01,725","3,309.00","3,288.50","1,82,050","2,241.50","2,251.00","11,01,925"
28. December 2017,"7,216.00","7,251.50","2,02,850","3,288.50","3,281.00","1,83,525","2,246.00","2,257.00","11,03,500"
27. December 2017,"7,140.00","7,182.00","2,02,100","3,267.00","3,270.00","1,85,275","2,199.50","2,209.00","11,04,425"
22. December 2017,"7,019.00","7,060.00","2,01,600","3,234.00","3,241.00","1,86,675","2,137.00","2,153.50","11,04,950"
21. December 2017,"6,977.00","7,020.00","2,01,650","3,223.00","3,231.00","1,88,225","2,108.50","2,125.50","11,06,025"
20. December 2017,"6,925.00","6,975.00","2,01,150","3,217.50","3,229.00","1,89,725","2,092.00","2,114.00","11,07,975"
19. December 2017,"6,845.00","6,883.00","2,01,725","3,169.50","3,180.00","1,91,325","2,061.00","2,082.00","11,05,875"
18. December 2017,"6,844.00","6,879.00","1,96,725","3,195.50","3,201.00","1,91,900","2,047.50","2,068.00","11,05,900"
15. December 2017,"6,735.50","6,777.00","1,95,200","3,183.00","3,187.00","1,93,750","2,036.00","2,051.00","11,05,950"
14. December 2017,"6,723.00","6,760.50","1,91,550","3,168.50","3,171.00","1,95,225","2,017.00","2,033.50","11,10,600"
13. December 2017,"6,685.00","6,727.00","1,91,600","3,161.50","3,163.00","1,96,850","1,997.00","2,015.50","11,09,725"
12. December 2017,"6,614.00","6,653.00","1,93,475","3,167.00","3,168.00","1,97,875","2,004.00","2,026.50","11,03,325"
11. December 2017,"6,547.50","6,588.00","1,94,600","3,106.50","3,102.00","1,99,425","1,991.50","2,006.00","10,97,425"
08. December 2017,"6,538.50","6,575.00","1,95,150","3,094.00","3,083.00","2,01,125","1,992.00","2,012.00","10,94,525"
07. December 2017,"6,530.50","6,566.00","1,93,975","3,111.00","3,098.50","2,02,575","1,994.00","2,012.00","10,97,575"
06. December 2017,"6,539.00","6,572.00","1,93,675","3,137.00","3,107.50","2,04,850","2,028.50","2,043.00","10,98,550"
05. December 2017,"6,645.00","6,675.50","1,92,550","3,170.00","3,156.00","2,07,250","2,052.00","2,067.50","11,01,950"
04. December 2017,"6,807.00","6,835.00","1,82,425","3,237.00","3,229.00","2,09,700","2,052.50","2,070.50","11,04,550"
01. December 2017,"6,734.00","6,770.00","1,83,525","3,217.50","3,199.00","2,11,525","2,046.50","2,062.00","11,08,900"
30. November 2017,"6,761.00","6,793.00","1,88,525","3,197.00","3,177.00","2,13,000","2,033.00","2,052.00","11,12,025"
29. November 2017,"6,756.50","6,780.50","1,91,725","3,146.00","3,132.00","2,15,300","2,062.00","2,075.50","11,13,750"
28. November 2017,"6,800.00","6,827.00","1,96,675","3,178.00","3,156.00","2,17,625","2,100.00","2,113.50","11,17,725"
27. November 2017,"6,892.00","6,920.00","2,04,200","3,224.00","3,187.00","2,18,625","2,109.50","2,124.00","11,22,700"
24. November 2017,"6,967.50","7,000.00","2,13,600","3,271.50","3,247.00","2,19,700","2,104.00","2,120.00","11,24,975"
23. November 2017,"6,895.50","6,928.00","2,19,075","3,263.00","3,231.00","2,21,125","2,090.00","2,103.50","11,28,875"
22. November 2017,"6,872.50","6,910.50","2,26,275","3,271.50","3,237.50","2,22,525","2,085.00","2,102.50","11,33,800"
21. November 2017,"6,828.00","6,861.00","2,34,375","3,205.50","3,173.00","2,24,025","2,062.00","2,080.00","11,41,700"
20. November 2017,"6,752.00","6,785.00","2,41,400","3,199.50","3,165.00","2,25,250","2,067.50","2,082.00","11,50,875"
17. November 2017,"6,728.50","6,770.00","2,47,700","3,199.50","3,158.50","2,26,775","2,077.00","2,095.50","11,57,800"
16. November 2017,"6,764.00","6,798.00","2,51,550","3,206.00","3,165.00","2,29,250","2,106.00","2,123.50","11,61,475"
15. November 2017,"6,715.50","6,752.00","2,55,450","3,190.50","3,131.00","2,32,100","2,082.00","2,096.50","11,65,825"
14. November 2017,"6,822.50","6,863.00","2,58,800","3,224.00","3,192.00","2,30,675","2,085.00","2,105.50","11,61,275"
13. November 2017,"6,768.00","6,802.00","2,58,275","3,244.00","3,200.00","2,32,250","2,100.00","2,114.00","11,65,325"
10. November 2017,"6,797.00","6,834.50","2,60,150","3,289.50","3,233.00","2,35,225","2,090.00","2,104.00","11,68,375"
09. November 2017,"6,777.00","6,801.50","2,59,725","3,232.00","3,174.00","2,38,300","2,078.00","2,092.00","11,71,975"
08. November 2017,"6,812.00","6,838.00","2,63,425","3,235.50","3,184.50","2,41,575","2,103.50","2,120.00","11,77,300"
07. November 2017,"6,863.00","6,900.00","2,67,650","3,259.00","3,214.00","2,44,025","2,131.00","2,150.50","11,77,050"
06. November 2017,"6,902.50","6,937.50","2,68,450","3,290.00","3,250.00","2,46,500","2,152.00","2,172.50","11,79,075"
03. November 2017,"6,914.50","6,945.00","2,70,400","3,265.50","3,230.00","2,49,250","2,165.00","2,183.50","11,81,300"
02. November 2017,"6,855.00","6,883.00","2,73,850","3,272.00","3,234.00","2,50,900","2,152.00","2,167.00","11,84,200"
01. November 2017,"6,918.00","6,936.50","2,73,675","3,332.00","3,276.00","2,54,025","2,188.00","2,197.00","11,86,450"
31. October 2017,"6,802.00","6,831.00","2,74,625","3,320.00","3,250.00","2,57,150","2,140.00","2,157.00","11,88,700"
30. October 2017,"6,823.00","6,850.00","2,73,625","3,270.50","3,203.50","2,58,950","2,143.00","2,161.00","11,93,925"
27. October 2017,"6,831.50","6,851.00","2,72,625","3,201.00","3,145.00","2,60,825","2,119.00","2,142.00","11,96,600"
26. October 2017,"6,965.00","6,990.50","2,75,575","3,301.00","3,228.00","2,62,400","2,175.00","2,188.00","11,91,550"
25. October 2017,"6,970.50","6,991.00","2,79,400","3,251.50","3,187.00","2,64,150","2,149.50","2,159.00","11,95,525"
24. October 2017,"7,073.50","7,096.00","2,81,550","3,265.00","3,200.00","2,66,125","2,144.00","2,156.00","11,95,600"
23. October 2017,"6,959.00","6,990.00","2,83,450","3,176.00","3,122.00","2,67,625","2,133.50","2,145.00","11,99,675"
20. October 2017,"7,008.50","7,035.00","2,87,625","3,208.00","3,150.00","2,68,950","2,159.00","2,166.00","12,02,225"
19. October 2017,"6,920.00","6,965.00","2,91,250","3,170.00","3,108.00","2,69,725","2,128.50","2,138.50","12,07,800"
18. October 2017,"6,971.50","7,012.00","2,92,225","3,185.00","3,129.00","2,71,250","2,106.50","2,126.00","12,10,325"
17. October 2017,"7,046.00","7,065.00","2,91,325","3,130.00","3,102.00","2,71,850","2,111.00","2,136.00","12,12,225"
16. October 2017,"7,063.00","7,082.00","2,85,025","3,321.00","3,261.00","2,71,900","2,144.00","2,159.50","12,18,950"
13. October 2017,"6,858.00","6,886.50","2,83,800","3,325.00","3,245.50","2,70,925","2,140.00","2,160.50","12,29,750"
12. October 2017,"6,813.00","6,852.00","2,85,900","3,333.00","3,260.00","2,66,725","2,117.50","2,143.00","12,30,750"
11. October 2017,"6,685.00","6,740.00","2,86,925","3,306.00","3,225.00","2,67,325","2,124.00","2,147.00","12,34,025"
10. October 2017,"6,641.00","6,695.00","2,89,875","3,314.00","3,240.00","2,60,775","2,133.00","2,161.00","12,39,050"
09. October 2017,"6,607.00","6,660.00","2,91,000","3,334.50","3,268.00","2,58,575","2,135.00","2,157.00","12,42,450"
06. October 2017,"6,639.00","6,690.00","2,93,450","3,336.00","3,275.00","2,50,700","2,121.50","2,146.00","12,46,875"
05. October 2017,"6,511.00","6,554.00","2,96,075","3,350.00","3,296.00","2,51,075","2,124.00","2,147.00","12,49,350"
04. October 2017,"6,453.00","6,505.00","2,98,525","3,370.00","3,309.00","2,51,750","2,139.50","2,155.00","12,51,700"
03. October 2017,"6,447.00","6,504.00","3,02,050","3,324.00","3,257.50","2,52,225","2,114.50","2,126.50","12,55,475"
02. October 2017,"6,455.00","6,504.00","2,95,500","3,235.50","3,195.00","2,53,250","2,067.00","2,090.00","12,59,025"
29. September 2017,"6,485.00","6,531.00","2,97,250","3,217.00","3,165.00","2,55,400","2,110.50","2,133.00","12,68,700"
28. September 2017,"6,405.00","6,452.00","2,98,425","3,156.00","3,128.00","2,57,750","2,102.50","2,128.00","12,73,575"
27. September 2017,"6,426.00","6,475.00","3,01,950","3,150.00","3,125.00","2,59,350","2,117.00","2,140.00","12,80,100"
26. September 2017,"6,423.00","6,480.00","3,05,150","3,165.00","3,113.00","2,60,325","2,116.00","2,137.50","12,84,900"
25. September 2017,"6,416.00","6,460.00","3,05,250","3,168.00","3,105.00","2,61,925","2,128.00","2,148.00","12,90,775"
22. September 2017,"6,405.00","6,450.00","3,09,050","3,113.50","3,077.00","2,63,400","2,137.00","2,160.00","12,94,850"
21. September 2017,"6,407.50","6,453.00","3,11,250","3,098.00","3,078.00","2,64,750","2,154.00","2,174.50","13,00,200"
20. September 2017,"6,520.00","6,565.00","3,13,850","3,170.00","3,157.00","2,66,250","2,164.00","2,191.00","13,03,925"
19. September 2017,"6,492.00","6,540.00","3,00,625","3,123.50","3,097.00","2,67,525","2,107.50","2,132.00","13,06,650"
18. September 2017,"6,487.00","6,534.50","3,02,925","3,109.50","3,086.50","2,62,100","2,066.50","2,096.00","13,10,800"
15. September 2017,"6,457.00","6,500.00","3,04,350","3,042.00","3,039.00","2,63,750","2,068.00","2,100.00","13,13,400"
14. September 2017,"6,418.50","6,459.00","2,76,025","2,994.00","2,990.00","2,65,300","2,065.00","2,090.50","13,15,775"
13. September 2017,"6,527.00","6,572.00","2,46,575","3,050.00","3,050.00","2,67,050","2,083.00","2,117.50","13,17,025"
12. September 2017,"6,601.50","6,644.00","2,18,725","3,056.50","3,063.50","2,53,975","2,083.00","2,117.50","13,18,950"
11. September 2017,"6,737.00","6,759.00","2,08,425","3,109.00","3,104.00","2,40,425","2,100.50","2,129.00","13,20,050"
08. September 2017,"6,780.00","6,805.00","2,13,175","3,081.00","3,081.00","2,41,800","2,072.00","2,096.00","13,21,500"
07. September 2017,"6,842.50","6,870.00","2,10,725","3,095.50","3,098.00","2,42,675","2,075.00","2,096.50","13,21,375"
06. September 2017,"6,864.00","6,891.00","2,14,775","3,086.00","3,089.00","2,43,250","2,069.50","2,092.00","13,24,550"
05. September 2017,"6,904.00","6,937.00","2,17,550","3,194.00","3,195.00","2,43,250","2,082.00","2,106.50","13,24,475"
04. September 2017,"6,873.00","6,905.00","2,20,875","3,190.00","3,190.00","2,43,725","2,095.50","2,120.00","13,24,625"
01. September 2017,"6,776.00","6,812.00","2,23,500","3,147.00","3,152.50","2,44,025","2,113.50","2,134.00","13,23,550"
31. August 2017,"6,792.00","6,819.00","2,28,450","3,139.50","3,140.00","2,44,175","2,113.50","2,132.00","13,23,150"
30. August 2017,"6,755.00","6,785.00","2,23,050","3,118.50","3,122.50","2,45,375","2,066.50","2,086.00","13,24,325"
29. August 2017,"6,797.00","6,813.00","2,33,025","3,107.50","3,115.00","2,46,150","2,092.00","2,104.00","13,24,550"
25. August 2017,"6,714.00","6,726.00","2,40,825","3,117.50","3,123.00","2,46,325","2,096.50","2,099.00","13,21,600"
24. August 2017,"6,577.00","6,605.00","2,45,050","3,096.50","3,104.00","2,46,525","2,105.00","2,101.50","13,14,475"
23. August 2017,"6,555.00","6,587.00","2,49,525","3,114.00","3,123.00","2,46,650","2,082.50","2,076.00","13,14,475"
22. August 2017,"6,584.00","6,621.00","2,55,700","3,140.00","3,144.00","2,47,150","2,104.50","2,084.50","13,08,725"
21. August 2017,"6,514.50","6,550.00","2,61,700","3,143.00","3,144.00","2,47,850","2,084.50","2,082.00","12,98,225"
18. August 2017,"6,453.00","6,490.00","2,71,350","3,117.00","3,121.00","2,48,025","2,104.50","2,089.00","12,87,075"
17. August 2017,"6,460.00","6,496.00","2,75,800","3,084.00","3,096.00","2,48,700","2,095.50","2,086.00","12,83,525"
16. August 2017,"6,433.00","6,468.50","2,79,000","3,010.00","3,028.00","2,50,700","2,075.00","2,070.00","12,86,350"
15. August 2017,"6,382.00","6,415.00","2,80,975","2,938.50","2,957.00","2,52,900","2,056.00","2,051.00","12,88,925"
14. August 2017,"6,351.00","6,383.00","2,83,325","2,891.00","2,910.50","2,55,275","2,030.00","2,031.50","12,91,250"
11. August 2017,"6,353.50","6,379.00","2,83,675","2,886.50","2,905.00","2,58,300","2,040.50","2,037.50","12,83,825"
10. August 2017,"6,416.50","6,444.50","2,88,050","2,935.00","2,950.00","2,59,700","2,024.00","2,030.50","12,94,075"
09. August 2017,"6,465.00","6,495.00","2,88,925","2,947.00","2,962.00","2,61,100","2,018.00","2,024.00","13,02,825"
08. August 2017,"6,364.00","6,394.00","2,93,950","2,873.00","2,883.00","2,62,525","1,981.00","1,992.50","13,13,200"
07. August 2017,"6,333.00","6,365.50","2,96,700","2,816.50","2,829.00","2,63,475","1,920.00","1,940.00","13,21,750"
04. August 2017,"6,330.00","6,357.00","2,98,225","2,798.00","2,814.00","2,64,000","1,890.00","1,911.00","13,31,175"
03. August 2017,"6,290.00","6,318.00","2,99,425","2,804.00","2,813.50","2,64,150","1,891.50","1,916.00","13,36,700"
02. August 2017,"6,300.00","6,321.50","3,01,100","2,754.00","2,766.00","2,64,375","1,904.00","1,925.50","13,44,000"
01. August 2017,"6,300.50","6,336.00","2,95,525","2,769.50","2,780.00","2,64,600","1,887.00","1,910.00","13,49,125"
31. July 2017,"6,347.00","6,383.00","2,96,975","2,802.00","2,810.00","2,65,875","1,904.00","1,924.00","13,54,125"
28. July 2017,"6,283.00","6,315.00","3,00,575","2,766.00","2,768.50","2,65,975","1,892.00","1,913.00","13,61,900"
27. July 2017,"6,325.00","6,356.00","3,02,125","2,808.50","2,811.00","2,66,300","1,923.00","1,944.00","13,67,875"
26. July 2017,"6,238.00","6,270.50","3,03,250","2,805.00","2,810.00","2,66,525","1,912.00","1,933.50","13,72,250"
25. July 2017,"6,150.00","6,180.50","3,04,850","2,824.50","2,831.00","2,67,475","1,896.50","1,919.00","13,75,675"
24. July 2017,"6,000.00","6,030.00","3,05,875","2,776.00","2,782.00","2,68,050","1,890.00","1,917.50","13,51,400"
21. July 2017,"6,001.50","6,035.00","3,06,625","2,758.00","2,764.50","2,69,225","1,901.00","1,926.00","13,54,550"
20. July 2017,"5,930.00","5,968.00","3,08,050","2,737.00","2,745.00","2,70,100","1,898.00","1,924.00","13,62,675"
19. July 2017,"5,956.00","5,994.00","3,09,250","2,761.00","2,774.00","2,71,200","1,907.00","1,935.50","13,69,125"
18. July 2017,"5,940.50","5,973.00","3,07,275","2,769.00","2,776.50","2,72,650","1,887.00","1,907.00","13,73,350"
17. July 2017,"5,965.50","5,985.00","3,09,125","2,819.50","2,823.00","2,64,200","1,901.00","1,925.00","13,78,250"
14. July 2017,"5,858.00","5,880.50","3,13,300","2,769.00","2,772.00","2,66,800","1,904.00","1,921.00","13,82,225"
13. July 2017,"5,902.00","5,920.00","3,18,225","2,826.00","2,826.50","2,70,225","1,911.00","1,929.00","13,86,100"
12. July 2017,"5,882.50","5,914.00","3,18,550","2,843.00","2,848.00","2,73,675","1,877.00","1,893.50","13,92,625"
11. July 2017,"5,795.00","5,824.50","3,19,750","2,771.50","2,775.00","2,76,200","1,879.00","1,891.50","13,77,750"
10. July 2017,"5,780.00","5,815.00","3,19,975","2,775.00","2,779.00","2,79,225","1,914.00","1,923.00","13,83,025"
07. July 2017,"5,809.00","5,829.00","3,15,075","2,778.00","2,782.00","2,81,250","1,920.00","1,932.00","13,82,125"
06. July 2017,"5,828.50","5,861.00","3,14,775","2,785.00","2,786.00","2,84,025","1,925.50","1,935.50","13,91,525"
05. July 2017,"5,818.00","5,848.50","3,15,925","2,767.00","2,768.00","2,84,850","1,913.00","1,919.00","13,97,375"
04. July 2017,"5,847.00","5,875.00","2,75,600","2,766.00","2,770.00","2,87,375","1,903.50","1,913.50","14,02,000"
03. July 2017,"5,894.00","5,917.00","2,78,275","2,780.00","2,785.00","2,89,275","1,917.50","1,922.00","14,09,775"
30. June 2017,"5,907.50","5,918.00","2,49,700","2,754.00","2,752.50","2,91,300","1,908.50","1,915.00","14,11,675"
29. June 2017,"5,905.50","5,925.00","2,43,300","2,752.50","2,756.00","2,94,425","1,897.50","1,901.50","14,14,125"
28. June 2017,"5,822.00","5,840.00","2,48,675","2,732.50","2,734.00","2,97,875","1,886.00","1,893.00","14,16,825"
27. June 2017,"5,789.00","5,812.00","2,50,550","2,726.00","2,732.50","2,99,875","1,861.50","1,872.00","14,20,150"
26. June 2017,"5,771.00","5,795.00","2,54,675","2,722.00","2,725.00","3,01,175","1,855.00","1,863.00","14,24,475"
23. June 2017,"5,774.00","5,797.00","2,58,700","2,725.00","2,727.00","3,01,900","1,868.00","1,875.50","14,29,525"
22. June 2017,"5,736.00","5,762.00","2,56,700","2,697.00","2,700.00","3,04,000","1,872.00","1,877.50","14,32,750"
21. June 2017,"5,650.00","5,677.00","2,59,300","2,579.50","2,589.00","3,04,975","1,865.50","1,874.00","14,40,875"
20. June 2017,"5,673.50","5,699.00","2,62,075","2,561.00","2,572.00","3,06,575","1,889.00","1,899.50","14,19,325"
19. June 2017,"5,687.00","5,710.00","2,65,175","2,535.00","2,550.50","3,11,925","1,861.50","1,876.00","14,25,725"
16. June 2017,"5,655.50","5,679.00","2,68,450","2,516.00","2,529.00","3,14,050","1,861.00","1,871.50","14,32,825"
15. June 2017,"5,637.00","5,667.00","2,68,500","2,495.00","2,514.00","3,16,175","1,864.00","1,875.00","14,36,125"
14. June 2017,"5,684.50","5,717.00","2,72,625","2,472.00","2,492.00","3,17,975","1,886.50","1,896.00","14,38,025"
13. June 2017,"5,659.00","5,693.00","2,75,850","2,436.00","2,454.00","3,20,450","1,877.00","1,883.50","14,44,550"
12. June 2017,"5,752.00","5,783.00","2,79,575","2,496.00","2,515.50","3,21,575","1,888.00","1,892.50","14,50,675"
09. June 2017,"5,739.00","5,764.00","2,76,875","2,480.00","2,496.00","3,23,025","1,901.50","1,902.50","14,56,350"
08. June 2017,"5,647.50","5,675.50","2,86,350","2,462.50","2,480.00","3,24,325","1,902.50","1,903.50","14,61,700"
07. June 2017,"5,575.50","5,606.00","2,94,225","2,434.50","2,450.50","3,25,975","1,903.50","1,904.00","14,65,650"
06. June 2017,"5,540.50","5,570.00","2,99,575","2,480.00","2,495.00","3,27,300","1,893.00","1,890.00","14,73,050"
05. June 2017,"5,586.50","5,616.00","3,02,625","2,474.50","2,485.50","3,28,500","1,917.50","1,917.50","14,75,100"
02. June 2017,"5,559.50","5,584.00","3,05,550","2,507.00","2,525.00","3,29,675","1,916.50","1,914.00","14,79,725"
01. June 2017,"5,636.50","5,662.00","3,08,000","2,544.50","2,559.50","3,29,925","1,930.00","1,930.50","14,67,375"
31. May 2017,"5,615.50","5,640.00","3,11,150","2,572.00","2,587.00","3,31,225","1,919.50","1,919.00","14,73,925"
30. May 2017,"5,608.00","5,630.00","3,15,200","2,624.00","2,639.00","3,32,800","1,943.50","1,943.50","14,87,700"
26. May 2017,"5,671.00","5,689.00","3,18,650","2,622.50","2,630.00","3,34,225","1,950.00","1,953.50","14,96,450"
25. May 2017,"5,665.00","5,687.50",-,"2,607.50","2,619.00",-,"1,954.00","1,956.00",-
24. May 2017,"5,662.50","5,680.00","3,25,675","2,627.00","2,636.00","3,37,400","1,944.00","1,944.00","14,80,025"
23. May 2017,"5,660.50","5,684.00","3,29,875","2,647.00","2,661.00","3,39,150","1,926.00","1,930.00","14,89,325"
22. May 2017,"5,677.00","5,695.50","3,32,300","2,631.00","2,645.00","3,40,350","1,943.00","1,941.50","14,95,350"
19. May 2017,"5,596.00","5,617.50","3,36,650","2,569.00","2,579.00","3,42,675","1,938.00","1,938.00","15,06,700"
18. May 2017,"5,490.00","5,508.00","3,40,350","2,462.00","2,470.00","3,44,875","1,905.00","1,906.00","15,15,400"
17. May 2017,"5,575.00","5,597.00","3,39,600","2,561.00","2,579.00","3,47,700","1,928.00","1,926.00","15,26,800"
16. May 2017,"5,584.00","5,594.00","3,22,500","2,517.00","2,527.00","3,49,300","1,915.00","1,912.50","15,36,275"
15. May 2017,"5,586.00","5,612.00","3,25,150","2,568.50","2,585.50","3,46,225","1,899.50","1,905.00","15,45,025"
12. May 2017,"5,520.00","5,541.00","3,29,375","2,582.00","2,593.00","3,45,150","1,880.00","1,884.00","15,56,150"
11. May 2017,"5,580.50","5,603.00","3,36,725","2,615.00","2,624.00","3,47,200","1,887.00","1,890.00","15,64,800"
10. May 2017,"5,512.00","5,537.50","3,39,200","2,592.00","2,609.00","3,46,725","1,870.00","1,875.00","15,70,575"
09. May 2017,"5,496.00","5,520.00","3,42,825","2,632.00","2,629.00","3,42,025","1,874.00","1,880.00","15,77,800"
08. May 2017,"5,466.00","5,491.00","3,51,550","2,579.00","2,571.00","3,38,700","1,879.00","1,884.00","15,92,300"
05. May 2017,"5,530.50","5,560.00","3,54,650","2,577.00","2,571.00","3,40,450","1,907.00","1,914.00","15,99,725"
04. May 2017,"5,543.00","5,570.00","3,17,850","2,570.00","2,567.00","3,42,475","1,909.50","1,916.50","16,09,925"
03. May 2017,"5,636.50","5,665.00","2,84,925","2,600.00","2,603.00","3,44,725","1,916.00","1,922.50","16,17,100"
02. May 2017,"5,746.50","5,780.00","2,53,675","2,639.50","2,642.00","3,48,225","1,909.00","1,917.50","16,33,325"
28. April 2017,"5,688.50","5,714.00","2,59,725","2,639.00","2,625.00","3,49,050","1,930.00","1,938.00","16,45,375"
27. April 2017,"5,686.50","5,712.00","2,60,575","2,614.00","2,620.00","3,49,925","1,954.50","1,962.00","16,52,200"
26. April 2017,"5,677.50","5,705.00","2,61,475","2,610.50","2,625.00","3,50,750","1,957.50","1,964.00","16,55,825"
25. April 2017,"5,652.50","5,688.00","2,62,250","2,590.00","2,603.00","3,51,675","1,943.00","1,954.00","16,68,925"
24. April 2017,"5,612.00","5,644.00","2,64,850","2,600.00","2,612.00","3,53,200","1,928.00","1,933.50","16,78,250"
21. April 2017,"5,601.00","5,633.00","2,68,400","2,582.00","2,605.00","3,55,150","1,932.50","1,939.50","16,87,875"
20. April 2017,"5,611.50","5,645.00","2,68,450","2,605.00","2,622.00","3,56,450","1,933.00","1,942.50","17,02,125"
19. April 2017,"5,600.50","5,630.50","2,67,475","2,546.00","2,565.50","3,57,525","1,895.50","1,909.00","17,13,250"
18. April 2017,"5,620.50","5,650.00","2,55,425","2,581.00","2,599.00","3,59,150","1,915.50","1,930.00","17,45,750"
13. April 2017,"5,655.00","5,686.00","2,57,200","2,561.50","2,585.50","3,61,850","1,890.00","1,902.50","17,59,850"
12. April 2017,"5,685.00","5,711.00","2,58,825","2,565.00","2,583.00","3,64,050","1,907.00","1,916.50","17,74,950"
11. April 2017,"5,746.00","5,772.00","2,59,675","2,580.00","2,597.00","3,65,900","1,907.50","1,919.00","17,88,525"
10. April 2017,"5,731.00","5,766.00","2,66,575","2,658.50","2,676.00","3,66,600","1,929.00","1,940.50","18,02,800"
07. April 2017,"5,770.00","5,810.00","2,65,325","2,665.00","2,685.50","3,67,400","1,929.50","1,944.00","18,18,300"
06. April 2017,"5,870.50","5,900.50","2,70,550","2,777.00","2,802.50","3,68,450","1,956.00","1,968.50","18,37,050"
05. April 2017,"5,808.50","5,840.00","2,73,750","2,770.00","2,793.00","3,69,525","1,962.00","1,972.00","18,50,425"
04. April 2017,"5,724.50","5,750.00","2,79,875","2,704.00","2,729.00","3,70,475","1,938.00","1,949.00","18,63,050"
03. April 2017,"5,817.00","5,847.00","2,83,900","2,746.00","2,767.50","3,70,950","1,948.50","1,959.00","18,77,300"
31. March 2017,"5,849.00","5,865.50","2,91,175","2,782.50","2,802.00","3,71,875","1,946.50","1,954.50","18,86,400"
30. March 2017,"5,860.00","5,881.00","2,97,550","2,833.00","2,848.50","3,72,825","1,955.00","1,960.00","18,98,450"
29. March 2017,"5,847.00","5,866.00","3,04,275","2,809.00","2,834.00","3,73,800","1,931.00","1,938.50","19,12,075"
28. March 2017,"5,774.50","5,800.00","3,09,225","2,765.00","2,783.00","3,74,150","1,918.50","1,928.50","19,23,300"
27. March 2017,"5,673.50","5,694.00","3,11,375","2,759.00","2,778.00","3,74,725","1,916.00","1,924.50","19,36,275"
24. March 2017,"5,782.50","5,815.50","3,12,525","2,804.50","2,832.00","3,75,825","1,917.50","1,930.00","19,45,800"
23. March 2017,"5,790.50","5,825.00","3,17,100","2,816.00","2,840.00","3,77,175","1,913.00","1,923.00","19,54,650"
22. March 2017,"5,712.00","5,741.00","3,23,975","2,817.50","2,838.50","3,78,150","1,910.00","1,921.50","19,64,600"
21. March 2017,"5,765.50","5,794.00","3,29,850","2,857.50","2,877.00","3,79,425","1,918.00","1,930.00","19,75,050"
20. March 2017,"5,891.00","5,912.00","3,32,975","2,860.50","2,883.50","3,75,675","1,908.00","1,924.00","19,85,875"
17. March 2017,"5,889.00","5,909.00","3,37,600","2,847.00","2,864.00","3,76,475","1,901.00","1,911.00","19,96,000"
16. March 2017,"5,911.00","5,935.00","3,39,025","2,836.00","2,855.00","3,77,725","1,895.00","1,906.00","20,07,850"
15. March 2017,"5,850.00","5,869.00","3,40,525","2,752.00","2,778.00","3,79,275","1,863.00","1,875.50","20,19,325"
14. March 2017,"5,747.00","5,772.00","3,32,050","2,697.00","2,718.00","3,81,650","1,851.00","1,862.50","20,33,000"
13. March 2017,"5,794.00","5,805.00","3,31,200","2,745.00","2,757.50","3,83,250","1,882.00","1,894.50","20,54,425"
10. March 2017,"5,714.50","5,729.00","3,25,500","2,697.50","2,713.00","3,80,050","1,884.50","1,897.50","20,68,525"
09. March 2017,"5,655.00","5,672.00","3,27,300","2,655.50","2,665.00","3,82,525","1,847.00","1,855.50","20,84,800"
08. March 2017,"5,782.00","5,798.00","2,88,525","2,701.00","2,709.50","3,83,850","1,881.00","1,889.00","21,01,550"
07. March 2017,"5,807.00","5,822.00","2,61,975","2,702.00","2,708.00","3,86,025","1,858.00","1,867.00","21,17,875"
06. March 2017,"5,856.00","5,865.50","2,35,250","2,729.50","2,737.00","3,86,450","1,868.00","1,872.00","21,41,525"
03. March 2017,"5,910.00","5,918.00","1,96,425","2,796.00","2,805.00","3,83,050","1,909.00","1,913.00","21,60,925"
02. March 2017,"5,994.00","6,001.00","2,00,000","2,845.00","2,850.00","3,84,075","1,929.00","1,936.00","21,80,775"
01. March 2017,"6,040.00","6,051.00","2,00,725","2,872.00","2,880.00","3,84,100","1,934.00","1,939.00","21,88,400"
28. February 2017,"5,936.00","5,940.00","2,03,100","2,813.00","2,818.00","3,84,150","1,895.00","1,895.50","22,00,900"
27. February 2017,"5,927.00","5,935.00","2,06,875","2,813.50","2,818.00","3,85,900","1,908.00","1,905.50","22,09,550"
24. February 2017,"5,881.00","5,893.00","2,10,800","2,822.00","2,821.00","3,81,425","1,877.00","1,881.00","21,81,675"
23. February 2017,"5,991.00","6,003.00","2,14,025","2,841.00","2,845.00","3,83,150","1,882.50","1,890.50","21,86,475"
22. February 2017,"5,976.00","5,991.00","2,19,425","2,860.00","2,870.00","3,85,925","1,873.00","1,877.50","21,91,450"
21. February 2017,"6,034.00","6,045.50","2,21,425","2,885.00","2,880.50","3,87,050","1,878.00","1,890.00","21,95,375"
20. February 2017,"6,002.00","6,007.00","2,24,025","2,860.50","2,857.00","3,88,800","1,878.00","1,888.00","21,95,100"
17. February 2017,"5,939.00","5,960.00","2,29,075","2,825.50","2,830.50","3,90,850","1,865.50","1,879.00","22,02,350"
16. February 2017,"6,015.00","6,036.00","2,36,725","2,836.00","2,840.00","3,93,925","1,878.00","1,892.00","22,08,050"
15. February 2017,"6,016.00","6,036.00","2,35,825","2,890.00","2,897.00","3,95,725","1,871.00","1,884.50","22,12,000"
14. February 2017,"6,145.00","6,156.00","2,43,350","2,934.00","2,934.00","3,81,300","1,893.00","1,901.00","22,20,775"
13. February 2017,"6,111.00","6,111.50","2,47,825","2,971.00","2,958.50","3,83,650","1,867.50","1,872.00","22,25,850"
10. February 2017,"5,872.00","5,873.00","2,48,200","2,906.00","2,902.00","3,83,425","1,849.00","1,858.00","22,31,300"
09. February 2017,"5,863.00","5,875.00","2,51,525","2,864.00","2,860.00","3,84,175","1,839.00","1,855.50","22,37,500"
08. February 2017,"5,865.00","5,879.00","2,54,725","2,825.50","2,823.50","3,85,225","1,821.00","1,840.50","22,45,400"
07. February 2017,"5,802.00","5,816.00","2,53,450","2,774.50","2,776.00","3,86,675","1,809.00","1,824.00","22,54,650"
06. February 2017,"5,786.00","5,794.00","2,53,725","2,764.50","2,758.00","3,89,475","1,812.00","1,826.50","22,49,125"
03. February 2017,"5,836.00","5,845.00","2,57,150","2,783.00","2,788.00","3,92,625","1,808.50","1,815.50","22,56,000"
02. February 2017,"5,903.00","5,922.00","2,59,500","2,851.50","2,860.00","3,94,450","1,813.00","1,821.50","22,63,025"
01. February 2017,"5,931.00","5,936.00","2,60,850","2,848.00","2,857.00","3,96,075","1,818.00","1,819.00","22,69,900"
31. January 2017,"5,921.00","5,930.00","2,61,325","2,848.00","2,850.00","3,94,450","1,820.50","1,821.00","22,68,875"
30. January 2017,"5,857.00","5,877.00","2,62,150","2,768.50","2,774.50","3,98,025","1,807.00","1,810.50","22,73,750"
27. January 2017,"5,847.00","5,864.50","2,63,775","2,762.00","2,770.00","4,00,925","1,827.50","1,823.50","22,78,225"
26. January 2017,"5,890.00","5,912.00","2,68,975","2,814.50","2,825.00","4,03,650","1,837.50","1,840.00","22,82,375"
25. January 2017,"5,867.00","5,893.00","2,71,025","2,774.00","2,788.00","4,06,350","1,849.00","1,844.50","22,90,075"
24. January 2017,"5,879.00","5,895.00","2,72,150","2,797.00","2,817.00","4,10,025","1,870.00","1,867.50","22,84,725"
23. January 2017,"5,775.00","5,795.00","2,74,650","2,782.00","2,799.00","4,12,500","1,870.00","1,863.00","22,89,275"
20. January 2017,"5,706.00","5,735.00","2,75,400","2,736.50","2,747.00","4,14,350","1,839.00","1,833.00","22,98,625"
19. January 2017,"5,710.00","5,733.00","2,74,100","2,758.50","2,775.50","4,16,850","1,832.00","1,823.50","23,00,375"
18. January 2017,"5,721.00","5,750.00","2,76,050","2,724.00","2,740.00","4,19,625","1,800.50","1,798.50","23,00,550"
17. January 2017,"5,771.50","5,797.00","2,77,375","2,694.00","2,711.00","4,19,800","1,805.50","1,803.50","22,96,775"
16. January 2017,"5,857.00","5,885.50","2,79,000","2,765.50","2,771.00","4,22,025","1,812.00","1,812.00","22,50,950"
13. January 2017,"5,797.00","5,828.00","2,81,700","2,720.00","2,736.00","4,23,275","1,790.50","1,792.00","22,44,175"
12. January 2017,"5,752.50","5,779.00","2,85,700","2,725.00","2,735.50","4,24,175","1,788.00","1,787.50","22,48,875"
11. January 2017,"5,709.50","5,730.50","2,88,225","2,690.00","2,712.00","4,25,150","1,748.50","1,746.50","22,43,775"
10. January 2017,"5,642.00","5,661.00","2,93,400","2,733.00","2,755.00","4,26,425","1,757.50","1,746.50","22,32,725"
09. January 2017,"5,551.50","5,576.00","2,94,900","2,611.00","2,629.00","4,27,225","1,717.00","1,706.00","22,15,925"
06. January 2017,"5,546.50","5,571.00","2,95,125","2,578.50","2,594.00","4,27,600","1,722.00","1,712.00","22,17,025"
05. January 2017,"5,611.00","5,629.00","3,01,775","2,608.50","2,628.00","4,27,675","1,709.50","1,701.50","22,22,450"
04. January 2017,"5,500.50","5,518.00","3,05,875","2,530.00","2,555.00","4,27,850","1,701.00","1,688.50","21,96,475"
03. January 2017,"5,574.00","5,584.00","3,11,825","2,552.50","2,570.00","4,27,850","1,702.00","1,693.00","22,02,175"
30. December 2016,"5,501.00","5,520.00","3,22,225","2,563.00","2,580.00","4,27,850","1,713.50","1,701.50","22,05,925"
29. December 2016,"5,514.00","5,529.00","3,28,350","2,540.00","2,552.00","4,27,850","1,713.00","1,701.50","21,83,675"
28. December 2016,"5,486.00","5,500.50","3,31,100","2,561.50","2,575.00","4,28,325","1,726.50","1,713.50","21,76,800"
27. December 2016,-,-,"3,34,525",-,-,"4,28,675",-,-,"21,50,025"
23. December 2016,"5,482.00","5,496.00","3,34,525","2,587.00","2,602.00","4,28,675","1,740.00","1,718.50","21,50,025"
22. December 2016,"5,426.00","5,440.00","3,35,800","2,555.00","2,572.00","4,28,875","1,737.50","1,721.00","21,39,575"
21. December 2016,"5,498.50","5,519.00","3,39,625","2,604.50","2,624.00","4,29,050","1,730.50","1,721.00","21,34,550"
20. December 2016,"5,485.50","5,500.00","3,44,025","2,615.00","2,636.00","4,29,075","1,722.50","1,715.50","21,09,450"
19. December 2016,"5,561.00","5,565.50","3,45,475","2,632.00","2,652.00","4,29,650","1,717.00","1,712.00","21,12,275"
16. December 2016,"5,649.00","5,660.00","3,07,075","2,725.00","2,755.00","4,30,950","1,732.50","1,724.00","21,17,500"
15. December 2016,"5,682.50","5,683.50","2,95,300","2,760.50","2,772.00","4,32,775","1,736.00","1,729.00","20,89,425"
14. December 2016,"5,735.00","5,745.00","2,78,125","2,736.50","2,754.00","4,34,975","1,752.00","1,742.00","20,92,175"
13. December 2016,"5,765.50","5,776.00","2,58,175","2,735.50","2,757.00","4,35,875","1,755.00","1,747.50","20,69,975"
12. December 2016,"5,757.00","5,775.00","2,41,550","2,704.00","2,725.00","4,37,125","1,749.50","1,742.50","20,92,125"
09. December 2016,"5,824.00","5,825.00","2,13,325","2,709.50","2,728.00","4,38,300","1,742.50","1,738.00","21,01,775"
08. December 2016,"5,838.00","5,836.00","2,21,125","2,744.50","2,767.00","4,38,975","1,731.50","1,723.50","21,07,525"
07. December 2016,"5,903.50","5,914.00","2,25,925","2,821.50","2,842.00","4,39,350","1,728.00","1,725.00","21,13,375"
06. December 2016,"5,856.00","5,867.00","2,29,500","2,730.50","2,752.00","4,39,800","1,718.00","1,713.00","21,18,325"
05. December 2016,"5,851.50","5,859.00","2,33,025","2,705.50","2,723.00","4,41,375","1,728.00","1,724.00","21,29,200"
02. December 2016,"5,736.00","5,735.00","2,34,025","2,663.00","2,676.50","4,41,500","1,715.00","1,713.00","21,39,275"
01. December 2016,"5,773.00","5,775.00","2,36,675","2,740.00","2,755.00","4,42,000","1,724.00","1,725.00","21,44,850"
30. November 2016,"5,740.00","5,755.00","2,34,825","2,709.00","2,720.00","4,42,400","1,722.50","1,724.00","21,49,150"
29. November 2016,"5,778.00","5,790.00","2,35,475","2,867.00","2,872.00","4,42,650","1,722.00","1,724.00","21,55,050"
28. November 2016,"5,935.50","5,950.00","2,34,250","2,907.00","2,911.00","4,42,825","1,766.50","1,769.00","21,58,275"
25. November 2016,"5,822.50","5,838.00","2,37,200","2,767.00","2,776.00","4,43,050","1,751.00","1,752.00","21,31,750"
24. November 2016,"5,834.50","5,848.00","2,35,875","2,693.00","2,706.00","4,43,275","1,774.00","1,775.50","21,37,200"
23. November 2016,"5,564.00","5,590.00","2,39,400","2,572.00","2,592.00","4,44,550","1,765.50","1,759.50","21,36,300"
22. November 2016,"5,618.00","5,634.00","2,42,275","2,600.00","2,616.00","4,45,000","1,739.00","1,737.00","21,44,100"
21. November 2016,"5,535.50","5,555.00","2,47,075","2,565.00","2,583.00","4,45,075","1,726.00","1,714.00","21,52,150"
18. November 2016,"5,446.00","5,460.00","2,53,700","2,535.00","2,550.00","4,45,275","1,712.00","1,700.00","21,57,600"
17. November 2016,"5,426.00","5,435.50","2,57,875","2,494.00","2,515.00","4,45,600","1,692.50","1,685.00","21,63,500"
16. November 2016,"5,459.00","5,462.00","2,55,600","2,556.00","2,577.00","4,45,975","1,719.00","1,710.00","21,60,100"
15. November 2016,"5,448.00","5,441.00","2,62,050","2,552.00","2,558.00","4,46,250","1,727.00","1,721.50","21,60,475"
14. November 2016,"5,620.00","5,628.00","2,66,150","2,539.00","2,556.00","4,46,350","1,765.00","1,754.50","20,98,950"
11. November 2016,"5,900.00","5,910.00","2,70,850","2,528.50","2,543.00","4,46,650","1,777.00","1,779.00","21,05,350"
10. November 2016,"5,619.00","5,635.00","2,74,950","2,531.50","2,548.00","4,47,450","1,772.50","1,773.00","21,11,650"
09. November 2016,"5,335.00","5,352.00","2,82,600","2,452.00","2,466.00","4,47,800","1,737.50","1,739.00","21,16,600"
08. November 2016,"5,044.00","5,064.50","2,91,625","2,443.50","2,456.00","4,48,575","1,706.00","1,714.50","21,20,725"
07. November 2016,"5,032.00","5,042.00","2,98,400","2,454.00","2,470.00","4,49,050","1,716.00","1,721.50","21,25,800"
04. November 2016,"4,943.00","4,958.00","3,05,000","2,441.00","2,456.00","4,49,350","1,718.50","1,722.00","21,31,075"
03. November 2016,"4,918.00","4,927.50","3,10,600","2,441.00","2,455.00","4,50,375","1,726.00","1,729.00","21,32,950"
02. November 2016,"4,871.00","4,889.00","3,19,000","2,423.00","2,432.00","4,50,575","1,709.00","1,710.50","21,37,350"
01. November 2016,"4,862.50","4,878.00","3,19,475","2,444.00","2,450.50","4,50,725","1,732.00","1,734.00","21,40,550"
31. October 2016,"4,827.50","4,842.00","3,20,825","2,418.50","2,414.00","4,50,800","1,723.00","1,724.00","21,41,300"
28. October 2016,"4,787.00","4,798.00","3,26,400","2,374.00","2,374.50","4,51,425","1,701.50","1,701.50","21,43,500"
27. October 2016,"4,774.00","4,783.00","3,31,450","2,351.00","2,357.00","4,51,600","1,681.50","1,687.00","21,48,350"
26. October 2016,"4,717.50","4,726.50","3,36,225","2,339.50","2,352.00","4,51,950","1,673.00","1,681.00","21,53,400"
25. October 2016,"4,720.00","4,733.00","3,38,800","2,358.00","2,371.00","4,52,975","1,651.00","1,659.00","21,59,950"
24. October 2016,"4,620.50","4,640.50","3,39,950","2,291.00","2,305.00","4,54,100","1,626.50","1,633.00","21,82,275"
21. October 2016,"4,637.00","4,657.00","3,46,775","2,249.00","2,264.00","4,54,925","1,617.00","1,621.00","21,65,700"
20. October 2016,"4,633.50","4,653.50","3,48,575","2,281.00","2,294.00","4,55,100","1,612.50","1,618.00","21,47,350"
19. October 2016,"4,642.50","4,664.00","3,50,625","2,270.00","2,281.00","4,55,475","1,622.00","1,628.00","21,10,550"
18. October 2016,"4,665.50","4,685.00","3,48,000","2,295.50","2,308.50","4,55,750","1,663.50","1,671.50","20,85,800"
17. October 2016,"4,671.50","4,694.00","3,45,800","2,260.50","2,277.00","4,55,650","1,645.00","1,653.50","20,83,250"
14. October 2016,"4,672.50","4,692.00","3,49,075","2,232.50","2,246.00","4,55,900","1,685.00","1,686.00","20,89,475"
13. October 2016,"4,754.50","4,776.00","3,46,150","2,230.00","2,244.00","4,56,275","1,681.00","1,686.50","20,99,475"
12. October 2016,"4,805.00","4,830.00","3,47,850","2,260.00","2,269.00","4,56,800","1,684.00","1,686.00","21,09,425"
11. October 2016,"4,801.50","4,821.50","3,49,350","2,265.50","2,281.00","4,57,150","1,673.00","1,673.50","21,16,725"
10. October 2016,"4,786.00","4,810.00","3,50,675","2,323.50","2,338.00","4,57,275","1,678.00","1,681.50","21,20,125"
07. October 2016,"4,742.00","4,760.50","3,55,300","2,325.50","2,335.00","4,57,425","1,675.00","1,681.50","21,26,825"
06. October 2016,"4,742.00","4,763.00","3,59,725","2,327.50","2,339.00","4,57,625","1,667.50","1,676.00","21,34,300"
05. October 2016,"4,777.50","4,805.00","3,65,050","2,371.00","2,370.00","4,52,875","1,662.50","1,669.00","21,41,875"
04. October 2016,"4,790.50","4,810.00","3,68,525","2,404.00","2,402.50","4,47,550","1,670.50","1,679.00","21,48,275"
03. October 2016,"4,807.00","4,829.00","3,71,775","2,369.50","2,372.00","4,38,675","1,650.00","1,659.50","21,54,825"
30. September 2016,"4,832.00","4,847.00","3,72,225","2,378.00","2,380.00","4,39,350","1,658.50","1,669.00","21,24,400"
29. September 2016,"4,816.50","4,832.00","3,79,175","2,354.00","2,355.00","4,39,975","1,653.00","1,663.50","21,28,750"
28. September 2016,"4,807.50","4,822.50","3,69,075","2,313.00","2,317.00","4,40,650","1,648.50","1,658.00","21,33,625"
27. September 2016,"4,775.00","4,796.00","3,71,475","2,321.00","2,328.00","4,41,475","1,648.00","1,664.00","21,25,850"
26. September 2016,"4,794.00","4,818.00","3,64,125","2,248.50","2,258.00","4,42,000","1,620.00","1,631.00","21,36,025"
23. September 2016,"4,815.00","4,840.00","3,56,875","2,271.50","2,285.00","4,42,650","1,637.50","1,642.50","21,46,725"
22. September 2016,"4,815.50","4,832.50","3,46,050","2,294.50","2,304.50","4,43,850","1,611.50","1,620.50","21,53,425"
21. September 2016,"4,733.00","4,759.00","3,47,800","2,278.50","2,293.00","4,44,150","1,570.00","1,578.00","21,61,575"
20. September 2016,"4,732.50","4,759.00","3,47,950","2,274.00","2,287.00","4,44,400","1,563.00","1,576.00","21,68,175"
19. September 2016,"4,731.50","4,755.00","3,49,625","2,215.50","2,224.00","4,44,400","1,558.50","1,576.00","21,61,475"
16. September 2016,"4,733.50","4,752.00","3,49,000","2,203.00","2,215.00","4,44,450","1,560.00","1,568.50","21,66,925"
15. September 2016,"4,727.00","4,744.00","3,49,225","2,246.00","2,257.00","4,45,575","1,560.00","1,573.50","21,72,975"
14. September 2016,"4,694.50","4,713.00","3,51,500","2,232.00","2,245.00","4,46,675","1,552.50","1,565.50","21,79,000"
13. September 2016,"4,641.50","4,664.00","3,53,375","2,260.00","2,269.00","4,47,800","1,556.50","1,573.50","21,88,250"
12. September 2016,"4,573.00","4,595.00","3,54,200","2,250.00","2,259.00","4,47,950","1,545.50","1,565.50","21,90,050"
09. September 2016,"4,622.50","4,643.00","3,50,600","2,290.50","2,298.00","4,48,750","1,567.50","1,586.50","21,96,350"
08. September 2016,"4,617.50","4,636.00","3,38,225","2,300.00","2,307.00","4,49,750","1,566.00","1,585.50","22,03,400"
07. September 2016,"4,643.00","4,661.00","3,39,600","2,334.00","2,339.00","4,49,925","1,582.50","1,599.00","22,10,100"
06. September 2016,"4,623.00","4,639.50","3,34,975","2,335.50","2,335.00","4,49,925","1,573.50","1,590.50","22,12,275"
05. September 2016,"4,603.00","4,615.00","3,28,525","2,363.50","2,364.00","4,50,500","1,568.50","1,587.00","22,16,175"
02. September 2016,"4,607.00","4,615.50","3,18,500","2,348.50","2,348.00","4,50,525","1,592.00","1,610.00","22,20,425"
01. September 2016,"4,620.00","4,635.00","3,04,775","2,330.00","2,325.50","4,51,100","1,587.00","1,607.50","22,27,400"
31. August 2016,"4,602.50","4,620.00","2,93,525","2,327.50","2,322.00","4,51,950","1,601.00","1,624.00","22,34,050"
30. August 2016,"4,609.00","4,625.50","2,83,225","2,318.00","2,315.00","4,53,300","1,627.50","1,642.00","22,39,500"
26. August 2016,"4,622.00","4,640.00","2,71,575","2,325.00","2,320.00","4,54,175","1,627.50","1,644.00","22,46,350"
25. August 2016,"4,639.50","4,649.00","2,63,875","2,286.00","2,280.00","4,55,075","1,624.00","1,638.00","22,53,775"
24. August 2016,"4,658.50","4,674.00","2,54,700","2,312.50","2,305.00","4,55,275","1,656.50","1,666.50","22,59,100"
23. August 2016,"4,719.00","4,738.00","2,40,075","2,306.00","2,301.00","4,55,100","1,653.00","1,666.50","22,34,525"
22. August 2016,"4,732.00","4,747.50","2,29,375","2,286.00","2,285.00","4,55,200","1,652.00","1,660.50","22,41,550"
19. August 2016,"4,774.00","4,788.00","2,10,625","2,287.00","2,288.00","4,55,875","1,648.50","1,662.50","22,45,050"
18. August 2016,"4,802.50","4,818.50","2,13,425","2,302.00","2,303.00","4,57,050","1,690.50","1,700.50","22,52,150"
17. August 2016,"4,755.50","4,772.00","2,13,300","2,260.50","2,265.00","4,57,525","1,685.50","1,695.50","22,40,600"
16. August 2016,"4,798.00","4,808.50","2,05,375","2,264.00","2,269.00","4,57,900","1,676.00","1,687.00","22,22,300"
15. August 2016,"4,746.00","4,761.50","2,07,150","2,219.50","2,226.00","4,58,175","1,644.50","1,657.00","22,24,550"
12. August 2016,"4,746.00","4,761.00","2,02,375","2,238.00","2,242.00","4,58,275","1,635.00","1,644.50","22,32,425"
11. August 2016,"4,810.00","4,816.00","2,03,925","2,278.50","2,280.00","4,58,450","1,630.00","1,642.50","22,40,425"
10. August 2016,"4,874.50","4,879.00","2,04,825","2,310.00","2,306.50","4,59,075","1,646.00","1,657.50","22,48,500"
09. August 2016,"4,779.00","4,786.50","2,05,350","2,271.00","2,275.00","4,29,275","1,626.00","1,640.00","22,56,400"
08. August 2016,"4,796.00","4,810.00","2,05,025","2,280.00","2,282.00","4,29,425","1,645.00","1,652.50","22,59,325"
05. August 2016,"4,792.50","4,810.50","2,06,650","2,271.00","2,270.50","4,29,700","1,628.00","1,638.00","22,65,050"
04. August 2016,"4,787.00","4,808.00","2,09,300","2,258.00","2,261.00","4,30,075","1,616.00","1,630.50","22,71,475"
03. August 2016,"4,844.50","4,858.00","2,07,350","2,266.00","2,268.00","4,30,625","1,620.00","1,630.00","22,78,250"
02. August 2016,"4,885.50","4,898.50","2,09,650","2,281.00","2,281.00","4,31,150","1,635.50","1,641.50","22,84,550"
01. August 2016,"4,907.00","4,924.00","2,10,075","2,273.50","2,276.00","4,31,200","1,645.50","1,653.50","22,93,800"
29. July 2016,"4,853.00","4,865.00","2,09,450","2,220.00","2,217.00","4,32,625","1,616.00","1,628.00","23,03,450"
28. July 2016,"4,862.00","4,876.00","2,08,725","2,191.00","2,194.00","4,34,025","1,598.00","1,603.00","23,12,275"
27. July 2016,"4,869.50","4,882.00","2,14,425","2,212.00","2,215.00","4,35,600","1,584.00","1,593.00","23,18,125"
26. July 2016,"4,862.00","4,875.00","2,13,725","2,224.00","2,225.00","4,36,600","1,590.50","1,601.00","23,24,125"
25. July 2016,"4,920.00","4,932.00","2,21,350","2,254.50","2,259.00","4,36,800","1,601.00","1,613.00","23,19,150"
22. July 2016,"4,956.00","4,966.00","2,22,725","2,263.00","2,268.00","4,36,925","1,600.00","1,612.50","23,25,000"
21. July 2016,"4,953.50","4,967.00","2,28,400","2,253.00","2,263.00","4,37,325","1,594.50","1,611.50","23,10,050"
20. July 2016,"4,900.50","4,917.00","2,28,000","2,232.00","2,234.00","4,37,950","1,609.00","1,625.00","22,97,450"
19. July 2016,"4,938.00","4,959.00","2,26,300","2,227.00","2,241.00","4,38,050","1,643.00","1,655.50","23,04,875"
18. July 2016,"4,839.00","4,855.00","2,29,425","2,207.50","2,210.00","4,38,275","1,645.00","1,652.50","23,12,050"
15. July 2016,"4,945.50","4,966.50","2,31,275","2,216.00","2,222.00","4,38,425","1,682.00","1,695.50","23,19,125"
14. July 2016,"4,911.50","4,933.50","2,34,925","2,198.00","2,197.00","4,39,075","1,672.00","1,681.00","23,25,600"
13. July 2016,"4,918.50","4,940.00","2,33,050","2,187.00","2,190.50","4,39,200","1,669.50","1,681.50","23,32,075"
12. July 2016,"4,811.50","4,835.00","2,34,750","2,179.50","2,182.00","4,39,450","1,646.00","1,660.00","23,38,125"
11. July 2016,"4,746.00","4,762.00","2,22,600","2,150.00","2,156.00","4,39,575","1,653.00","1,662.50","23,44,175"
08. July 2016,"4,710.00","4,720.00","2,23,225","2,123.00","2,124.00","4,40,225","1,640.50","1,652.50","23,51,250"
07. July 2016,"4,725.00","4,742.00","2,20,725","2,111.00","2,115.00","4,40,800","1,637.00","1,647.00","23,57,025"
06. July 2016,"4,706.00","4,728.00","2,22,550","2,061.50","2,066.00","4,41,750","1,623.50","1,635.00","23,62,950"
05. July 2016,"4,840.50","4,862.00","1,98,925","2,112.00","2,114.50","4,41,750","1,624.00","1,633.50","23,68,250"
04. July 2016,"4,920.00","4,928.00","1,88,400","2,143.00","2,150.00","4,42,100","1,653.00","1,662.50","23,75,075"
01. July 2016,"4,783.50","4,800.00","1,89,125","2,116.50","2,118.00","4,42,700","1,645.00","1,654.50","23,82,100"
30. June 2016,"4,827.00","4,835.00","1,91,525","2,102.50","2,098.00","4,43,175","1,635.00","1,643.50","23,87,850"
29. June 2016,"4,780.00","4,785.50","1,94,200","2,059.00","2,060.50","4,26,225","1,614.00","1,623.50","23,93,600"
28. June 2016,"4,777.50","4,785.00","1,92,950","2,047.00","2,047.00","4,28,575","1,602.50","1,613.00","24,00,300"
27. June 2016,"4,692.00","4,705.00","1,91,700","2,001.00","2,004.50","4,29,775","1,592.00","1,603.00","24,08,975"
24. June 2016,"4,663.00","4,670.50","1,92,375","1,998.00","1,998.00","4,12,150","1,600.50","1,610.50","24,15,875"
23. June 2016,"4,747.00","4,752.00","1,94,375","2,034.00","2,039.00","4,13,675","1,628.00","1,635.00","24,21,500"
22. June 2016,"4,687.50","4,700.00","1,90,700","2,052.00","2,057.00","3,95,075","1,624.00","1,634.00","24,27,950"
21. June 2016,"4,587.00","4,597.00","1,92,175","1,993.00","2,005.00","3,96,100","1,623.50","1,634.00","24,34,550"
20. June 2016,"4,585.00","4,595.00","1,94,025","1,989.50","1,999.00","3,97,275","1,607.50","1,618.50","24,41,175"
17. June 2016,"4,521.50","4,535.00","1,95,925","1,981.00","1,990.00","3,99,825","1,602.50","1,614.00","24,46,200"
16. June 2016,"4,524.50","4,537.00","1,99,025","1,998.00","2,009.00","3,82,275","1,592.50","1,604.00","24,52,400"
15. June 2016,"4,632.00","4,644.00","2,02,150","2,043.00","2,057.00","3,83,200","1,613.50","1,625.00","24,58,850"
14. June 2016,"4,510.50","4,530.00","2,03,275","2,019.50","2,028.00","3,84,075","1,605.00","1,606.00","24,61,325"
13. June 2016,"4,515.00","4,528.00","2,07,625","2,061.00","2,068.00","3,80,075","1,581.50","1,582.00","24,68,850"
10. June 2016,"4,504.00","4,519.00","2,10,675","2,076.00","2,082.00","3,80,400","1,584.00","1,585.50","24,74,225"
09. June 2016,"4,546.00","4,563.00","2,13,225","2,067.50","2,076.00","3,80,900","1,591.50","1,601.00","24,81,625"
08. June 2016,"4,590.50","4,605.00","2,07,300","2,049.00","2,054.50","3,82,150","1,596.00","1,607.00","24,88,325"
07. June 2016,"4,589.00","4,595.00","1,96,225","2,024.00","2,026.00","3,79,075","1,541.00","1,551.50","24,94,975"
06. June 2016,"4,706.00","4,705.50","1,74,400","2,016.00","2,019.00","3,79,875","1,548.00","1,557.50","25,01,625"
03. June 2016,"4,688.00","4,680.00","1,53,675","1,994.50","2,001.00","3,80,825","1,543.00","1,548.50","25,08,225"
02. June 2016,"4,600.00","4,585.50","1,53,525","1,994.00","1,997.00","3,78,725","1,559.00","1,566.00","25,15,675"
01. June 2016,"4,601.00","4,586.00","1,54,350","1,906.50","1,911.00","3,80,450","1,544.00","1,557.00","25,20,175"
31. May 2016,"4,700.00","4,675.00","1,51,725","1,924.00","1,927.00","3,80,700","1,548.00","1,559.00","25,29,100"
27. May 2016,"4,725.50","4,705.00","1,53,750","1,902.50","1,900.00","3,83,000","1,552.00","1,558.50","25,34,000"
26. May 2016,"4,705.50","4,687.00","1,55,975","1,882.50","1,880.00","3,85,025","1,553.00","1,559.00","25,39,900"
25. May 2016,"4,636.00","4,620.00","1,55,250","1,821.00","1,826.00","3,85,075","1,539.00","1,545.50","25,44,325"
24. May 2016,"4,637.00","4,610.00","1,57,250","1,827.00","1,835.00","3,85,675","1,553.00","1,562.00","25,49,700"
23. May 2016,"4,572.00","4,562.00","1,55,000","1,832.00","1,836.00","3,85,775","1,526.00","1,540.00","25,55,250"
20. May 2016,"4,630.50","4,623.00","1,55,725","1,877.00","1,886.50","3,86,750","1,559.00","1,568.50","25,60,550"
19. May 2016,"4,596.00","4,583.00","1,58,600","1,858.00","1,866.00","3,87,350","1,536.00","1,548.50","25,66,125"
18. May 2016,"4,600.50","4,590.00","1,56,850","1,878.50","1,892.00","3,88,475","1,529.50","1,541.50","25,71,125"
17. May 2016,"4,634.00","4,629.00","1,56,750","1,877.50","1,888.00","3,89,475","1,532.00","1,543.00","25,75,725"
16. May 2016,"4,640.50","4,634.00","1,59,025","1,870.50","1,881.00","3,90,050","1,525.50","1,540.50","25,77,775"
13. May 2016,"4,660.00","4,654.50","1,56,675","1,871.00","1,880.00","3,90,375","1,529.00","1,544.00","25,84,400"
12. May 2016,"4,744.00","4,735.00","1,60,000","1,909.50","1,916.00","3,91,500","1,545.00","1,556.00","25,89,225"
11. May 2016,"4,748.00","4,735.50","1,61,625","1,890.50","1,897.00","3,92,600","1,560.00","1,574.00","25,98,125"
10. May 2016,"4,710.00","4,700.00","1,60,900","1,848.50","1,855.00","3,93,475","1,542.50","1,562.00","26,05,500"
09. May 2016,"4,739.50","4,727.00","1,59,600","1,860.00","1,864.00","3,94,300","1,556.50","1,574.50","26,12,625"
06. May 2016,"4,810.00","4,794.00","1,59,025","1,865.50","1,872.00","3,95,175","1,599.00","1,614.50","26,17,550"
05. May 2016,"4,826.00","4,797.00","1,56,725","1,860.50","1,866.00","3,96,400","1,601.50","1,616.50","26,20,450"
04. May 2016,"4,892.00","4,885.00","1,56,500","1,875.00","1,882.00","3,97,525","1,611.00","1,630.00","26,26,725"
03. May 2016,"4,960.00","4,954.00","1,54,675","1,893.00","1,901.00","4,01,800","1,629.00","1,649.00","26,39,075"
29. April 2016,"5,045.00","5,034.00","1,49,500","1,943.00","1,946.00","4,04,275","1,673.00","1,675.00","26,45,725"
28. April 2016,"4,912.50","4,892.50","1,50,725","1,879.00","1,883.00","4,06,800","1,649.00","1,649.50","26,52,475"
27. April 2016,"4,932.00","4,922.00","1,52,200","1,881.00","1,888.00","4,07,975","1,642.50","1,646.50","26,56,725"
26. April 2016,"4,935.50","4,927.00","1,52,475","1,871.00","1,880.00","4,08,200","1,632.00","1,642.50","26,63,800"
25. April 2016,"5,000.50","4,991.00","1,52,400","1,880.00","1,889.00","4,09,575","1,641.00","1,652.00","26,69,700"
22. April 2016,"5,015.50","5,005.50","1,47,800","1,905.00","1,915.00","4,07,700","1,635.00","1,642.50","26,75,900"
21. April 2016,"5,025.50","5,015.00","1,46,275","1,933.00","1,942.50","4,09,400","1,628.00","1,638.00","26,82,550"
20. April 2016,"4,938.50","4,930.00","1,46,200","1,918.50","1,932.00","4,10,050","1,598.00","1,601.00","26,88,975"
19. April 2016,"4,812.00","4,803.00","1,44,700","1,902.00","1,913.00","4,11,100","1,565.50","1,566.00","26,95,775"
18. April 2016,"4,798.00","4,778.00","1,47,275","1,886.50","1,900.00","4,13,250","1,547.00","1,555.50","27,05,550"
15. April 2016,"4,813.50","4,787.00","1,47,975","1,853.50","1,864.50","4,15,100","1,535.00","1,545.50","27,12,850"
14. April 2016,"4,830.50","4,815.00","1,46,500","1,867.00","1,880.00","4,18,550","1,548.50","1,562.50","27,21,500"
13. April 2016,"4,838.00","4,820.00","1,46,475","1,848.00","1,862.00","4,20,775","1,545.50","1,550.50","27,30,475"
12. April 2016,"4,715.50","4,700.00","1,46,450","1,795.00","1,805.00","4,23,725","1,514.00","1,525.50","27,35,200"
11. April 2016,"4,645.00","4,641.00","1,47,350","1,742.50","1,758.00","4,29,750","1,493.50","1,506.50","27,42,650"
08. April 2016,"4,654.00","4,635.50","1,45,675","1,744.00","1,757.00","4,31,875","1,492.00","1,509.00","27,49,650"
07. April 2016,"4,715.00","4,700.00","1,45,000","1,755.50","1,770.00","4,32,150","1,485.00","1,505.50","27,56,525"
06. April 2016,"4,775.00","4,755.50","1,41,075","1,787.00","1,797.00","4,33,625","1,481.00","1,504.50","27,63,750"
05. April 2016,"4,776.00","4,763.00","1,41,425","1,801.50","1,813.00","4,33,775","1,498.00","1,519.00","27,69,925"
04. April 2016,"4,816.00","4,805.00","1,43,475","1,847.00","1,854.50","4,34,075","1,523.00","1,537.00","27,76,275"
01. April 2016,"4,880.00","4,857.00","1,43,400","1,842.00","1,848.00","4,35,025","1,524.00","1,535.50","27,83,050"
31. March 2016,"4,855.50","4,820.50","1,44,750","1,785.00","1,792.50","4,35,550","1,491.50","1,501.00","27,92,000"
30. March 2016,"4,940.00","4,909.00","1,45,450","1,791.50","1,794.00","4,35,800","1,478.00","1,490.50","27,98,875"
29. March 2016,"4,939.50","4,915.00","1,49,125","1,774.50","1,780.50","4,36,650","1,473.00","1,483.50","28,14,800"
24. March 2016,"4,931.00","4,915.00","1,51,375","1,777.00","1,783.00","4,38,175","1,469.50","1,480.00","28,21,375"
23. March 2016,"5,060.50","5,043.00","1,50,675","1,855.00","1,855.00","4,39,750","1,480.00","1,494.50","28,29,300"
22. March 2016,"5,070.00","5,042.00","1,51,975","1,860.00","1,866.00","4,41,350","1,481.00","1,503.00","28,37,275"
21. March 2016,"5,079.50","5,058.00","1,55,275","1,844.50","1,850.00","4,43,400","1,486.00","1,512.50","28,46,500"
18. March 2016,"5,103.00","5,070.50","1,58,275","1,847.50","1,851.50","4,46,675","1,498.00","1,519.50","28,55,225"
17. March 2016,"5,029.00","5,015.50","1,60,925","1,794.50","1,800.00","4,49,000","1,503.50","1,525.00","28,62,125"
16. March 2016,"4,945.00","4,935.50","1,67,025","1,738.50","1,745.00","4,52,525","1,495.00","1,510.00","28,67,925"
15. March 2016,"4,920.00","4,903.00","1,70,075","1,753.50","1,760.00","4,55,675","1,508.00","1,523.50","28,70,325"
14. March 2016,"4,994.00","4,975.00","1,74,175","1,810.00","1,813.00","4,59,275","1,532.50","1,547.00","28,77,525"
11. March 2016,"4,941.00","4,932.00","1,75,975","1,792.00","1,793.00","4,62,250","1,548.50","1,559.50","28,84,300"
10. March 2016,"4,920.50","4,911.00","1,78,575","1,798.00","1,797.00","4,64,250","1,565.00","1,574.00","28,72,425"
09. March 2016,"4,935.50","4,921.00","1,81,975","1,798.00","1,801.00","4,66,350","1,564.00","1,564.00","28,62,500"
08. March 2016,"4,980.50","4,975.00","1,84,850","1,805.00","1,812.00","4,68,275","1,590.00","1,588.50","28,59,150"
07. March 2016,"5,000.00","4,989.50","1,85,225","1,834.00","1,839.00","4,70,700","1,600.00","1,586.50","28,04,700"
04. March 2016,"4,918.00","4,910.00","1,86,700","1,839.00","1,843.00","4,65,500","1,587.50","1,572.50","27,98,250"
03. March 2016,"4,830.00","4,825.00","1,87,725","1,831.50","1,840.00","4,67,850","1,603.50","1,588.00","27,91,925"
02. March 2016,"4,780.00","4,768.00","1,90,750","1,796.50","1,804.00","4,71,525","1,597.00","1,580.50","27,51,100"
01. March 2016,"4,726.00","4,716.50","1,93,475","1,772.00","1,776.00","4,75,100","1,590.50","1,577.00","27,55,600"
29. February 2016,"4,705.00","4,691.00","1,95,625","1,785.00","1,781.00","4,78,550","1,621.50","1,585.50","27,60,825"
26. February 2016,"4,681.00","4,681.00","1,97,225","1,741.00","1,742.50","4,82,875","1,588.50","1,571.50","27,68,800"
25. February 2016,"4,655.00","4,647.00","1,99,250","1,762.00","1,769.00","4,88,450","1,600.00","1,577.00","27,77,450"
24. February 2016,"4,585.50","4,590.00","2,02,450","1,727.00","1,733.00","4,93,050","1,552.00","1,545.00","27,83,775"
23. February 2016,"4,663.50","4,669.00","2,03,700","1,754.50","1,753.50","4,98,175","1,575.50","1,565.00","27,89,150"
22. February 2016,"4,696.00","4,690.00","2,05,500","1,785.50","1,786.00","5,02,275","1,573.00","1,554.50","27,81,850"
19. February 2016,"4,590.00","4,590.50","2,08,525","1,734.00","1,726.00","5,04,375","1,552.00","1,537.00","27,87,675"
18. February 2016,"4,577.00","4,575.00","2,09,950","1,669.00","1,668.00","4,97,825","1,530.00","1,517.50","27,93,650"
17. February 2016,"4,562.00","4,564.00","2,09,875","1,664.00","1,665.00","4,99,450","1,520.00","1,515.00","27,99,550"
16. February 2016,"4,583.50","4,580.50","2,14,300","1,679.00","1,682.00","4,99,625","1,528.50","1,527.00","28,03,450"
15. February 2016,"4,562.00","4,557.50","2,18,300","1,688.50","1,696.00","4,58,725","1,505.50","1,507.00","27,47,650"
12. February 2016,"4,488.50","4,487.00","2,20,225","1,712.00","1,713.00","4,59,675","1,499.00","1,494.50","27,46,275"
11. February 2016,"4,474.00","4,466.00","2,24,750","1,722.00","1,717.00","4,59,675","1,494.00","1,489.00","27,51,625"
10. February 2016,"4,507.00","4,504.00","2,27,300","1,712.00","1,708.50","4,59,525","1,499.00","1,495.00","27,56,400"
09. February 2016,"4,530.50","4,526.00","2,28,125","1,713.00","1,712.00","4,60,800","1,492.00","1,491.50","27,61,200"
08. February 2016,"4,572.50","4,577.00","2,27,100","1,681.00","1,682.00","4,62,075","1,496.00","1,499.00","27,68,125"
05. February 2016,"4,669.00","4,668.00","2,28,650","1,715.50","1,714.00","4,63,975","1,531.00","1,533.00","27,73,975"
04. February 2016,"4,685.00","4,681.00","2,32,700","1,708.50","1,702.50","4,65,950","1,532.00","1,531.00","27,78,825"
03. February 2016,"4,578.50","4,580.50","2,35,400","1,683.50","1,679.00","4,68,100","1,514.00","1,511.50","27,84,975"
02. February 2016,"4,605.50","4,601.00","2,39,025","1,675.50","1,674.00","4,69,675","1,524.50","1,524.00","27,90,675"
01. February 2016,"4,534.00","4,525.00","2,39,400","1,615.00","1,612.00","4,72,050","1,520.00","1,516.00","27,95,825"
29. January 2016,"4,541.50","4,535.50","2,42,375","1,610.00","1,609.00","4,74,750","1,529.50","1,524.00","28,01,450"
28. January 2016,"4,553.50","4,545.00","2,41,250","1,584.50","1,586.00","4,76,725","1,527.00","1,524.00","28,06,775"
27. January 2016,"4,507.50","4,510.00","2,40,325","1,597.50","1,595.00","4,77,925","1,508.00","1,505.50","28,12,775"
26. January 2016,"4,501.00","4,501.00","2,37,375","1,552.00","1,551.00","4,78,650","1,480.50","1,481.00","28,19,525"
25. January 2016,"4,454.00","4,455.00","2,38,825","1,514.50","1,517.50","4,79,925","1,480.00","1,481.00","28,25,425"
22. January 2016,"4,468.00","4,456.50","2,37,350","1,527.00","1,528.00","4,80,850","1,497.50","1,497.00","28,30,750"
21. January 2016,"4,376.00","4,379.00","2,38,125","1,473.00","1,479.00","4,82,325","1,470.00","1,470.50","28,36,450"
20. January 2016,"4,347.00","4,352.00","2,35,300","1,482.00","1,482.50","4,82,650","1,461.50","1,467.50","28,42,550"
19. January 2016,"4,440.50","4,436.00","2,36,125","1,523.00","1,523.00","4,72,650","1,494.00","1,491.00","28,32,500"
18. January 2016,"4,360.00","4,360.00","2,33,550","1,472.50","1,480.00","4,44,700","1,486.50","1,476.00","28,36,025"
15. January 2016,"4,310.50","4,320.50","2,34,175","1,470.00","1,479.00","4,46,025","1,467.50","1,467.50","28,41,250"
14. January 2016,"4,365.50","4,368.00","2,33,400","1,481.50","1,493.00","4,47,100","1,478.00","1,470.50","28,46,650"
13. January 2016,"4,380.00","4,377.00","2,35,525","1,461.00","1,480.00","4,48,075","1,453.00","1,451.50","28,52,500"
12. January 2016,"4,355.00","4,368.00","2,36,725","1,453.50","1,467.00","4,49,975","1,457.00","1,462.00","28,59,325"
11. January 2016,"4,402.50","4,406.00","2,38,625","1,470.00","1,484.00","4,52,475","1,471.50","1,476.50","28,64,850"
08. January 2016,"4,486.50","4,489.00","2,36,650","1,478.50","1,493.00","4,55,200","1,476.00","1,483.00","28,71,100"
07. January 2016,"4,514.00","4,508.00","2,38,000","1,477.00","1,491.00","4,56,175","1,455.00","1,461.00","28,77,000"
06. January 2016,"4,600.00","4,601.00","2,35,850","1,515.00","1,536.00","4,57,325","1,457.00","1,464.00","28,82,800"
05. January 2016,"4,647.00","4,647.50","2,35,225","1,547.50","1,567.00","4,60,475","1,473.00","1,477.50","28,89,550"
04. January 2016,"4,645.00","4,640.00","2,35,800","1,554.00","1,574.00","4,62,700","1,466.00","1,471.00","28,89,550"
