time,USDINR,Dollar Index,LME Copper,Comex Copper,US 30 Y,US 10 Y,US 03 Y,US 02 Y,Comex Silver,Comex Gold,US Oil,MCX Zinc,MCX Aluminium,MCX Copper,LME Zinc,LME Aluminium
21-12-2017,64,93.278,7086.3,3.2195,2.87700009,2.4858,1.98599994,1.8899,16.097,1266.7725,58.21,207.1,136.8,456.75,3238.8,2150.4
22-12-2017,64.0369,93.347,7137.1,3.2385,2.83999991,2.4837,1.99399996,1.8948,16.358,1274.756,58.35,209.45,139.6,460,3269.9,2192.9
25-12-2017,64.045,93.347,7137.1,3.2385,2.83999991,2.4837,1.99399996,1.8948,16.358,1274.756,58.35,209.45,139.6,460,3269.9,2192.9
26-12-2017,64.04,93.257,7137.1,3.2805,2.84980011,2.4783,2.01929998,1.9075,16.52,1282.7685,59.79,209.25,138.75,464.85,3269.9,2192.9
27-12-2017,64.1504,93.025,7229.9,3.284,2.82200003,2.412,2.01699996,1.9071,16.66,1287.2085,59.58,210.65,143.55,466.25,3272.3,2243.9
28-12-2017,64.0472,92.602,7284,3.3085,2.74799991,2.4337,1.97800004,1.9231,16.83,1294.808,59.87,211.95,145.6,468.95,3299.8,2279.8
29-12-2017,63.8336,92.124,7265.8,3.3005,2.7579999,2.4099,2.00099993,1.887,16.9,1303.247,60.09,212.6,144.95,466,3318.6,2278.9
01-01-2018,63.675,92.124,7265.8,3.3005,2.7579999,2.4099,2.00099993,1.887,16.9,1303.247,60.09,211.8,144.65,465,3318.6,2278.9
02-01-2018,63.45,91.872,7219.5,3.278,2.73909998,2.4651,1.9734,1.9352,17.15,1317.625,60.33,213.65,143.45,460.3,3348.8,2263.6
03-01-2018,63.4428,92.162,7178.5,3.2575,2.80900002,2.4493,2.01200008,1.9433,17.09,1313.1355,61.92,212.35,141.4,457.55,3329.6,2232.5
04-01-2018,63.368,91.853,7191.6,3.263,2.78200006,2.4548,2.0150001,1.9636,17.2,1322.731,61.88,213.9,142,457.7,3358.4,2248.6
05-01-2018,63.32,91.949,7123.3,3.2295,2.78500009,2.479,2.03999996,1.9761,17.185,1319.864,61.57,213.8,139.2,452.5,3356.1,2202.6
08-01-2018,63.45,92.358,7114,3.224,2.80809999,2.4822,2.05960011,1.964,17.09,1320.3415,61.88,216,137.75,453.85,3381.6,2173.5
09-01-2018,63.6311,92.528,7094.6,3.216,2.80999994,2.5553,2.05999994,1.9804,16.941,1312.8585,63.45,213.3,136.9,453.75,3335.1,2154.9
10-01-2018,63.65,92.332,7138.9,3.2355,2.89299989,2.5577,2.079,1.9846,16.956,1316.7715,63.47,214.65,138.9,457.1,3347.4,2183.5
11-01-2018,63.6896,91.852,7135.9,3.233,2.89899993,2.5376,2.09200001,1.9929,16.96,1322.5245,63.52,216.65,138.8,456.15,3384.5,2183.5
12-01-2018,63.6,90.974,7105.4,3.2185,2.8670001,2.5503,2.09500003,2.0058,17.2,1338.425,64.37,217.6,141,453.05,3393.3,2221.1
15-01-2018,63.5394,90.974,7197.6,3.2185,2.8670001,2.5481,2.09500003,1.9895,17.2,1340.793,64.37,219.85,141.1,458.8,3431,2223.9
16-01-2018,64.0413,90.393,7110.8,3.2195,2.85540009,2.5398,2.1243999,2.0265,17.158,1338.5645,63.86,219.9,140.35,456.5,3408.4,2194.6
17-01-2018,63.8118,90.541,7048.9,3.189,2.83100009,2.5909,2.12400007,2.0596,16.957,1327.366,64.06,217.4,140.3,450.75,3372.8,2195.4
18-01-2018,63.905,90.498,7072.4,3.199,2.85400009,2.6284,2.16499996,2.0516,16.935,1326.879,63.68,217.7,143.5,452.7,3379.1,2241.4
19-01-2018,63.86,90.572,7045.6,3.1875,2.90100002,2.6606,2.171,2.0772,16.995,1331.678,63.45,219,141.75,450.45,3406.4,2216.6
22-01-2018,63.88,90.401,7070.9,3.1985,2.93470001,2.6528,2.21230006,2.0691,16.983,1333.934,63.91,219.9,143.55,452.6,3413.5,2246.9
23-01-2018,63.8129,90.124,6892.4,3.111,2.91700006,2.6154,2.20099998,2.0528,17.033,1341.2595,64.44,218.9,141.85,439.95,3409.8,2225.9
24-01-2018,63.63,89.206,7145.1,3.2285,2.89700007,2.6475,2.17700005,2.0822,17.54,1358.5435,65.85,220.5,142.75,454.1,3442.4,2246.3
25-01-2018,63.6294,89.391,7124.3,3.2165,2.93099999,2.6188,2.19899988,2.0962,17.26,1348.25,65.22,221.6,141.6,451.85,3459.5,2234
26-01-2018,63.6254,89.067,7089.1,3.199,2.89100003,2.6623,2.2019999,2.1364,17.37,1349.765,66.22,221.6,141.6,451.85,3482,2256.9
29-01-2018,63.59,89.308,7081.4,3.194,2.90820003,2.6964,2.24390006,2.1364,17.145,1340.388,65.5,229.45,141.55,450.7,3552.6,2226.1
30-01-2018,63.7772,89.16,7074.4,3.189,2.94899988,2.7217,2.25500011,2.1324,17.1,1338.5505,63.97,225.1,141.1,450.45,3505,2216.8
31-01-2018,63.58,89.133,7092.3,3.1955,2.9749999,2.7074,2.26399994,2.1526,17.305,1345.057,64.75,225.95,140.6,450.9,3521.4,2212.4
01-02-2018,63.9455,88.671,7116.8,3.209,2.94099998,2.7915,2.29200006,2.173,17.199,1349.77,65.96,229.35,142.55,454.7,3563.5,2230.8
02-02-2018,64.1939,89.195,7073.9,3.1875,3.01699996,2.843,2.31900001,2.1534,16.559,1333.081,65.03,226.4,141.7,452.75,3511.3,2212.6
05-02-2018,64.12,89.554,7145.6,3.221,3.09610009,2.7079,2.32019997,2.0403,16.689,1339.6695,63.42,227.75,141.4,456.3,3532,2209.1
06-02-2018,64.1476,89.585,7081.1,3.189,3.00300002,2.8035,2.19300008,2.1133,16.609,1324.2945,63.9,223.85,139.3,452.85,3465.4,2171.6
07-02-2018,64.342,90.255,6867.4,3.0875,3.06699991,2.8382,2.28500009,2.1418,16.346,1318.475,61.75,219.05,139.1,440.25,3387.6,2160.6
08-02-2018,64.4812,90.229,6850.3,3.082,3.10899997,2.8262,2.32299995,2.1135,16.385,1318.781,60.4,221.7,140.2,440.2,3416,2172.9
09-02-2018,64.337,90.442,6746.8,3.0335,3.13000011,2.8544,2.30699992,2.0854,16.319,1316.47,59.02,218.15,137.1,432.9,3369.9,2125.6
12-02-2018,64.27,90.208,6856.9,3.0865,3.16529989,2.8612,2.28520012,2.0937,16.519,1322.738,59.35,218.6,136.95,438.65,3389.9,2133.8
13-02-2018,64.24,89.703,7018.9,3.1625,3.14400005,2.8312,2.30699992,2.1143,16.539,1329.356,58.94,223.7,137.4,449.35,3465.6,2141
14-02-2018,64.0049,89.121,7175.4,3.236,3.1170001,2.9049,2.31200004,2.1759,16.83,1350.6565,60.71,229.55,139.65,457.55,3568.5,2190.3
15-02-2018,63.9218,88.593,7197.1,3.2455,3.17199993,2.9118,2.40199995,2.1926,16.829,1352.557,61.4,229.75,137.75,458.05,3582,2162.9
16-02-2018,64.4045,89.1,7209.5,3.2485,3.16199994,2.8763,2.40499997,2.206,16.629,1347.532,61.6,230.75,141.6,461.5,3569.4,2205
19-02-2018,64.5504,89.1,7122.9,3.2485,3.13070011,2.8763,2.3835001,2.206,16.629,1346.6505,61.6,230.8,142.8,457.8,3562.3,2207.8
20-02-2018,64.9184,89.716,7085.9,3.1905,3.13569999,2.8909,2.41359997,2.227,16.405,1329.662,61.54,231.4,142.05,457.2,3547.9,2184
21-02-2018,64.83,90,7136.1,3.216,3.15499997,2.9519,2.40799999,2.2781,16.481,1324.5695,61.31,230.65,142.75,460.45,3538.5,2204.6
22-02-2018,64.95,89.736,7190.1,3.2415,3.22799993,2.9225,2.43799996,2.258,16.589,1331.824,62.62,231.45,142.15,464.65,3532.5,2188.9
23-02-2018,64.8887,89.883,7126.4,3.2125,3.204,2.8692,2.41400003,2.246,16.499,1329.623,63.55,229.55,140.15,459.7,3509.4,2147.9
26-02-2018,64.77,89.853,7108.9,3.1975,3.16129994,2.8642,2.39520001,2.2339,16.619,1333.172,63.96,231.1,139.55,457.7,3531,2139
27-02-2018,65.1,90.355,7037.6,3.1865,3.1559999,2.8966,2.37599993,2.2701,16.39,1318.6345,62.81,228.8,139.9,454.25,3494.1,2148.4
28-02-2018,65.2,90.613,6930.1,3.1325,3.16300011,2.8642,2.42600012,2.2621,16.385,1318.381,61.52,226.2,139.35,453.6,3457,2134
01-03-2018,65.2436,90.324,6910.1,3.123,3.12700009,2.8083,2.41199994,2.2178,16.44,1316.9815,61.31,222.9,140.4,452.2,3407.6,2154
02-03-2018,65.21,89.935,6916.1,3.1245,3.09200001,2.8661,2.36299992,2.254,16.463,1322.064,61.43,220.15,140.35,452.8,3368,2151.6
05-03-2018,65.01,90.08,6920.5,3.128,3.12919998,2.8844,2.37940001,2.2458,16.39,1320.201,62.58,215.75,139.6,452.35,3306,2147.1
06-03-2018,64.8268,89.618,6989.3,3.159,3.15300012,2.8886,2.40199995,2.2661,16.71,1334.7165,62.34,215.1,138.5,454.85,3305.1,2139.8
07-03-2018,64.87,89.637,6940.1,3.136,3.15300012,2.8845,2.41799998,2.258,16.482,1325.6265,61.33,212.95,136.35,452.05,3270.6,2104.1
08-03-2018,65.09,90.179,6824.6,3.079,3.1500001,2.8594,2.41899991,2.2661,16.45,1321.9225,60.29,210.45,136.9,445.3,3228.1,2108.5
09-03-2018,64.9711,90.093,6945.5,3.136,3.12299991,2.8956,2.41300011,2.2661,16.544,1323.532,62.09,214.35,137.4,452.3,3291.4,2120.3
12-03-2018,64.95,89.895,6915.3,3.124,3.16630006,2.87,2.44140005,2.2743,16.521,1322.9325,61.36,210.3,135.5,450.25,3237.9,2096.4
13-03-2018,64.8488,89.664,6948.1,3.138,3.12800002,2.8439,2.42199993,2.2661,16.56,1326.431,60.82,213.4,135.55,450.95,3295.9,2101.5
14-03-2018,64.82,89.704,6990.5,3.1585,3.09899998,2.8189,2.41300011,2.2702,16.5,1325.068,60.9,208.45,135.1,454.25,3215.1,2088.5
15-03-2018,65.0496,90.139,6926.9,3.1275,3.05900002,2.8303,2.41000009,2.2949,16.36,1316.301,61.15,209.9,134.8,450.95,3226.5,2082.6
16-03-2018,65.05,90.233,6888.3,3.1075,3.05800009,2.8468,2.4289999,2.3033,16.328,1314.435,62.23,212.2,134.95,448.55,3256.3,2083.6
19-03-2018,65.28,89.765,6839.1,3.082,3.08839989,2.8578,2.454,2.3199,16.29,1317.085,62.19,212.8,135.4,446.7,3255,2087.5
20-03-2018,65.2496,90.371,6749.6,3.038,3.08800006,2.8982,2.45900011,2.3489,16.17,1311.208,63.71,209.45,134.8,441.25,3200.8,2077.9
21-03-2018,65.0739,89.783,6796.6,3.0585,3.13199997,2.8853,2.49499989,2.3159,16.54,1332.231,65.46,212.15,134.5,443.55,3248.3,2078.1
22-03-2018,65.1946,89.857,6706.8,3.02,3.11100006,2.8254,2.46199989,2.2952,16.36,1328.874,64.15,209.5,133.75,438.95,3209.1,2073
23-03-2018,65.0645,89.436,6645,2.993,3.05800009,2.8163,2.42700005,2.2662,16.548,1348.008,65.72,209.25,132.4,433.4,3216.5,2053.4
26-03-2018,64.7,89.027,6599.6,2.97,3.07209992,2.8547,2.41050005,2.2787,16.69,1353.7765,65.47,212.15,131.6,428.7,3263,2052.6
27-03-2018,64.9242,89.372,6670.1,3.0005,3.08599997,2.7775,2.44099998,2.2741,16.5,1345.091,64.64,213.95,131.15,430.75,3285.1,2047.8
28-03-2018,65.144,90.058,6675.4,3.002,3.02699995,2.7848,2.38899994,2.2943,16.27,1325.0425,64.65,214.1,132.3,433.45,3276.8,2031.4
29-03-2018,65.04,90.151,6730.1,3.0255,3.02099991,2.7412,2.40799999,2.2701,16.332,1325.2385,64.88,213.7,130.3,436.8,3277.6,2005.1
30-03-2018,65.09,90.151,6730.1,3.0255,2.97199988,2.7389,2.38599992,2.2661,16.332,1325.2385,64.88,213.7,130.3,436.8,3277.6,2005.1
02-04-2018,65.1425,90.052,6730.1,3.05,2.99110007,2.733,2.39680004,2.262,16.57,1341.5065,62.84,214.6,131.3,439.15,3277.6,2005.1
03-04-2018,64.9487,90.2,6813.4,3.0635,2.96700001,2.7794,2.36899996,2.2903,16.39,1332.76,63.55,213.8,129.6,440.45,3276.6,1999.3
04-04-2018,65.0206,90.142,6719.3,3.0105,3.01399994,2.8059,2.40799999,2.3106,16.28,1333.3785,63.54,212.1,129.35,433.65,3251.6,1992.3
05-04-2018,64.8953,90.46,6836.1,3.0745,3.04299998,2.8338,2.43300009,2.3147,16.35,1326.647,63.7,210.95,130.05,439.95,3245.9,2018.4
06-04-2018,64.9195,90.108,6796.4,3.0585,3.07399988,2.7758,2.44400001,2.2824,16.371,1333.3325,61.9,211.3,133,438.25,3254.4,2061.5
09-04-2018,64.8926,89.838,6836.1,3.077,3.0309999,2.7835,2.41359997,2.2906,16.47,1336.3005,63.26,208.85,139.3,442.25,3221.5,2137
10-04-2018,64.9364,89.587,6962.1,3.137,3.01399994,2.8032,2.41400003,2.3192,16.56,1339.725,65.56,211.3,144.6,450.75,3251,2223.6
11-04-2018,65.1912,89.568,6917.8,3.117,3.01999998,2.7831,2.44400001,2.3192,16.64,1353.275,66.71,210.5,147.25,448.6,3232.3,2249
12-04-2018,65.28,89.751,6821.3,3.0635,2.99399996,2.8399,2.44300008,2.3521,16.43,1335.099,67.09,202.1,152,442.25,3100.8,2289.4
13-04-2018,65.2411,89.8,6836,3.071,3.046,2.8289,2.50300002,2.373,16.606,1345.9,67.36,202.7,149.75,442.75,3115,2284
16-04-2018,65.447,89.425,6897.3,3.0955,3.04390001,2.8294,2.5165,2.3856,16.64,1345.886,66.31,205.2,156.75,446.95,3130.9,2381.1
17-04-2018,65.684,89.516,6866.9,3.0795,3.0250001,2.8317,2.52200007,2.3981,16.75,1347.172,66.63,208.05,159.15,447.35,3163.9,2396.9
18-04-2018,65.779,89.623,7025.1,3.1585,3.01699996,2.8728,2.52999997,2.4438,17.17,1349.41,68.74,214.4,168.75,459.1,3271.4,2544.8
19-04-2018,66.123,89.94,6973.3,3.132,3.06100011,2.9122,2.5769999,2.4399,17.21,1345.742,68.14,212.85,165.3,456.95,3229.8,2492.8
20-04-2018,66.2,90.316,6981,3.135,3.102,2.962,2.58599997,2.4698,17.098,1336.154,68.02,214.65,165.9,458.75,3242.6,2473.1
23-04-2018,66.575,90.946,6933.6,3.1105,3.15170002,2.9775,2.62459993,2.491,16.606,1324.848,68.89,214.9,151,456.9,3241.1,2272.6
24-04-2018,66.47,90.766,6998.9,3.142,3.14400005,3.0005,2.63899994,2.4787,16.7,1330.47,67.7,213.1,146.35,459.7,3219.6,2226.9
25-04-2018,66.91,91.172,6987.9,3.1345,3.18300009,3.0287,2.63599992,2.4959,16.53,1322.877,67.99,210,149.45,463,3138.9,2230.6
26-04-2018,66.927,91.561,6952.6,3.114,3.21199989,2.9819,2.63899994,2.4999,16.48,1317.037,68.14,210.05,152.2,460.4,3137.9,2274.3
27-04-2018,66.48,91.542,6811.6,3.0695,3.16300011,2.9605,2.62299991,2.4959,16.47,1323.699,67.96,209.7,149.1,448.45,3134.8,2230.3
30-04-2018,66.42,91.841,6819.6,3.074,3.12700009,2.9545,2.6178,2.5,16.3,1315.6,68.54,208.15,150.1,453.7,3123.1,2248.3
01-05-2018,66.84,92.449,6747.3,3.0375,3.12400007,2.9667,2.62899995,2.5164,16.12,1304.089,67.45,205.55,151.35,451.4,3070.3,2265.3
02-05-2018,66.68,92.512,6813.1,3.0685,3.13000011,2.9696,2.64299989,2.5044,16.34,1304.86,67.66,204.2,156.1,455.45,3054.1,2312.4
03-05-2018,66.66,92.414,6843.1,3.0805,3.15100002,2.9486,2.63800001,2.4883,16.414,1312.267,68.46,200.35,152.75,457.65,3006.3,2271.3
04-05-2018,66.81,92.566,6853.9,3.0855,3.12299991,2.9506,2.61899996,2.505,16.504,1314.994,69.74,205.35,158.65,457.45,3062.9,2345.3
07-05-2018,67.13,92.749,6853.9,3.079,3.12870002,2.9516,2.63599992,2.5092,16.44,1314.304,69.96,207.95,159.35,459.15,3062.9,2345.3
08-05-2018,67.16,93.12,6805.6,3.059,3.12299991,2.9783,2.6329999,2.5155,16.44,1314.514,70.03,206.8,159.95,456.3,3083.6,2353.8
09-05-2018,67.34,93.04,6810.3,3.0575,3.12800002,3.0061,2.64499998,2.5423,16.46,1312.801,71.24,208.3,159.75,457.9,3086.6,2358
10-05-2018,67.1121,92.65,6921.4,3.11,3.16300011,2.9649,2.68499994,2.5425,16.69,1321.312,71.38,206.85,155.65,462.9,3082.4,2318.4
11-05-2018,67.37,92.537,6920.4,3.1115,3.10899997,2.9727,2.68799996,2.5431,16.619,1318.571,70.44,208.2,153.55,465,3089.9,2274.8
14-05-2018,67.6678,92.587,6880.9,3.093,3.10649991,3.0047,2.69589996,2.5639,16.489,1313.548,71.15,206.3,157.2,463.7,3059,2315.1
15-05-2018,68.2234,93.219,6811.5,3.056,3.13199997,3.0751,2.71000004,2.589,16.23,1290.983,70.97,208.55,159.5,462.95,3058.4,2322.4
16-05-2018,67.7302,93.392,6837,3.0705,3.19799995,3.0992,2.74799991,2.6016,16.34,1290.696,71.52,208.6,158.6,461.85,3076.4,2309.8
17-05-2018,67.8156,93.469,6878.8,3.089,3.22300005,3.1131,2.76699996,2.5854,16.4,1290.964,71.55,210.15,156.4,463.8,3089.1,2284.1
18-05-2018,68.0099,93.637,6821.4,3.0635,3.25,3.0587,2.75399995,2.5612,16.425,1292.603,71.36,211.1,154.8,462.15,3095.6,2273
21-05-2018,68.03,93.677,6895.1,3.0985,3.21560001,3.0615,2.73469996,2.5823,16.473,1292.686,72.54,211.3,155.75,467.85,3101.5,2281.8
22-05-2018,68.097,93.609,6970.6,3.132,3.20099998,3.0601,2.72900009,2.5826,16.51,1291.41,72.09,207.4,154.05,472,3052.1,2262
23-05-2018,68.27,94.003,6844.8,3.0705,3.20700002,2.9948,2.72900009,2.5322,16.42,1293.508,71.81,207.3,155.15,465.15,3020.1,2272
24-05-2018,68.2767,93.758,6896.9,3.096,3.15199995,2.9774,2.66300011,2.5242,16.64,1304.872,70.61,208,156.9,469.05,3034.6,2286.8
25-05-2018,67.72,94.188,6860.6,3.0775,3.12700009,2.9313,2.6500001,2.4778,16.47,1301.826,67.4,207.05,153.1,461.8,3059.3,2261.8
28-05-2018,67.475,94.188,6860.6,3.0775,3.12700009,2.9313,2.6500001,2.4778,16.47,1298.138,67.4,206.85,153.15,459.25,3059.3,2261.8
29-05-2018,67.8777,94.833,6830.5,3.0625,3.06890011,2.7814,2.58340001,2.3311,16.35,1299.151,66.85,209.25,153.8,460.7,3081.9,2271
30-05-2018,67.44,94.153,6844.1,3.069,2.97600007,2.8563,2.44899988,2.4275,16.48,1301.171,68.21,212.95,154.05,458.85,3145.1,2266.9
31-05-2018,67.43,93.985,6841.5,3.065,3.0250001,2.8608,2.53699994,2.4395,16.403,1298.447,67.03,209.7,155.85,457.05,3104.3,2291.8
01-06-2018,66.9692,94.191,6909.6,3.0985,3.0250001,2.9049,2.55800009,2.4797,16.384,1293.668,65.69,207.7,155.25,458.85,3087.8,2297.5
04-06-2018,67.06,94.02,6978.9,3.1345,3.0545001,2.9451,2.61080003,2.5283,16.38,1292.02,64.86,210.65,156.4,465.3,3117.6,2308.5
05-06-2018,67.08,93.898,7107.6,3.1985,3.08500004,2.9287,2.65199995,2.5039,16.46,1296.028,65.51,215.6,156.6,474.8,3192.1,2318.4
06-06-2018,66.8596,93.66,7239.4,3.262,3.08200002,2.9731,2.61899996,2.5283,16.66,1296.608,64.96,214,157.3,481.25,3194.1,2341
07-06-2018,67.41,93.397,7267.6,3.275,3.12299991,2.9236,2.65499997,2.4917,16.69,1296.96,65.88,214.85,155.15,487.55,3162.8,2289.5
08-06-2018,67.52,93.551,7327.4,3.3,3.07299995,2.9493,2.62199998,2.5161,16.754,1299.235,65.49,217.4,156.9,491.25,3199.3,2305.6
11-06-2018,67.4998,93.576,7235.9,3.257,3.09200001,2.9544,2.64689994,2.5325,16.91,1300.188,66.04,218,156.8,485,3205.5,2300.3
12-06-2018,67.62,93.802,7224.4,3.2495,3.09299994,2.9631,2.65499997,2.549,16.83,1296.008,65.96,217.45,156.35,484.6,3193.6,2295.9
13-06-2018,67.5619,93.713,7235.8,3.254,3.09500003,2.9682,2.67700005,2.5778,17.02,1299.554,66.59,218.6,154.85,485.05,3210.9,2273.4
14-06-2018,67.85,94.772,7169.6,3.222,3.09200001,2.9383,2.70700002,2.5738,17.15,1302.348,66.99,217.1,154,481.55,3183.8,2256.6
15-06-2018,68.17,94.789,7022.1,3.1445,3.05500007,2.9214,2.69300008,2.5533,16.518,1279.665,64.24,212,151.95,473.9,3081.4,2208.5
18-06-2018,68.0631,94.801,6942.9,3.1065,3.04489994,2.9196,2.67689991,2.5534,16.452,1278.362,65.81,210.9,152.45,468.75,3068.6,2221
19-06-2018,68.067,95.085,6826.6,3.047,3.04399991,2.899,2.671,2.5617,16.29,1274.847,65.03,205.95,149,458.5,3007.4,2174.1
20-06-2018,68.0977,95.055,6807.4,3.0405,3.0309999,2.9398,2.65199995,2.5784,16.24,1268.126,65.31,206.45,148.55,457.8,3002.4,2170
21-06-2018,67.8356,94.743,6775.4,3.0215,3.07399988,2.8981,2.68000007,2.5494,16.288,1267.142,65.77,201.6,149.25,453.95,2930,2190
22-06-2018,67.8917,94.517,6794.6,3.027,3.04299998,2.8972,2.64700007,2.5537,16.409,1269.96,69.27,202.35,148.6,454.2,2933.1,2178.9
25-06-2018,68.1245,94.276,6716.8,2.987,3.03379989,2.883,2.64409995,2.5412,16.318,1265.622,68.12,196.85,147.4,448.65,2848.9,2154
26-06-2018,68.3714,94.659,6723.9,2.992,3.02699995,2.8798,2.63000011,2.5413,16.26,1258.84,70.64,197.65,150.3,451.9,2849.8,2168.5
27-06-2018,68.9,95.268,6705.4,2.9845,3.02399993,2.8256,2.625,2.5161,16.03,1252.37,72.24,201.45,150.35,453.75,2888.9,2176.5
28-06-2018,68.8515,95.386,6631.6,2.9715,2.9690001,2.8401,2.58899999,2.5242,15.965,1248.34,73.18,201.55,148.75,454.75,2894.5,2152.5
29-06-2018,68.4496,94.636,6618.5,2.966,2.96700001,2.862,2.5999999,2.5444,16.101,1253.022,74.26,198,146.75,452.3,2858.1,2132.1
02-07-2018,68.7772,95.035,6563.6,2.944,2.9914,2.872,2.61919999,2.5607,15.835,1242.036,74.04,196.35,146.05,450.75,2831.3,2109.5
03-07-2018,68.5211,94.671,6508.9,2.917,2.99300003,2.8323,2.64400005,2.5303,15.99,1252.26,74.19,192.85,144.2,445.75,2788.5,2097.3
04-07-2018,68.697,94.671,6401.4,2.917,2.96000004,2.8309,2.62199998,2.5324,15.99,1256.912,74.19,187.8,144.7,437.85,2707.4,2097
05-07-2018,68.81,94.469,6317.4,2.826,2.96720004,2.8323,2.63019991,2.5565,16.01,1257.498,73.13,187.3,143.7,433.5,2693.5,2084.5
06-07-2018,68.76,94.036,6318.4,2.824,2.94700003,2.8236,2.64400005,2.5488,15.997,1255.257,73.87,190.6,143.85,431.6,2749.8,2087
09-07-2018,68.65,94.078,6379.4,2.85,2.9361999,2.8601,2.6329999,2.5632,16.07,1257.876,73.97,185.55,144.6,436.7,2697.8,2112.1
10-07-2018,68.6973,94.152,6352.4,2.8395,2.96600008,2.8532,2.66100001,2.5816,16.04,1255.712,74.14,181.35,143.25,433.1,2625.5,2087.6
11-07-2018,68.8,94.72,6135,2.7435,2.96600008,2.8514,2.68000007,2.5858,15.78,1242.236,70.56,177.1,141.95,420.15,2553.3,2061.4
12-07-2018,68.32,94.806,6215.6,2.777,2.94199991,2.8477,2.66599989,2.5982,15.92,1247.039,70.32,176.85,139.4,421.85,2583,2045.6
13-07-2018,68.49,94.752,6217.5,2.7755,2.94700003,2.8299,2.67700005,2.5903,15.772,1241.68,70.49,177.8,139.35,422.7,2581.5,2039.8
16-07-2018,68.5406,94.511,6185.3,2.7645,2.93300009,2.861,2.65499997,2.607,15.75,1241.072,67.87,170.8,141.4,421.45,2485.6,2061.9
17-07-2018,68.4425,94.945,6146.9,2.747,2.96099997,2.8623,2.67700005,2.6242,15.53,1227.801,67.58,173,138.95,417.85,2507.3,2033.3
18-07-2018,68.43,95.08,6174.3,2.76,2.9690001,2.872,2.68799996,2.6114,15.52,1227.54,68.96,181.15,139.25,420.65,2617.4,2036.5
19-07-2018,68.9636,95.154,6039.3,2.6955,2.98900008,2.8399,2.69300008,2.599,15.28,1223.223,69.45,179.05,138.3,414.2,2547.6,2006
20-07-2018,68.73,94.449,6158.6,2.756,2.95799994,2.8959,2.66000009,2.5994,15.495,1231.212,68.11,179.35,140.65,420.35,2584.6,2042.9
23-07-2018,68.9741,94.669,6137.4,2.7465,3.02729988,2.9578,2.68260002,2.6454,15.364,1224.76,67.75,177.35,141.8,420.05,2557,2062.4
24-07-2018,68.8842,94.608,6277.1,2.8105,3.09500003,2.9513,2.727,2.6414,15.447,1224.528,68.64,181.1,142.25,428.95,2602.5,2085.4
25-07-2018,68.6242,94.363,6291.4,2.8175,3.07599998,2.9759,2.7349999,2.6856,15.58,1232.306,69.22,179.8,140.65,430.1,2589.9,2062.3
26-07-2018,68.7521,94.75,6287.3,2.818,3.0999999,2.9792,2.75999999,2.6937,15.34,1222.76,69.49,179.85,141.15,428.9,2590.3,2068.3
27-07-2018,68.6975,94.675,6261.6,2.802,3.10400009,2.9561,2.77699995,2.6735,15.457,1223.459,68.97,180.45,140.45,425.85,2586.5,2060.1
30-07-2018,68.6553,94.324,6237.6,2.792,3.08699989,2.9761,2.76309991,2.6694,15.45,1221.595,70.05,176.7,142.6,425.4,2557.1,2084.3
31-07-2018,68.5232,94.493,6325.5,2.8315,3.10700011,2.9626,2.76300001,2.6816,15.49,1223.818,68.39,181.95,142.35,430.15,2633.9,2081.3
01-08-2018,68.3548,94.624,6146.8,2.7475,3.08100009,3.0078,2.76900005,2.6897,15.36,1216.028,67.83,175.35,140.25,414.8,2547.9,2053.4
02-08-2018,68.5911,95.159,6133.5,2.7375,3.13100004,2.9878,2.78299999,2.6715,15.28,1207.936,68.92,177.95,139.35,416.85,2564.4,2039.1
03-08-2018,68.5113,95.143,6184.1,2.7635,3.11899996,2.9497,2.76099992,2.6533,15.379,1213.879,68.61,180.65,138.75,419.05,2605.8,2028.4
06-08-2018,68.81,95.357,6123,2.7315,3.09579992,2.9423,2.73600006,2.6534,15.27,1207.36,68.85,178.6,140.45,415.5,2572,2049.5
07-08-2018,68.58,95.216,6161.8,2.752,3.09299994,2.9749,2.73099995,2.6779,15.343,1211.032,69.05,180.55,139.45,418.1,2600.9,2037
08-08-2018,68.5372,95.051,6165.8,2.751,3.12199998,2.9623,2.76399994,2.6738,15.412,1213.685,66.69,180.95,144.6,418,2608.1,2109.5
09-08-2018,68.85,95.504,6197.5,2.7655,3.11299992,2.9285,2.76399994,2.6554,15.423,1212.332,66.66,179.85,142.45,421.15,2604.3,2074.3
10-08-2018,69.1327,96.357,6154.1,2.7425,3.07200003,2.875,2.73900008,2.6083,15.288,1212.019,67.7,176.4,143.75,419.6,2543,2095
13-08-2018,70.085,96.391,6130.8,2.731,3.0230999,2.8813,2.67639995,2.6226,14.95,1193.804,67.38,173.65,145.55,423.6,2474.4,2075.8
14-08-2018,69.95,96.731,6034.5,2.682,3.046,2.9013,2.69000006,2.6473,15.02,1194.111,66.62,171.8,144.3,416.05,2452,2069.5
15-08-2018,70.26,96.696,5792.5,2.56,3.06699991,2.8637,2.71199989,2.6164,14.4,1174.954,64.85,171.8,144.3,416.05,2288.9,2026.3
16-08-2018,70,96.645,5902.5,2.6165,3.0309999,2.8691,2.68199992,2.6226,14.63,1174.27,65.44,166.9,142,405.4,2379,2039.3
17-08-2018,69.8596,96.101,5925.3,2.629,3.02699995,2.8628,2.68700004,2.6121,14.786,1184.679,65.56,168,141.9,407.65,2381.6,2034.3
20-08-2018,69.74,95.9,6000,2.6685,3.0230999,2.8203,2.68420005,2.5934,14.73,1190.586,66.61,167.05,143.1,412.1,2378.4,2058.4
21-08-2018,69.8556,95.256,6060.9,2.6955,2.98300004,2.832,2.648,2.6079,14.74,1195.828,66.05,170.9,143.3,416.05,2429.1,2062.5
22-08-2018,69.85,95.146,6018.1,2.6735,3.00200009,2.8212,2.6730001,2.5995,14.721,1195.946,68.09,173.05,143.45,412.2,2458.9,2069.5
23-08-2018,70.24,95.666,5987.1,2.6545,2.98200011,2.8288,2.65400004,2.6245,14.475,1185.278,67.82,174.25,144.55,410.75,2463.6,2073.1
24-08-2018,69.7927,95.146,6081.1,2.7005,2.98000002,2.8143,2.67600012,2.6265,14.788,1205.782,68.5,177.95,144.75,416.25,2532.8,2093.1
27-08-2018,70.15,94.779,6081.1,2.7085,2.9683001,2.8473,2.68359995,2.6496,14.84,1211.288,68.89,178.2,145,418.5,2532.8,2093.1
28-08-2018,70.0975,94.72,6149,2.736,2.99399996,2.8831,2.70000005,2.6694,14.669,1201.045,68.49,177.7,148.5,423.25,2527.1,2134.8
29-08-2018,70.6168,94.6,6103.9,2.71,3.03399992,2.8863,2.73000002,2.6815,14.719,1206.691,69.67,178,151.05,421.95,2517.3,2159.4
30-08-2018,70.9955,94.723,6072.4,2.7175,3.023,2.8586,2.74699998,2.6553,14.511,1200.085,70.03,175.95,151.2,431.65,2457.3,2130.9
31-08-2018,70.8082,95.14,5981.4,2.671,3.00699997,2.8617,2.71399999,2.6432,14.526,1201.055,69.87,176.1,150.1,423.8,2463.1,2122.5
03-09-2018,71.1782,95.14,5951.4,2.671,3.00699997,2.8617,2.71399999,2.6432,14.526,1201.388,69.87,176.45,148.6,423.85,2456,2091.9
04-09-2018,71.4594,95.439,5846,2.602,3.02940011,2.9008,2.7025001,2.6574,14.137,1191.406,69.35,173.3,146.7,415.75,2413.5,2068.8
05-09-2018,71.75,95.184,5866.4,2.61,3.06200004,2.904,2.7249999,2.6554,14.16,1195.956,68.61,174.35,147.1,419.65,2416,2066.3
06-09-2018,71.985,95.021,5914.6,2.6365,3.07599998,2.8767,2.72199988,2.6411,14.133,1200.247,67.86,176.5,146.05,424.4,2439.4,2042
07-09-2018,72.1009,95.365,5885.9,2.6225,3.0539999,2.942,2.70000005,2.7128,14.134,1196.55,67.77,173.85,147.2,422.6,2404.3,2058.9
10-09-2018,72.6079,95.15,5895.1,2.628,3.10459995,2.9342,2.77469993,2.719,14.16,1195.799,67.5,172.7,149.95,426.8,2370.8,2078.8
11-09-2018,72.6397,95.249,5882.6,2.6215,3.08400011,2.9792,2.77999997,2.75,14.12,1198.468,69.88,169,147.45,425.55,2321,2048.6
12-09-2018,71.89,94.799,5990.6,2.676,3.12299991,2.9659,2.82200003,2.7563,14.24,1206.152,70.26,172.4,146.1,429.75,2393.8,2057.8
13-09-2018,71.6,94.518,6004,2.683,3.10700011,2.9728,2.8210001,2.7689,14.13,1201.529,68.78,168.45,145.45,428.75,2354,2053.3
14-09-2018,71.95,94.927,5929.8,2.646,3.11199999,2.9995,2.829,2.7901,14.032,1194.061,68.96,166.3,145,423.95,2309,2033.8
17-09-2018,72.53,94.496,5942.8,2.651,3.13330007,2.9903,2.85689998,2.7799,14.15,1201.302,68.74,168.45,146.15,429.75,2324.8,2033.3
18-09-2018,72.7,94.64,6102.9,2.7305,3.1329999,3.0584,2.84599996,2.8072,14.14,1198.512,69.71,171.85,145.8,442,2371.6,2028.1
19-09-2018,71.99,94.537,6095.6,2.7295,3.2019999,3.0663,2.88499999,2.797,14.25,1204.051,71,174.35,144.4,437.6,2420.3,2028.9
20-09-2018,71.74,93.912,6112.1,2.74,3.21199989,3.0654,2.88700008,2.8139,14.3,1207.157,70.14,176.75,145.8,438.85,2462.3,2056.5
21-09-2018,72.23,94.22,6354.4,2.8575,3.19899988,3.0646,2.89599991,2.8083,14.289,1198.717,70.69,182.3,149.05,458.15,2527,2089.8
24-09-2018,72.93,94.185,6314.5,2.836,3.20309997,3.0898,2.89059997,2.8232,14.24,1198.94,72.19,183.8,147.2,459.1,2515.1,2045.6
25-09-2018,72.68,94.133,6283.5,2.8235,3.22399998,3.0987,2.90499997,2.8452,14.41,1201.088,72.05,183.4,148.85,457.35,2508.5,2066.8
26-09-2018,72.4249,94.193,6289.1,2.828,3.227,3.0499,2.91599989,2.8249,14.296,1194.52,72.01,185.9,148.05,456.6,2543.1,2058.6
27-09-2018,72.6454,94.894,6199.8,2.783,3.18199992,3.0546,2.88000011,2.8391,14.22,1182.907,72.17,184.55,147.8,448.35,2515,2032.6
28-09-2018,72.5,95.132,6254.3,2.805,3.18499994,3.0635,2.89100003,2.8229,14.624,1191.82,73.49,191.8,149.4,452.95,2599.4,2053.3
01-10-2018,73.4246,95.298,6230.1,2.7875,3.20910001,3.0855,2.89409995,2.827,14.459,1188.72,75.45,197.1,153.1,454.95,2647.3,2077.5
02-10-2018,73.34,95.507,6268.6,2.8065,3.23699999,3.0664,2.89100003,2.819,14.66,1203.102,75,197.1,153.1,454.95,2658.5,2112.4
03-10-2018,73.84,95.762,6330.6,2.834,3.21399999,3.1851,2.8829999,2.8842,14.61,1197.646,76.19,199.65,165.45,464.7,2678.6,2233.1
04-10-2018,73.78,95.751,6214,2.7775,3.33599997,3.1894,2.96399999,2.8782,14.58,1199.938,74.61,195.75,161.2,457.2,2617.3,2166.6
05-10-2018,74.12,95.624,6184.1,2.763,3.34800005,3.2332,2.96499991,2.887,14.618,1203.782,74.24,197.95,157.7,456.55,2624,2116.6
08-10-2018,73.9146,95.761,6193.4,2.767,3.34800005,3.2322,2.96499991,2.8889,14.34,1188.097,74.19,198.35,154.25,456.1,2617.1,2069.8
09-10-2018,74.1026,95.668,6283,2.8065,3.41950011,3.2068,2.96799994,2.8913,14.36,1189.743,74.64,202.9,152.9,463.2,2679.9,2054
10-10-2018,74.24,95.508,6226.3,2.7805,3.36599994,3.1662,2.97900009,2.8483,14.26,1194.599,72.61,196.2,151.8,458.7,2619.8,2038.6
11-10-2018,73.8666,95.017,6276.4,2.803,3.36199999,3.1521,2.93499994,2.8525,14.58,1224.235,70.97,196.3,149.8,459.25,2620.1,2025.9
12-10-2018,73.7325,95.221,6265.9,2.8005,3.31699991,3.1622,2.93799996,2.8652,14.569,1217.62,71.49,197.7,150,459.55,2636.4,2029.4
15-10-2018,73.7,95.059,6241.1,2.7885,3.3276999,3.1585,2.94350004,2.8633,14.667,1227.004,71.7,194.2,150.35,457.05,2596.3,2030
16-10-2018,73.26,95.048,6223.4,2.7795,3.33500004,3.1652,2.94300008,2.8717,14.64,1224.924,72.15,193.8,149.4,452.55,2600,2032.9
17-10-2018,73.59,95.575,6219.9,2.778,3.33500004,3.2045,2.95499992,2.8947,14.59,1222.482,70.02,199.3,149.05,452.7,2665,2022.3
18-10-2018,73.8,95.9,6162.6,2.7465,3.375,3.1809,2.98799992,2.8824,14.55,1226.132,68.64,200.35,148.85,447.8,2673.3,2011.8
19-10-2018,73.46,95.713,6220.4,2.778,3.36299992,3.1944,2.95700002,2.9121,14.595,1226.682,69.51,196.6,147.95,453,2628.8,2009.4
22-10-2018,73.64,96.013,6231.9,2.7855,3.37310004,3.1997,2.98250008,2.9123,14.55,1222.018,69.5,200.25,147.8,454.7,2652.3,2004.9
23-10-2018,73.23,95.961,6188.4,2.758,3.39100003,3.1699,2.98799992,2.8853,14.7,1230.308,66.06,199.6,146.6,449.15,2665.3,2005.9
24-10-2018,73.36,96.434,6187.6,2.7575,3.36999989,3.1054,2.95499992,2.8386,14.68,1234.077,66.37,199,146.05,447.9,2671,2004.1
25-10-2018,73.21,96.679,6189.6,2.7545,3.33599997,3.12,2.89400005,2.8487,14.61,1232.106,66.95,197.85,144.55,447.8,2645.5,1991.4
26-10-2018,73.09,96.359,6172,2.741,3.34899998,3.0769,2.90799999,2.8123,14.675,1233.903,67.56,198.45,145.25,444.7,2659,2001.1
29-10-2018,73.47,96.579,6170.6,2.7405,3.31929994,3.0873,2.86360002,2.8265,14.45,1229.521,66.67,196.2,144.2,445.35,2616.1,1983.6
30-10-2018,73.5,97.011,6017.9,2.664,3.33400011,3.1255,2.875,2.8588,14.46,1223.114,66.32,190.4,145.05,434.7,2544.5,1967
31-10-2018,74.08,97.127,6004.9,2.659,3.35899997,3.1454,2.90499997,2.875,14.21,1214.65,64.83,187,145.4,435.7,2493.5,1958.3
01-11-2018,73.08,96.277,6120.3,2.7215,3.39599991,3.1327,2.92799997,2.8506,14.73,1233.281,63.51,188.65,144.7,440.75,2537.8,1970.1
02-11-2018,72.9,96.542,6288.1,2.807,3.37599993,3.2145,2.90499997,2.9115,14.733,1233.05,62.8,188.65,144.85,451.25,2547.8,1977.5
05-11-2018,72.87,96.279,6194.6,2.756,3.45219994,3.2027,2.96679997,2.9157,14.606,1231.82,62.66,186.8,144.1,444.55,2528.3,1973.1
06-11-2018,73,96.317,6138.6,2.7325,3.42799997,3.2299,2.97799993,2.9361,14.51,1227.132,61.73,183.7,142.8,441.55,2481.6,1952.1
07-11-2018,72.38,95.997,6178.6,2.7545,3.4460001,3.2373,3.01200008,2.971,14.562,1226.662,61.57,182.2,142.9,442.55,2470.5,1989.1
08-11-2018,72.6,96.724,6145.9,2.736,3.44199991,3.2392,3.03999996,2.9752,14.426,1223.456,60.75,185.35,144.55,439.05,2505.6,1985
09-11-2018,72.64,96.905,6052.1,2.6845,3.43600011,3.1842,3.0480001,2.9282,14.128,1209.832,59.81,185.25,142.65,431.25,2503.9,1955.3
12-11-2018,72.88,97.542,6042.3,2.6765,3.43600011,3.1838,3.0480001,2.9282,13.973,1200.625,58.83,185.45,141.9,431.55,2497.3,1941.1
13-11-2018,72.3,97.303,6060.5,2.687,3.35179996,3.1424,2.96000004,2.8994,13.983,1202.146,55.24,183.95,140.45,430.05,2498.6,1937.9
14-11-2018,72.14,96.803,6109.1,2.71,3.36100006,3.1268,2.9519999,2.8725,14.12,1211.122,55.98,184.55,140.2,432.5,2507.5,1941.9
15-11-2018,71.8,96.927,6175.8,2.7465,3.36599994,3.1135,2.92199993,2.8622,14.279,1213.43,56.54,188.3,138.45,436.65,2566.1,1935.5
16-11-2018,71.92,96.465,6258.3,2.7985,3.35800004,3.0656,2.90499997,2.806,14.377,1221.811,57.02,192.2,139.3,442.9,2625.8,1946.9
19-11-2018,71.44,96.193,6259.1,2.799,3.31139994,3.0655,2.83920002,2.8038,14.407,1224.062,57.35,190.05,137.35,441.35,2600,1930.1
20-11-2018,71.42,96.836,6175.3,2.7665,3.32200003,3.0655,2.83400011,2.8099,14.306,1221.618,53.35,185.9,138.75,435.6,2542.3,1942.9
21-11-2018,71.11,96.712,6232.3,2.7945,3.31399989,3.065,2.84500003,2.8201,14.466,1226.053,54.58,187.3,139.05,438.55,2569.8,1955.9
22-11-2018,70.7,96.712,6260.4,2.7945,3.31599998,3.0691,2.85299993,2.8285,14.466,1227.481,54.58,187.7,137.5,436.75,2587.8,1950.6
23-11-2018,70.48,96.916,6179.5,2.7665,3.31629992,3.0449,2.85279989,2.8136,14.241,1223.148,50.37,181.95,136.65,429.85,2508,1942.5
26-11-2018,70.73,97.074,6178.3,2.7555,3.30559993,3.0554,2.8361001,2.8386,14.211,1222.952,51.58,179.85,137.3,430.45,2481.4,1947.5
27-11-2018,70.85,97.369,6095.1,2.7075,3.31699991,3.0599,2.85800004,2.837,14.13,1215.028,52.08,176.55,135.75,424.8,2421.1,1922.4
28-11-2018,70.39,96.786,6254.8,2.7955,3.31900001,3.0599,2.86400008,2.8188,14.295,1220.956,50.27,180.3,136.1,434.85,2471.5,1935.6
29-11-2018,69.72,96.778,6215.3,2.7895,3.34800005,3.0334,2.8440001,2.8147,14.283,1224.358,51.23,175,136,433.75,2464.5,1941.1
30-11-2018,69.7,97.272,6203.3,2.7875,3.3269999,2.991,2.83299994,2.7966,14.153,1222.028,50.63,180.2,137.2,433.1,2540.8,1956.6
03-12-2018,70.4,97.04,6259,2.8095,3.32439995,2.972,2.85520005,2.8251,14.35,1230.688,53.06,185.35,139.75,441.6,2579.3,1971.6
04-12-2018,70.51,96.965,6170.4,2.759,3.25200009,2.9163,2.8269999,2.8008,14.511,1238.626,52.58,186.2,139.65,434.5,2592.6,1968.5
05-12-2018,70.66,97.07,6191.6,2.774,3.17000008,2.9118,2.80800009,2.8233,14.486,1237.032,52.91,188.7,140.05,437.2,2616.1,1971.4
06-12-2018,70.55,96.81,6127.1,2.743,3.17190003,2.8964,2.81329989,2.7661,14.44,1237.916,51.69,187.15,137.7,431.65,2603.3,1939.6
07-12-2018,71.35,96.514,6159,2.7595,3.15799999,2.8495,2.76900005,2.719,14.586,1248.084,52.12,188,140.3,438.45,2593.4,1963
10-12-2018,72.5,97.219,6081.9,2.72,3.11910009,2.8611,2.69880009,2.7415,14.51,1244.426,50.87,189.7,140.65,440.55,2573.4,1937.8
11-12-2018,72.32,97.388,6181.3,2.767,3.13199997,2.8803,2.73799992,2.7743,14.55,1243.064,51.94,190.75,139.95,446.2,2605.4,1941.9
12-12-2018,71.84,97.044,6155.4,2.77,3.12400007,2.9132,2.7650001,2.7785,14.73,1245.762,51.17,186.8,138.35,442.85,2567.9,1934.1
13-12-2018,71.53,97.064,6144.5,2.767,3.14700007,2.9145,2.77800012,2.7682,14.735,1241.939,52.82,186.55,137.7,441.3,2575.9,1935.3
14-12-2018,71.92,97.443,6143.6,2.7625,3.16599989,2.8931,2.75900006,2.7413,14.545,1238.593,51.2,183.4,137.6,441.7,2537.4,1925.4
17-12-2018,71.6,97.1,6137.6,2.7545,3.14569998,2.8593,2.72889996,2.702,14.63,1245.964,49.13,184.6,138.75,438.8,2549.5,1937.5
18-12-2018,70.53,97.104,5970.4,2.6645,3.11400008,2.8192,2.68499994,2.6501,14.61,1249.392,45.86,179.25,135.5,417.5,2512.3,1926
19-12-2018,70.68,97.035,6065,2.716,3.07500005,2.7597,2.63599992,2.6479,14.574,1243.045,47.35,181.75,135.05,424.7,2543.8,1914.6
20-12-2018,70.01,96.276,6027.8,2.6965,2.98900008,2.8097,2.62800002,2.6809,14.75,1259.956,46.19,180.35,134,419.35,2546.4,1914.1
21-12-2018,70.15,96.956,5980.3,2.674,3.04399991,2.7915,2.65199995,2.6473,14.605,1255.984,45.4,177.35,133.85,417.35,2496.4,1908.4
24-12-2018,69.98,96.553,5961.8,2.661,3.02999997,2.7481,2.61940002,2.5906,14.749,1269.03,42.45,177,131.9,415.3,2488.4,1886.6
26-12-2018,70.17,97.05,5961.8,2.7,3.00629997,2.8097,2.55890012,2.6271,14.99,1266.828,46.57,178.75,131.45,421.05,2488.4,1886.6
27-12-2018,70.09,96.481,5977.8,2.668,3.06500006,2.7702,2.61100006,2.5665,15.21,1275.606,45.37,178.9,130.45,416.25,2501,1857.9
28-12-2018,69.81,96.402,5996.9,2.6815,3.05800009,2.7213,2.56200004,2.5202,15.352,1281.362,45.04,171.95,128.5,417.3,2439.3,1847
31-12-2018,69.56,96.173,5901.3,2.631,3.05800009,2.68600011,2.56200004,2.49589992,15.47,1282.413,45.4,171.95,128.15,407.75,2455.3,1851
01-01-2019,69.4475,96.173,5901.3,2.631,3.05800009,2.68600011,2.56200004,2.49589992,15.47,1282.413,45.4,172.1,127.95,407.7,2455.3,1851
02-01-2019,69.98,96.819,5883.3,2.623,2.9525001,2.62220001,2.43140006,2.4777,15.497,1284.343,46.29,169.5,125.55,407.8,2399.3,1801.1
03-01-2019,70.1,96.305,5773.8,2.568,2.90400004,2.5552001,2.34310007,2.37859988,15.691,1294.097,46.8,170.1,129.1,400.3,2403.9,1847.1
04-01-2019,69.54,96.179,5937,2.6475,2.98250008,2.67120004,2.4776001,2.49780011,15.67,1285.145,48.24,171.55,130.15,409.6,2441.6,1873.6
07-01-2019,69.72,95.666,5909.8,2.637,2.98930001,2.69779992,2.52740002,2.54060006,15.62,1289.123,48.74,176.1,130.6,409.75,2493.6,1874.4
08-01-2019,70.13,95.903,5944.5,2.656,3.00830007,2.72979999,2.56900001,2.58759999,15.62,1285.293,49.77,175.65,130.15,413.4,2484.9,1860.6
09-01-2019,70.55,95.219,5951.8,2.657,3.00449991,2.7118001,2.53259993,2.55500007,15.71,1293.202,52.13,176.55,130.35,417.25,2484.3,1853.3
10-01-2019,70.41,95.539,5920.8,2.6375,3.06340003,2.74390006,2.54900002,2.57550001,15.548,1286.498,52.28,174.05,130.1,412.4,2455,1856.3
11-01-2019,70.495,95.67,5965.9,2.662,3.03419995,2.7025001,2.51900005,2.54279995,15.569,1287.62,51.59,176.25,128.8,415.9,2494.4,1839
14-01-2019,70.74,95.61,5916.1,2.635,3.05410004,2.70420003,2.51090002,2.5388,15.62,1291.416,50.75,176.25,128.8,414.2,2474,1830.5
15-01-2019,71.06,96.039,5904.1,2.6345,3.07500005,2.71479988,2.51629996,2.53469992,15.55,1289.372,51.96,175.75,131.5,416.5,2458.8,1856.1
16-01-2019,70.97,96.059,5980.1,2.6735,3.07179999,2.72720003,2.52719998,2.54500008,15.568,1293.663,52.29,178.55,131.2,421.45,2501.8,1858.5
17-01-2019,71.04,96.065,5988.9,2.68,3.07570004,2.75219989,2.55180001,2.56990004,15.5,1292.038,52.18,181.6,131.45,423.25,2538.8,1854.5
18-01-2019,71.22,96.336,6063.9,2.719,3.09820008,2.78600001,2.60409999,2.61590004,15.307,1281.689,53.81,185.3,133.1,429.35,2581.5,1870
21-01-2019,71.28,96.336,5973.3,2.719,3.09820008,2.78600001,2.60409999,2.61590004,15.307,1280.28,53.81,184.75,131.75,422.65,2576.3,1847.8
22-01-2019,71.25,96.303,5960.6,2.6595,3.06089997,2.74090004,2.56570005,2.58899999,15.32,1285.024,52.98,185.9,135.2,420.15,2589.9,1888.3
23-01-2019,71.19,96.123,5947.1,2.6545,3.06399989,2.7427001,2.56570005,2.58909988,15.34,1282.793,52.36,187.95,135,419.25,2609.6,1896.8
24-01-2019,70.99,96.601,5935,2.6445,3.03469992,2.71749997,2.54099989,2.56629992,15.291,1281.019,53.14,187.9,133.35,416.75,2622.1,1885.9
25-01-2019,70.94,95.794,6059.1,2.729,3.06699991,2.76029992,2.59069991,2.6105001,15.722,1303.2,53.51,191.2,134.65,428.5,2674.6,1902.4
28-01-2019,71.05,95.746,5981.9,2.68,3.06699991,2.74760008,2.57979989,2.59179997,15.689,1303.179,52.08,190.85,131.35,422.5,2673.9,1866.4
29-01-2019,71.38,95.821,6071.9,2.725,3.04229999,2.71160007,2.54940009,2.57259989,15.807,1311.478,53.23,190.5,134.45,430.75,2657.5,1897.8
30-01-2019,71.22,95.34,6144.6,2.7675,3.03379989,2.67930007,2.48320007,2.51009989,16.04,1319.815,54.19,193.25,136,436.7,2690.4,1904.9
31-01-2019,70.95,95.578,6180.9,2.7845,2.99640012,2.63100004,2.43910003,2.46370006,16.03,1321.293,53.99,195.15,136,437.6,2723,1910.8
01-02-2019,71.44,95.579,6145.5,2.773,3.02609992,2.68600011,2.49419999,2.50600004,15.858,1317.796,55.33,199.5,134.15,438.75,2762.3,1876.1
04-02-2019,71.7,95.852,6176.6,2.7945,3.0553,2.72530007,2.52740002,2.53839993,15.824,1311.714,54.83,202.4,137.6,444.05,2797,1916.3
05-02-2019,71.52,96.067,6227.3,2.817,3.03290009,2.70009995,2.50519991,2.52830005,15.82,1315.177,53.69,197,137.8,445.85,2739.8,1926
06-02-2019,71.58,96.39,6263.1,2.8365,3.03449988,2.69639993,2.50539994,2.52830005,15.64,1306.508,53.87,194.85,136.4,449.15,2703.5,1908.8
07-02-2019,71.29,96.507,6252.3,2.8285,2.99620008,2.65899992,2.45919991,2.4835,15.709,1310.258,52.58,194.45,134.7,446.3,2718.5,1891
08-02-2019,71.16,96.637,6204.8,2.8105,2.97779989,2.63569999,2.44289994,2.46709991,15.808,1314.12,52.68,192.75,133.7,442.7,2696.3,1882.3
11-02-2019,71.13,97.057,6152.5,2.79,2.99289989,2.65540004,2.46740007,2.48749995,15.685,1308.115,52.43,188.65,133.4,439.3,2639,1878
12-02-2019,70.53,96.709,6116.8,2.772,3.02629995,2.68950009,2.49189997,2.50379992,15.68,1310.764,53.29,184.35,130.3,432.6,2606.3,1855.3
13-02-2019,70.87,97.129,6136.4,2.773,3.03189993,2.7039001,2.52180004,2.53670001,15.54,1306.336,53.92,185.35,131.3,434.75,2607.3,1859.8
14-02-2019,71,96.978,6140,2.774,2.99920011,2.65540004,2.47550011,2.49559999,15.574,1312.133,54.44,184.05,130.5,435.05,2590.8,1853
15-02-2019,71.32,96.904,6195.1,2.7985,2.99519992,2.6644001,2.49180007,2.51819992,15.747,1321.053,55.75,190.45,131.15,441.8,2659.3,1859.5
18-02-2019,71.3425,96.904,6258.3,2.7985,2.99519992,2.6644001,2.49180007,2.51819992,15.747,1326.499,55.75,190,130.8,447.75,2644.3,1853.5
19-02-2019,71.29,96.52,6329.1,2.8745,2.97939992,2.63569999,2.45900011,2.49130011,15.97,1341.008,56.05,191.5,130.85,452.5,2661.5,1854.5
20-02-2019,71,96.454,6417.1,2.92,2.99600005,2.64650011,2.46709991,2.50160003,16.04,1338.543,57.22,193.8,132.05,458,2699.3,1874.5
21-02-2019,71.13,96.605,6370.4,2.897,3.05110002,2.69499993,2.50810003,2.53069997,15.77,1323.356,56.83,191.95,134.6,455.35,2676.6,1906
22-02-2019,71.02,96.507,6477.1,2.9515,3.01749992,2.65540004,2.46420002,2.49740005,15.883,1328.062,57.14,194.5,134.4,462.35,2717.6,1911.8
25-02-2019,70.87,96.413,6474.5,2.945,3.02789998,2.6644001,2.47239995,2.50990009,15.871,1327.536,55.41,193.7,133.4,460.15,2714.5,1906
26-02-2019,70.95,96.003,6484,2.945,3.00629997,2.63750005,2.44770002,2.48390007,15.905,1328.974,55.96,196.9,134.15,460.7,2745,1915.5
27-02-2019,71.19,96.154,6518.3,2.9625,3.06640005,2.68429995,2.46959996,2.5,15.699,1320.022,56.97,197.8,151.1,469.05,2748,1921.8
28-02-2019,70.83,96.157,6487.8,2.948,3.08100009,2.71679997,2.49710011,2.51819992,15.58,1312.971,57.24,197.75,149.8,463.75,2759.8,1907.8
01-03-2019,70.99,96.527,6452.3,2.932,3.1250999,2.75670004,2.53570008,2.55669999,15.185,1293.311,55.72,199.6,149.4,462.65,2776.3,1911.8
04-03-2019,70.89,96.682,6409.1,2.909,3.09080005,2.72410011,2.51909995,2.54250002,15.045,1286.688,56.41,196.25,146.05,458.8,2741.1,1872.3
05-03-2019,70.48,96.866,6476.3,2.9335,3.08260012,2.71869993,2.52740002,2.5466001,15.11,1287.916,56.25,198.4,145.65,460.35,2779.5,1872.5
06-03-2019,70.09,96.873,6444.3,2.9185,3.07209992,2.69519997,2.49699998,2.51609993,15.055,1286.319,56.16,196.9,144.3,455,2785.3,1861.8
07-03-2019,70.09,97.667,6425.9,2.9105,3.02859998,2.64109993,2.44709992,2.47539997,14.98,1285.471,56.39,192.7,144.65,454.1,2735,1860.9
08-03-2019,70.08,97.306,6388.9,2.8935,3.01270008,2.63210011,2.43860006,2.46709991,15.298,1298.889,55.96,191.45,144.55,450.15,2715.3,1864.8
11-03-2019,69.73,97.215,6419.4,2.901,3.02780008,2.64109993,2.45239997,2.47930002,15.309,1293.49,56.74,193.4,143.4,450,2748.5,1850.8
12-03-2019,69.65,96.935,6464.5,2.9285,2.9928,2.60330009,2.41300011,2.4526,15.41,1301.446,57.06,199.65,145.1,452.75,2835.1,1876.3
13-03-2019,69.64,96.55,6474,2.9355,3.01740003,2.62310004,2.42930007,2.46690011,15.441,1309.252,58.32,199.75,147.1,452.8,2840,1904.5
14-03-2019,69.31,96.785,6377.1,2.8915,3.04629993,2.63210011,2.42120004,2.46269989,15.17,1296.388,58.51,198.85,146.45,445.15,2819,1906
15-03-2019,68.97,96.595,6432.3,2.906,3.01270008,2.58890009,2.39129996,2.44190001,15.265,1302.434,58.36,194.65,145.4,445.55,2784.6,1900.4
18-03-2019,68.62,96.524,6433.4,2.909,3.01900005,2.60689998,2.40759993,2.45420003,15.33,1303.734,58.95,192.9,146.6,443.35,2774,1925
19-03-2019,69.01,96.383,6455.1,2.923,3.023,2.61400008,2.42400002,2.47480011,15.35,1306.482,59.05,197.05,148.1,447.8,2817.6,1941.1
20-03-2019,68.5,95.761,6463.4,2.921,2.97219992,2.52800012,2.3368001,2.39820004,15.44,1312.352,59.97,199.35,146.95,446.05,2861.9,1933.3
21-03-2019,68.75,96.495,6425.6,2.906,2.96819997,2.54049993,2.34489989,2.41039991,15.46,1309.292,59.85,197.4,144.9,443.4,2835.4,1903.4
22-03-2019,69.16,96.651,6320.6,2.8425,2.87470007,2.44260001,2.24650002,2.31870008,15.43,1313.666,58.85,197.05,145.7,437.45,2812.9,1901.9
25-03-2019,68.92,96.566,6338.8,2.8565,2.86240005,2.40190005,2.17009997,2.2499001,15.53,1321.879,59.05,198.6,147.8,437.15,2842.1,1886.3
26-03-2019,68.99,96.736,6346.4,2.854,2.87389994,2.42479992,2.19440007,2.27029991,15.39,1315.552,60,202.2,149.1,438.25,2878.5,1900.3
27-03-2019,69.07,96.774,6341.8,2.863,2.81130004,2.37879992,2.13969994,2.21000004,15.28,1309.8,59.37,203.25,149.05,439.25,2882.1,1903
28-03-2019,69.16,97.202,6367.5,2.8725,2.82419991,2.3980999,2.18860006,2.23189998,14.99,1290.39,59.49,216.6,146.9,441.4,2869.9,1904.8
29-03-2019,69.26,97.284,6474.9,2.936,2.81649995,2.40680003,2.20729995,2.26600003,15.107,1292.412,60.14,221.35,149.15,451.05,2914.4,1914.3
01-04-2019,69.19,97.232,6456.3,2.9245,2.8908,2.50270009,2.29489994,2.33669996,15.094,1287.744,61.75,223.65,147.5,449.25,2896.8,1894.8
02-04-2019,68.91,97.361,6425.3,2.9055,2.87919998,2.47589993,2.25909996,2.30240011,15.1,1292.272,62.56,221.15,147.05,444.95,2864.5,1884
03-04-2019,68.44,97.091,6507.1,2.9485,2.93440008,2.52589989,2.2974999,2.34089994,15.13,1289.861,62.47,226,146.6,447.15,2934,1898.8
04-04-2019,68.97,97.308,6436.5,2.91,2.92030001,2.51690006,2.2974,2.33899999,15.14,1291.948,62.15,226.3,148.4,445.6,2910.8,1905.8
05-04-2019,69.21,97.395,6405.9,2.8945,2.90479994,2.49710011,2.29439998,2.3434,15.08,1291.698,63.26,227.55,147.1,443.25,2921.6,1888.5
08-04-2019,69.55,97.05,6479.4,2.932,2.92810011,2.52390003,2.31649995,2.35969996,15.22,1297.534,64.42,227.95,146.95,452.1,2899.3,1870.3
09-04-2019,69.25,97.006,6484.5,2.934,2.91490006,2.50239992,2.29699993,2.34969997,15.19,1304.058,64.21,224.2,147.4,449.85,2855.5,1878.8
10-04-2019,69.14,96.946,6463.8,2.9255,2.89459991,2.46670008,2.27169991,2.32119989,15.21,1308.022,64.45,224.7,147,447.7,2875.4,1869
11-04-2019,69.04,97.177,6398.8,2.887,2.9289,2.49880004,2.30690002,2.35809994,14.934,1292.785,63.69,224.75,146.6,441.6,2865.8,1858.8
12-04-2019,69.18,96.972,6506,2.946,2.9776001,2.56690001,2.36120009,2.39339995,14.943,1290.233,63.77,229.85,147.5,451.05,2923.6,1863.8
15-04-2019,69.38,96.942,6489.1,2.935,2.9697001,2.55609989,2.3585999,2.39359999,14.98,1288.015,63.54,229.3,148.2,450.5,2901.8,1861.8
16-04-2019,69.52,97.043,6481.8,2.9305,2.99349999,2.59220004,2.38590002,2.4144001,14.98,1276.781,64.29,224.7,148.05,450.9,2811.4,1854
17-04-2019,69.43,97.009,6550.4,2.9675,2.99349999,2.59579992,2.37779999,2.40429997,14.98,1274.091,63.74,226.6,148.4,455.1,2806.6,1853.8
18-04-2019,69.38,97.474,6461.5,2.92,2.95869994,2.55960011,2.34540009,2.38019991,14.98,1275.68,63.98,225.45,149.45,448,2786.3,1865.8
19-04-2019,69.36,97.474,6461.5,2.92,2.95869994,2.55960011,2.34540009,2.38019991,14.98,1275.68,63.98,225.45,149.45,448,2786.3,1865.8
22-04-2019,69.72,97.287,6461.5,2.9015,2.9927001,2.59030008,2.35640001,2.38660002,15,1274.99,65.65,226.75,149.55,446.6,2786.3,1865.8
23-04-2019,69.76,97.636,6409.4,2.8935,2.98160005,2.56680012,2.33459997,2.36389995,14.82,1272.222,66.15,223.5,151.25,446.3,2742.9,1872.5
24-04-2019,69.95,98.173,6441.3,2.91,2.93510008,2.51990008,2.2881999,2.3197999,14.95,1275.611,65.75,223.9,152.85,451,2744.3,1871.5
25-04-2019,70.15,98.203,6348.5,2.8615,2.94289994,2.53430009,2.3046,2.33189988,14.92,1277.187,65.09,226.45,153.05,444.4,2748.1,1858
26-04-2019,69.84,98.006,6401.1,2.8865,2.92409992,2.5,2.24979997,2.28609991,15.053,1286.137,62.83,224.45,149.35,450.35,2763.5,1839.9
29-04-2019,69.78,97.857,6410.9,2.897,2.95549989,2.52880001,2.26909995,2.29419994,14.9,1279.98,63.58,224.45,149.35,450.35,2794.4,1827.5
30-04-2019,69.62,97.479,6427.8,2.904,2.9296,2.50359988,2.24160004,2.26600003,14.93,1283.532,63.43,223.2,146.2,450.3,2824,1811.5
01-05-2019,69.56,97.686,6216.5,2.8015,2.90459991,2.50169992,2.28010011,2.30839992,14.65,1276.812,63.58,219.75,147.2,435.5,2763.3,1826
02-05-2019,69.4,97.832,6161.6,2.7795,2.93109989,2.54320002,2.31870008,2.34680009,14.61,1270.644,61.52,218,146.9,430.5,2736.1,1817
03-05-2019,69.13,97.52,6232.9,2.819,2.92020011,2.52679992,2.30500007,2.33500004,14.907,1279.072,61.86,220.1,145.2,434.35,2770.1,1800.6
06-05-2019,69.31,97.515,6232.9,2.8295,2.89059997,2.47280002,2.27460003,2.30870008,14.88,1280.505,62.5,219.1,145.2,438.3,2770.1,1800.6
07-05-2019,69.63,97.628,6170.4,2.7855,2.86509991,2.45840001,2.24979997,2.28239989,14.89,1284.254,61.42,216.15,146.7,430.4,2696.4,1816.9
08-05-2019,69.71,97.623,6145.3,2.7745,2.89680004,2.48530006,2.26309991,2.30069995,14.81,1281.167,61.97,214.1,146.05,429.9,2645.9,1795.6
09-05-2019,70.02,97.373,6140.4,2.7715,2.86279988,2.44580007,2.2197001,2.26609993,14.73,1283.972,61.58,215.1,147.55,432.2,2633.3,1807.6
10-05-2019,69.91,97.33,6141.9,2.7745,2.88910007,2.4690001,2.23600006,2.2723,14.75,1285.97,61.69,215.35,147.3,432.15,2635.5,1813
13-05-2019,70.56,97.319,6023.1,2.719,2.83769989,2.40330005,2.15199995,2.19050002,14.77,1299.705,60.8,212.65,148.6,426.85,2572.9,1809.8
14-05-2019,70.27,97.526,6035.6,2.725,2.84929991,2.41210008,2.16020012,2.19849992,14.76,1296.984,61.32,213.9,150.2,426.35,2592.6,1841.5
15-05-2019,70.21,97.569,6073.9,2.743,2.82069993,2.375,2.11689997,2.16359997,14.79,1296.318,62.1,217,150.75,428.8,2631.9,1850
16-05-2019,70.16,97.855,6085.6,2.748,2.83459997,2.39619994,2.14389992,2.19429994,14.54,1286.825,63.11,217.2,150.4,428.4,2631,1854
17-05-2019,70.27,97.995,6054.6,2.7385,2.82690001,2.39269996,2.1494,2.20020008,14.379,1277.532,62.66,215.35,149.4,428.25,2596.9,1827.8
20-05-2019,69.58,97.933,6029.1,2.726,2.83839989,2.41750002,2.17659998,2.22280002,14.44,1277.53,63.16,212.7,145.45,422.45,2572.8,1794.1
21-05-2019,69.63,98.062,6006,2.715,2.84540009,2.42810011,2.2039001,2.2579,14.44,1274.778,62.95,213.75,145.3,419.95,2578.1,1796.8
22-05-2019,69.64,98.041,6004.1,2.678,2.80839992,2.38380003,2.16300011,2.22679996,14.43,1273.434,61.29,211.55,144.3,414.15,2572.6,1795.4
23-05-2019,69.62,97.856,5934,2.6805,2.75650001,2.3203001,2.09220004,2.15019989,14.57,1283.63,58.17,210.75,145.6,415.45,2524.3,1795.5
24-05-2019,69.36,97.613,5969.5,2.6995,2.75189996,2.32369995,2.1085,2.16829991,14.536,1284.612,59.02,213.95,145.65,415.45,2557.6,1802.5
27-05-2019,69.495,97.613,5969.5,2.6995,2.75189996,2.32369995,2.1085,2.16829991,14.536,1285.208,59.02,212.2,145.8,418.35,2557.6,1802.5
28-05-2019,69.64,97.952,5961.3,2.696,2.70600009,2.26749992,2.06200004,2.12859988,14.33,1279.295,59.03,209.45,145.75,416.8,2561.4,1806.3
29-05-2019,69.8,98.144,5888.6,2.664,2.69330001,2.26399994,2.05920005,2.10890007,14.42,1280.201,59.05,209.35,146.05,413.2,2541.4,1797.5
30-05-2019,69.82,98.142,5868.9,2.654,2.6407001,2.21499991,2.0072999,2.06690001,14.51,1288.194,56.4,210.15,144.85,409.9,2559,1783.5
31-05-2019,69.57,97.75,5831.3,2.64,2.57069993,2.13319993,1.8786,1.92410004,14.549,1305.276,53.34,206.35,145.35,406.95,2526,1794.8
03-06-2019,69.154,97.142,5849.6,2.65,2.53189993,2.07279992,1.79120004,1.83969998,14.775,1324.762,52.85,201.65,142.6,406.85,2473.4,1774.3
04-06-2019,69.277,97.072,5890.3,2.669,2.60549998,2.13140011,1.85080004,1.87940001,14.807,1325.306,52.9,202.9,144,410.55,2474.4,1786.5
05-06-2019,69.389,97.32,5793.3,2.623,2.6473,2.13649988,1.82599998,1.85290003,14.788,1330.292,51.67,201.65,142.5,403.2,2461.9,1769.3
06-06-2019,69.149,97.044,5846.4,2.6505,2.61570001,2.11910009,1.84490001,1.87870002,14.884,1335.482,53.06,204.75,142.5,406,2505.6,1775.8
07-06-2019,69.34,96.544,5802.3,2.6275,2.57349992,2.08270001,1.82219994,1.85140002,14.986,1340.437,54.07,203.3,141.9,402.9,2482,1763.3
10-06-2019,69.519,96.761,5869.9,2.6615,2.62949991,2.15179992,1.87679994,1.90760005,14.69,1328.012,53.41,203.95,143.2,410.35,2477.6,1778
11-06-2019,69.38,96.686,5892.8,2.6715,2.61560011,2.14479995,1.88199997,1.92970002,14.732,1326.845,53.02,206.95,142.9,410.2,2515.9,1777.8
12-06-2019,69.369,97,5858,2.654,2.6170001,2.12220001,1.82000005,1.88269997,14.759,1333.489,51.06,206.25,143.4,407.35,2512.3,1789.3
13-06-2019,69.51,97.013,5863.9,2.6565,2.60019994,2.09789991,1.7823,1.83360004,14.887,1341.971,52.16,203.8,143.55,409.1,2475.3,1787.8
14-06-2019,69.813,97.572,5809.8,2.6295,2.58780003,2.08209991,1.78770006,1.84459996,14.855,1341.932,52.48,203.7,142.2,406.45,2455.4,1761
17-06-2019,69.858,97.558,5842,2.6465,2.58340001,2.09590006,1.81459999,1.8707,14.824,1339.625,51.91,205.45,142.15,409.85,2472,1759.3
18-06-2019,69.51,97.644,5954.4,2.703,2.54879999,2.06130004,1.8039,1.86430001,15.004,1346.749,54.05,208,142.85,415.75,2512,1778.5
19-06-2019,69.64,97.117,5907.8,2.6805,2.53649998,2.0250001,1.69340003,1.74119997,15.173,1360.24,54.36,205.4,143.05,412.45,2471,1782.8
20-06-2019,69.51,96.629,5973.4,2.712,2.54150009,2.03010011,1.73380005,1.77540004,15.443,1388.29,57.25,204.05,142.15,416.8,2462.1,1782.8
21-06-2019,69.61,96.22,5963.6,2.7045,2.5848,2.05570006,1.7256,1.77190006,15.33,1399.427,57.58,199.4,140.95,415.65,2430.6,1765.8
24-06-2019,69.246,95.98,5962.8,2.7055,2.54579997,2.01600003,1.68770003,1.73440003,15.43,1419.664,57.73,201.75,144.25,441.95,2488.8,1797.8
25-06-2019,69.313,96.14,6032.1,2.7355,2.52069998,1.98670006,1.67680001,1.73590004,15.357,1423.486,58.83,204.65,145.15,444.05,2537.3,1817.8
26-06-2019,69.19,96.214,5988.9,2.7135,2.57019997,2.04850006,1.74450004,1.77499998,15.281,1408.951,59.23,202.15,145.25,442.65,2504.3,1815.5
27-06-2019,69.067,96.194,5993,2.7165,2.53060007,2.0157001,1.7119,1.74689996,15.251,1410.003,59.2,199.9,143.2,444.75,2486,1793.3
28-06-2019,68.939,96.13,5990.9,2.7135,2.53270006,2.00679994,1.70910001,1.75689995,15.288,1409.407,58.15,200.55,143.2,446.45,2492.1,1796
01-07-2019,68.879,96.844,5946.5,2.688,2.54920006,2.02740002,1.74170005,1.79120004,15.105,1384.204,59.16,198.25,142.55,442.75,2459.4,1792.1
02-07-2019,68.88,96.726,5897.8,2.664,2.50340009,1.97570002,1.71169996,1.76329994,15.332,1418.17,56.46,199.05,141.5,439.35,2468.9,1780.8
03-07-2019,68.79,96.768,5932.3,2.683,2.47009993,1.95319998,1.70889997,1.76359999,15.3,1418.673,57.36,197.3,141.9,441.8,2453.5,1790.5
04-07-2019,68.503,96.768,5919.9,2.683,2.47009993,1.95319998,1.70889997,1.76359999,15.3,1415.324,57.36,194.75,142.35,439.65,2423.5,1807
05-07-2019,68.44,97.286,5893,2.661,2.54259992,2.03550005,1.81840003,1.86740005,14.97,1399.43,57.72,193.9,141.85,438.5,2412.9,1802
08-07-2019,68.61,97.384,5884.5,2.659,2.53040004,2.04929996,1.83770001,1.88800001,15.018,1395.284,57.52,191.9,141.85,437.7,2386.6,1808.8
09-07-2019,68.55,97.489,5819.5,2.625,2.54110003,2.06660008,1.86259997,1.9188,15.103,1397.545,58.33,190.35,142.5,432.55,2363.9,1819.8
10-07-2019,68.399,97.104,5956.1,2.694,2.57649994,2.06299996,1.801,1.82770002,15.22,1418.904,60.24,192.85,144.25,442.4,2405.5,1851.3
11-07-2019,68.4,97.05,5943.5,2.6875,2.66000009,2.13960004,1.8549,1.86860001,15.116,1403.593,60.41,192.35,142,441.25,2396.3,1825.5
12-07-2019,68.55,96.81,5954.3,2.694,2.64820004,2.1236999,1.83070004,1.84510005,15.201,1415.611,60.3,193.9,142.35,443.15,2430.4,1827.3
15-07-2019,68.54,96.933,5987,2.711,2.61139989,2.09039998,1.80920005,1.83510005,15.386,1413.981,59.24,194.1,143.4,445.45,2439,1839.3
16-07-2019,68.64,97.395,5965.8,2.7,2.61360002,2.10430002,1.83350003,1.85389996,15.557,1405.834,57.49,194.9,143.15,443.75,2467.3,1845.4
17-07-2019,68.829,97.223,5991.8,2.716,2.55749989,2.0467999,1.78499997,1.81110001,15.968,1426.118,56.52,194.35,143.05,446.75,2473.9,1846
18-07-2019,68.85,96.794,5978.3,2.71,2.56550002,2.02589989,1.73650002,1.75590003,16.348,1446.04,55.61,192.45,143.7,447.55,2458.3,1849
19-07-2019,68.85,97.151,6077.1,2.7525,2.58139992,2.05690002,1.79050004,1.82439995,16.196,1425.58,55.72,190.6,143,456.5,2425.1,1847.6
22-07-2019,68.92,97.257,6019.3,2.722,2.57189989,2.04819989,1.78240001,1.81649995,16.354,1424.785,56.19,190.95,141.35,455.05,2419.3,1816.4
23-07-2019,69.01,97.705,5974.4,2.7,2.6171,2.08290005,1.80680001,1.83739996,16.404,1417.466,57.2,191.85,141.85,451.2,2440.8,1819.4
24-07-2019,68.97,97.729,6001.1,2.712,2.57329988,2.04629993,1.7852,1.82190001,16.579,1425.506,55.85,194.2,141.3,451.95,2453.5,1825.6
25-07-2019,69.029,97.818,5986.1,2.7035,2.60969996,2.08279991,1.83410001,1.86800003,16.438,1414.472,55.85,193.05,143.8,450.75,2429.9,1825.1
26-07-2019,68.87,98.01,5955.6,2.685,2.59290004,2.07209992,1.82060003,1.8599,16.363,1418.638,56.16,192.55,141.55,446.8,2438.3,1808.6
29-07-2019,68.75,98.044,6017.1,2.7175,2.59139991,2.06669998,1.82340002,1.85590005,16.463,1427.056,57.04,194.35,141.55,450.3,2465.1,1811.4
30-07-2019,68.83,98.05,5943.4,2.6785,2.58049989,2.05970001,1.81260002,1.84790003,16.558,1430.874,58.3,192.65,141.1,445.45,2449.3,1801.6
31-07-2019,68.86,98.516,5924.4,2.666,2.52559996,2.01609993,1.829,1.86810005,16.256,1412.764,57.83,192.25,140.35,444.15,2438.8,1800.4
01-08-2019,69.053,98.369,5918.9,2.6655,2.4440999,1.89520001,1.68719995,1.75,16.338,1444.918,54.54,189.7,138.95,440,2408.8,1780.8
02-08-2019,69.69,98.074,5726.9,2.5715,2.37789989,1.84689999,1.67340004,1.7098,16.188,1440.959,55.21,188.45,139.65,433.25,2352.8,1772
05-08-2019,71.17,97.522,5669.6,2.544,2.25570011,1.70920002,1.53170002,1.57930005,16.421,1463.88,54.98,188.8,141.2,437.75,2318.5,1764.4
06-08-2019,70.896,97.63,5695.5,2.5575,2.2342999,1.704,1.52880001,1.59710002,16.446,1474.078,53.4,187.85,141,439.65,2307.5,1762.1
07-08-2019,71.23,97.544,5720.6,2.571,2.25359988,1.7342,1.55079997,1.60290003,17.075,1501.306,52.23,185,140.2,442.8,2265.5,1753.8
08-08-2019,70.41,97.618,5796.3,2.6075,2.2263,1.71889997,1.55079997,1.61679995,16.958,1501.318,52.81,185.45,140.1,442.75,2306.3,1775.6
09-08-2019,70.906,97.491,5759.3,2.589,2.26079988,1.7464,1.59370005,1.64859998,16.956,1496.717,54.23,181.9,140.85,445,2239.6,1775.9
12-08-2019,71.266,97.38,5745,2.585,2.12899995,1.64709997,1.51339996,1.5776,17.059,1511.189,54.7,185.25,140.45,444.7,2276.6,1768.6
13-08-2019,71.399,97.812,5837.3,2.63,2.16540003,1.7069,1.61249995,1.67060006,16.975,1501.334,56.69,188.05,140.6,450.35,2327.9,1786.1
14-08-2019,71.27,97.987,5756.6,2.592,2.01929998,1.58089995,1.52670002,1.5812,17.2,1516.924,54.88,184.4,141.1,448.3,2266.9,1778.4
15-08-2019,71.4,98.144,5757,2.595,1.97500002,1.53030002,1.45190001,1.4734,17.267,1523.006,54.67,184.4,141.1,448.3,2266.6,1783.1
16-08-2019,71.149,98.142,5758.4,2.595,2.0374999,1.55550003,1.43570006,1.48650002,17.099,1513.791,54.77,183.55,140.9,446,2265.9,1794.6
19-08-2019,71.438,98.347,5770.3,2.6015,2.08809996,1.60800004,1.49460006,1.55340004,16.888,1495.947,56.1,183.95,140.35,450.15,2258.3,1791.5
20-08-2019,71.535,98.19,5721.8,2.578,2.0395,1.55719995,1.44360006,1.51030004,17.139,1507.26,56.07,182.95,139.6,445.5,2232.1,1783.8
21-08-2019,71.426,98.295,5735.9,2.5855,2.07299995,1.59099996,1.50530005,1.57539999,17.121,1502.564,55.83,185.85,139.55,445.9,2284.1,1779.8
22-08-2019,71.91,98.17,5688.9,2.5575,2.10669994,1.61650002,1.53499997,1.61210001,17.048,1497.946,55.35,184.4,139.35,444.9,2243.8,1768.9
23-08-2019,71.491,97.64,5633.8,2.53,2.02789998,1.53680003,1.45140004,1.53110003,17.39,1527.378,53.85,181.75,138.35,440.05,2237.5,1768.9
26-08-2019,71.8,98.081,5633.8,2.5435,2.03740001,1.53670001,1.45940006,1.54320002,17.659,1527.431,53.77,183,140.25,442.95,2237.5,1768.9
27-08-2019,71.53,97.999,5666.1,2.5475,1.95210004,1.47440004,1.43509996,1.5244,18.177,1542.614,55.66,184.5,139.6,442.8,2271.3,1759.6
28-08-2019,71.795,98.21,5691.9,2.554,1.9727,1.48280001,1.42149997,1.5,18.336,1539.697,55.88,184.35,139,445.75,2266.8,1747.9
29-08-2019,71.68,98.507,5718.5,2.5775,1.96669996,1.49790001,1.44850004,1.52600002,18.251,1527.472,56.56,183.25,139.25,444.95,2257.6,1754.4
30-08-2019,71.73,98.916,5660.9,2.5515,1.96589994,1.49940002,1.42929995,1.50999999,18.35,1520.531,55.01,181.15,139.2,441.65,2224,1751.8
02-09-2019,71.952,98.916,5618.6,2.5515,1.96589994,1.49940002,1.42929995,1.50999999,18.35,1529.188,55.01,183.15,139.4,440.05,2244.3,1750.9
03-09-2019,72.159,99,5613.8,2.528,1.95060003,1.45899999,1.375,1.454,19.234,1547.574,53.9,181.2,139.95,440.5,2210.8,1751.3
04-09-2019,71.99,98.451,5754.1,2.595,1.97119999,1.46899998,1.35860002,1.43589997,19.528,1552.385,55.9,187.3,140.85,449.4,2312.4,1771.9
05-09-2019,71.893,98.414,5853.6,2.642,2.05089998,1.56019998,1.46179998,1.53410006,18.636,1518.894,56.15,187.75,140.95,455.45,2330.9,1785.3
06-09-2019,71.629,98.394,5834.4,2.634,2.02769995,1.56359994,1.48080003,1.5402,18.16,1506.92,56.6,184.85,139.8,453.35,2323.1,1786.5
09-09-2019,71.746,98.281,5816.4,2.6275,2.13019991,1.64549994,1.53550005,1.5948,17.973,1498.976,58.02,184.65,140.4,453.3,2308.6,1797.9
10-09-2019,71.87,98.326,5816.6,2.628,2.2184,1.73329997,1.62609994,1.6882,17.972,1485.439,57.84,187.45,140.85,453.8,2348.3,1822.5
11-09-2019,71.549,98.645,5786.9,2.6145,2.22199988,1.74199998,1.61530006,1.67620003,18.111,1496.81,55.94,186.4,140.2,450.45,2353.9,1817.8
12-09-2019,70.939,98.309,5845.3,2.6405,2.2572,1.77320004,1.6609,1.72529995,18.052,1499.031,55.08,184.9,139.75,452.85,2349.8,1795.4
13-09-2019,71.01,98.257,5971,2.6995,2.37380004,1.89929998,1.76069999,1.80400002,17.431,1488.747,54.87,187.7,139.8,459.95,2387.4,1808.4
16-09-2019,71.559,98.61,5856,2.6405,2.3197999,1.84850001,1.72039998,1.75730002,17.838,1498.555,61.85,186.3,139.65,455.95,2360.8,1789.4
17-09-2019,71.37,98.261,5820.8,2.627,2.26950002,1.80480003,1.68280005,1.73099995,18.002,1501.384,58.8,185.05,139.45,451.55,2347.4,1790.1
18-09-2019,71.13,98.561,5799.5,2.613,2.24419999,1.79789996,1.71000004,1.76409996,17.721,1494.022,58.2,183.7,139.05,446.9,2324.6,1794.4
19-09-2019,71.37,98.272,5790,2.6085,2.23049998,1.78740001,1.68850005,1.74389994,17.78,1498.727,58.65,184.15,139.2,447.55,2320,1795.9
20-09-2019,71.059,98.513,5788.6,2.6065,2.16300011,1.72500002,1.6214,1.68719995,17.96,1516.975,58.45,183.1,138.75,443.4,2299,1792.1
23-09-2019,70.785,98.599,5791,2.6115,2.17429996,1.72850001,1.62150002,1.68330002,18.585,1522.14,58.44,183.35,137.7,443.65,2324.5,1785.6
24-09-2019,70.956,98.337,5777.8,2.6065,2.10430002,1.6473,1.55120003,1.62769997,18.615,1532.298,56.76,182.7,138.85,446.85,2282.3,1764
25-09-2019,70.971,99.037,5789.3,2.612,2.18700004,1.73889995,1.61889994,1.68149996,17.905,1503.634,56.65,182.95,137.9,447.35,2288.5,1754.3
26-09-2019,70.934,99.132,5720.8,2.5775,2.14330006,1.69560003,1.60280001,1.6595,17.82,1504.544,56.52,183.2,136.55,441.35,2291.8,1737.5
27-09-2019,70.492,99.109,5759,2.5975,2.13070011,1.68350005,1.57589996,1.63750005,17.53,1497.199,56.07,182.3,135.75,441.75,2305.5,1735.5
30-09-2019,70.639,99.377,5719.5,2.5785,2.11190009,1.66799998,1.56239998,1.6257,16.988,1472.512,54.27,185.55,134.6,438.05,2367.5,1720
01-10-2019,71.1,99.128,5684,2.5605,2.09319997,1.63870001,1.49720001,1.54190004,17.208,1478.934,53.94,182,136,438.8,2305.5,1740.8
02-10-2019,71.14,99.019,5697,2.5705,2.08899999,1.60090005,1.43480003,1.48399997,17.561,1499.86,52.43,182,136,438.8,2301.5,1711.8
03-10-2019,71.019,98.864,5657.3,2.5535,2.03410006,1.5359,1.34800005,1.39209998,17.559,1504.88,52.27,180.55,134.3,436.05,2291.5,1717.8
04-10-2019,70.819,98.808,5672.3,2.5625,2.0171001,1.53069997,1.36119998,1.40559995,17.542,1504.738,52.91,181.7,134.3,435.8,2311.8,1727
07-10-2019,70.966,98.967,5700.3,2.577,2.05049992,1.56140006,1.41540003,1.46780002,17.413,1493.207,52.8,180.8,135.35,438.9,2291.5,1744
08-10-2019,71.209,99.133,5687.8,2.5685,2.02999997,1.53059995,1.37179995,1.42750001,17.726,1505.452,52.55,181.6,135.8,438,2295,1744
09-10-2019,71.109,99.118,5687.8,2.568,2.0855,1.58539999,1.42840004,1.46969998,17.717,1505.624,52.59,182.5,135.3,437.35,2315.3,1744.3
10-10-2019,70.979,98.701,5778,2.6135,2.16429996,1.67159998,1.50600004,1.54639995,17.505,1493.534,53.87,185.4,135.3,441.55,2371.3,1750.3
11-10-2019,70.912,98.301,5807,2.628,2.19689989,1.73249996,1.56770003,1.59749997,17.53,1488.966,54.78,187.5,133.7,443.15,2422.5,1722.3
14-10-2019,71.225,98.454,5819.3,2.634,2.19689989,1.73249996,1.56770003,1.59749997,17.655,1493.275,53.47,187,133.85,444.4,2415.5,1722.3
15-10-2019,71.49,98.288,5778.3,2.614,2.23699999,1.77450001,1.60280001,1.62409997,17.405,1481.132,52.87,186.95,134.4,442.55,2425.3,1729.3
16-10-2019,71.352,98.002,5730.8,2.5895,2.2276001,1.74129999,1.56799996,1.58959997,17.388,1489.954,52.93,185.15,134,437.85,2424.3,1726.3
17-10-2019,71.119,97.607,5745.8,2.5975,2.23699999,1.75349998,1.58169997,1.59790003,17.543,1492,54.07,184.85,133.55,437.65,2430,1727.3
18-10-2019,71.079,97.282,5819,2.636,2.25139999,1.75709999,1.55789995,1.57770002,17.52,1490.44,53.67,185.2,133.3,440.6,2453.5,1737.3
21-10-2019,70.909,97.328,5841.3,2.6465,2.29349995,1.8046,1.60399997,1.62510002,17.552,1484.492,53.59,185.2,133.3,440.6,2468.3,1723.5
22-10-2019,70.807,97.526,5814.5,2.633,2.25430012,1.76419997,1.5826,1.6006,17.535,1487.76,54.29,184.55,131.55,438.9,2457.3,1717.8
23-10-2019,70.719,97.491,5892.3,2.6715,2.25430012,1.76600003,1.58270001,1.58770001,17.519,1492.069,55.83,185.7,131.25,439.6,2476.5,1726.3
24-10-2019,70.959,97.631,5884.5,2.668,2.26370001,1.76779997,1.58019996,1.58169997,17.821,1503.459,56.05,185.75,129.15,438.7,2498.8,1721.3
25-10-2019,70.809,97.831,5903.5,2.6755,2.28909993,1.79779994,1.61609995,1.62360001,18,1504.52,56.62,190,131.9,443,2514.3,1731.3
28-10-2019,70.739,97.764,5915.8,2.683,2.3362,1.84370005,1.64900005,1.64750004,17.859,1492.682,55.7,190.5,131.5,442.3,2539,1737.3
29-10-2019,70.879,97.69,5931.3,2.6915,2.3362,1.84200001,1.65470004,1.6415,17.787,1487.765,55.49,190.6,132.1,443.5,2545,1753.5
30-10-2019,70.951,97.646,5892.3,2.686,2.25570011,1.77330005,1.59759998,1.60160005,17.87,1495.612,54.88,189.05,132.35,443.8,2515,1753.3
31-10-2019,70.978,97.352,5806,2.638,2.18120003,1.69270003,1.51880002,1.52590001,18.111,1512.578,54.1,187.85,132,437.95,2487.8,1755.8
01-11-2019,70.758,97.239,5863.5,2.653,2.19109988,1.71200001,1.54649997,1.55400002,18.08,1514.325,56.06,189.8,132.65,438.45,2526.8,1785.8
04-11-2019,70.786,97.505,5892,2.671,2.26370001,1.77869999,1.59319997,1.58819997,18.02,1509.559,56.49,190.9,133.6,441.6,2537.3,1812.3
05-11-2019,70.769,97.983,5948,2.7005,2.33769989,1.86020005,1.63999999,1.62249994,17.55,1483.449,57.23,189.9,134,444.25,2499.3,1808
06-11-2019,70.999,97.952,5879.3,2.665,2.31699991,1.83010006,1.61430001,1.61259997,17.632,1490.408,56.36,190.2,134.7,440.9,2474.3,1804.8
07-11-2019,71.044,98.143,6010,2.7275,2.39890003,1.91900003,1.69159997,1.67939997,17.095,1468.578,57.04,193.1,134.95,445.7,2499.5,1812.5
08-11-2019,71.35,98.353,5917.5,2.682,2.42580009,1.94340003,1.70790005,1.6803,16.754,1459.262,57.34,194.7,135.65,442.4,2489.8,1807.5
11-11-2019,71.559,98.2,5882,2.664,2.42580009,1.94340003,1.70790005,1.6803,16.83,1455.951,56.87,195.85,134,440.7,2496.8,1779.8
12-11-2019,71.78,98.309,5849.8,2.6455,2.41689992,1.93640006,1.69459999,1.66229999,16.75,1456.284,56.75,195.1,133.45,439.65,2474.5,1780
13-11-2019,72.139,98.373,5837.5,2.6395,2.36549997,1.88779998,1.65980005,1.64619994,16.95,1463.334,57.33,193.4,133,440.2,2428.3,1767.3
14-11-2019,71.953,98.163,5810.8,2.6215,2.30110002,1.82210004,1.59560001,1.59140003,17,1471.326,56.87,193,131.65,437.5,2390,1746.8
15-11-2019,71.639,97.999,5845,2.638,2.30539989,1.83249998,1.6142,1.6142,16.932,1468.162,57.76,192.3,131.4,437.7,2385.8,1757.3
18-11-2019,71.94,97.794,5816.8,2.62,2.30040002,1.81700003,1.60619998,1.60010004,17.02,1471.193,56.85,191.5,131.25,436.35,2350.8,1742.3
19-11-2019,71.819,97.856,5884,2.6565,2.25200009,1.78429997,1.59539998,1.60020006,17.13,1472.433,55.1,189.55,131,437.75,2345.5,1737
20-11-2019,71.742,97.934,5868.4,2.6495,2.2104001,1.74829996,1.56850004,1.58179998,17.132,1471.626,57.06,187.45,130.9,435.45,2311.3,1743.8
21-11-2019,71.739,97.993,5819.9,2.6235,2.2328999,1.77400005,1.59529996,1.60870004,17.085,1464.545,58.29,186.55,130.45,431,2310.3,1742.8
22-11-2019,71.785,98.27,5866.1,2.648,2.22230005,1.7723,1.61140001,1.62559998,16.969,1462.617,57.86,188.45,129.75,430.1,2309,1739
25-11-2019,71.684,98.323,5873.9,2.6475,2.2019999,1.75680006,1.6006,1.61129999,16.876,1455.193,57.88,185.8,131.3,434.05,2284.5,1738.8
26-11-2019,71.469,98.252,5941.9,2.6775,2.1796999,1.74310005,1.57889998,1.58990002,17.05,1461.302,58.3,187.15,132.15,436.55,2307,1757.8
27-11-2019,71.249,98.37,5944.4,2.696,2.19149995,1.76890004,1.61950004,1.62590003,16.947,1454.47,58.12,185.6,132.9,435.2,2295.3,1762.5
28-11-2019,71.499,98.37,5893,2.696,2.18939996,1.76709998,1.61679995,1.62590003,16.947,1456.059,58.12,185.25,133.15,433.9,2278.1,1758
29-11-2019,71.745,98.273,5866.6,2.6615,2.2026,1.77400005,1.60860002,1.61179996,17.007,1463.989,55.22,185.05,133.55,432.6,2279,1762
02-12-2019,71.619,97.856,5858.8,2.6505,2.26670003,1.82239997,1.61670005,1.60399997,16.88,1462.719,55.95,182.2,134.6,432.1,2230.1,1789.8
03-12-2019,71.73,97.737,5808.6,2.623,2.16569996,1.71739995,1.54050004,1.54200006,17.15,1477.194,56.27,181.45,133.55,428.35,2208.3,1766.4
04-12-2019,71.471,97.648,5875.4,2.659,2.22849989,1.77579999,1.58669996,1.57809997,16.834,1474.758,58.32,184,133.2,431.1,2253.9,1760.3
05-12-2019,71.227,97.41,5887.3,2.663,2.26029992,1.81200004,1.61119998,1.59230006,16.956,1475.911,58.29,182.75,132.6,430.6,2236.4,1747.8
06-12-2019,71.267,97.7,6008.5,2.725,2.27950001,1.8398,1.64129996,1.61899996,16.536,1460.413,59.08,183.1,133.25,438.1,2236.1,1760.8
09-12-2019,70.959,97.644,6079.5,2.7585,2.25530005,1.82079995,1.63030005,1.61909997,16.603,1461.51,58.87,182.7,132.5,439.5,2238.5,1758.3
10-12-2019,70.799,97.413,6095.6,2.7655,2.26670003,1.84329998,1.66789997,1.65369999,16.659,1464.402,59.05,181.6,132.3,439.15,2222.5,1754.3
11-12-2019,70.699,97.078,6141.4,2.7895,2.2277,1.79480004,1.625,1.61539996,16.855,1474.618,58.77,181.25,132.65,442.05,2223.6,1761.8
12-12-2019,70.559,97.397,6158.3,2.7965,2.3125,1.89390004,1.68669999,1.66429996,16.9,1469.874,59.18,182.7,133.5,441.95,2257.8,1772.5
13-12-2019,70.66,97.172,6130.8,2.781,2.25390005,1.82430005,1.625,1.60780001,16.931,1476.328,59.76,181.6,132.95,440,2256.1,1766
16-12-2019,70.909,97.019,6190.6,2.8115,2.28800011,1.87310004,1.65450001,1.63039994,17.021,1476.195,60.19,182.6,133.95,442.95,2284.9,1776.8
17-12-2019,71.029,97.222,6193.9,2.8135,2.30809999,1.88189995,1.65450001,1.62450004,16.98,1476.186,60.5,182.6,133.15,443.75,2288.1,1765.5
18-12-2019,70.989,97.4,6190.1,2.8125,2.34870005,1.91859996,1.66799998,1.63479996,16.98,1475.47,60.85,183.5,133.75,443.7,2312.3,1780.8
19-12-2019,71.17,97.379,6218.8,2.8265,2.35450006,1.92219996,1.66270006,1.63090003,17.031,1478.907,61.05,183.7,134.45,445.7,2331,1800.6
20-12-2019,71.05,97.69,6180,2.806,2.34570003,1.9188,1.66009998,1.63150001,17.169,1478.088,60.33,183.15,134.25,442.1,2346.6,1803.4
23-12-2019,71.209,97.658,6183.3,2.8085,2.35809994,1.93120003,1.68169999,1.65020001,17.44,1485.525,60.6,180.75,134.35,441.25,2284.8,1806.9
24-12-2019,71.269,97.654,6216.6,2.8275,2.33410001,1.90310001,1.64390004,1.62899995,17.761,1499.402,61.09,180.75,134.35,444.25,2274.5,1818.4
25-12-2019,71.269,97.654,6216.6,2.8275,2.33410001,1.90310001,1.64390004,1.62899995,17.761,1499.402,61.09,180.75,134.35,444.25,2274.5,1818.4
26-12-2019,71.289,97.534,6216.6,2.849,2.32399988,1.89619994,1.64660001,1.63499999,17.873,1511.092,61.7,180.75,134.35,444.9,2274.5,1818.4
27-12-2019,71.439,96.919,6225.6,2.8295,2.31669998,1.87870002,1.60319996,1.58720005,17.746,1511.131,61.63,180.75,134.35,444.85,2308.8,1819.9
30-12-2019,71.309,96.74,6237.4,2.8335,2.33049989,1.88049996,1.59230006,1.57120001,17.915,1515.07,61.63,180.75,134.35,444.45,2306,1824.1
31-12-2019,71.349,96.389,6166,2.797,2.38890004,1.91919994,1.60860002,1.57099998,17.821,1517.111,61.35,180.75,134.35,441.25,2275.3,1807.9
01-01-2020,71.222,96.389,6166,2.797,2.38890004,1.91919994,1.60860002,1.57099998,17.821,1517.111,61.35,181.7,136.1,440.8,2275.3,1807.9
02-01-2020,71.22,96.846,6221.9,2.825,2.33189988,1.87890005,1.59500003,1.57099998,18,1529.108,61.14,182.25,139.55,443.8,2304.6,1802.9
03-01-2020,71.759,96.838,6144.5,2.787,2.24659991,1.78980005,1.54299998,1.53260005,18.027,1552.394,63.02,182.45,138.8,441.8,2306.9,1824.6
06-01-2020,71.863,96.671,6151.6,2.79,2.28719997,1.81079996,1.56200004,1.54659998,18.11,1565.916,62.8,180.6,138.8,446.3,2317.5,1830.4
07-01-2020,71.84,97.005,6161.4,2.7935,2.30660009,1.82120001,1.55929995,1.53840005,18.38,1574.282,62.67,183.35,132.55,449.1,2350,1815.5
08-01-2020,71.506,97.299,6199,2.812,2.36389995,1.87549996,1.60979998,1.58459997,18.08,1556.43,59.95,183.6,136.95,451.85,2390.8,1799
09-01-2020,71.2,97.45,6172.1,2.802,2.33119988,1.85800004,1.59909999,1.58050001,17.89,1552.426,59.57,185.1,136.95,449.95,2368.5,1801.8
10-01-2020,70.95,97.356,6203.1,2.8135,2.27999997,1.82309997,1.58570004,1.57009995,18.1,1562.212,59.16,185.1,142.2,447.4,2369.8,1810.1
13-01-2020,70.699,97.345,6291.6,2.861,2.30369997,1.84759998,1.59909999,1.58829999,17.93,1548.03,58.05,184.05,140.95,450.85,2374.1,1796.8
14-01-2020,70.839,97.372,6320.5,2.8735,2.27069998,1.81260002,1.58029997,1.57000005,17.777,1546.423,58.12,184.65,140.95,453.85,2374.5,1809.5
15-01-2020,70.709,97.229,6302.4,2.866,2.23659992,1.78470004,1.56159997,1.55970001,17.98,1556.248,58.06,184.5,142.45,455.25,2393.5,1801.8
16-01-2020,70.952,97.32,6267.8,2.847,2.2586,1.80910003,1.57780004,1.56570005,17.937,1552.474,58.55,186,143.1,452.25,2397.6,1809.3
17-01-2020,71.075,97.606,6266.3,2.8455,2.28209996,1.82319999,1.57260001,1.5654,18.003,1557.304,58.74,186.15,144.05,454.6,2437.9,1806.5
20-01-2020,71.03,97.606,6264.8,2.8455,2.28209996,1.82319999,1.57260001,1.5654,18.003,1560.897,58.74,186.15,142.65,455.45,2442.5,1816
21-01-2020,71.16,97.531,6152.6,2.7935,2.23650002,1.77600002,1.53499997,1.53250003,17.75,1558.168,58.21,186.4,142.85,452.55,2454.1,1826.1
22-01-2020,71.07,97.527,6098.4,2.765,2.22309995,1.77079999,1.52960002,1.52830005,17.81,1558.965,56.05,187.35,144,452.35,2396,1810.8
23-01-2020,71.39,97.693,6009,2.726,2.1789,1.7342,1.50800002,1.51380002,17.791,1562.813,55.66,185.05,141.25,445.7,2346,1789.8
24-01-2020,71.32,97.853,5923.9,2.684,2.13450003,1.68570006,1.48099995,1.49469995,18.091,1571.724,54.24,183.8,143.25,438.65,2340.1,1784.5
27-01-2020,71.439,97.956,5736.8,2.5965,2.05879998,1.60969996,1.41890001,1.44710004,18.07,1581.937,52.79,180.4,142.45,427.95,2257.9,1766.8
28-01-2020,71.189,98.018,5699.3,2.5795,2.11380005,1.65799999,1.45669997,1.46850002,17.444,1567.322,53.95,181.35,140.2,432.85,2244.4,1753.8
29-01-2020,71.3,97.991,5645.3,2.554,2.04049993,1.58560002,1.39180005,1.41279995,17.51,1576.896,53.05,181.6,142,429.4,2215.8,1742
30-01-2020,71.54,97.867,5578.4,2.524,2.05259991,1.58729994,1.3944,1.41470003,17.821,1574.296,52.91,179.65,140.5,426.5,2192.4,1730.8
31-01-2020,71.49,97.39,5561,2.517,2.00029993,1.50510001,1.2967,1.31910002,18.004,1589.975,51.55,178.55,141.2,427.25,2200.4,1723.5
03-02-2020,71.32,97.8,5547.5,2.507,2.00760007,1.52890003,1.33700001,1.35699999,17.68,1576.731,49.88,173.8,140.15,421.75,2155.9,1698.6
04-02-2020,71.109,97.961,5624.6,2.542,2.0776,1.60080004,1.40199995,1.41499996,17.572,1552.917,49.42,173.3,138.5,428.6,2184.4,1696.6
05-02-2020,71.179,98.301,5704.8,2.5745,2.13919997,1.65260005,1.44000006,1.44309998,17.592,1556.204,51.15,175.45,138,434.5,2215.8,1720.8
06-02-2020,71.222,98.496,5743,2.593,2.10820007,1.64390004,1.43990004,1.44920003,17.812,1566.68,51.05,175.1,138,435.5,2209.9,1739.8
07-02-2020,71.499,98.684,5658.5,2.553,2.04900002,1.58519995,1.39330006,1.40110004,17.69,1570.384,50.4,175.1,139.85,430.9,2158.5,1720.5
10-02-2020,71.279,98.832,5657.4,2.5505,2.04029989,1.57140005,1.37960005,1.38499999,17.7575,1572.216,49.61,170.55,139.55,429.05,2143.1,1706.5
11-02-2020,71.279,98.721,5728.9,2.583,2.067,1.601,1.404,1.425,17.6375,1567.848,49.92,171.65,139.1,433.75,2156.3,1737.1
12-02-2020,71.289,99.049,5761.8,2.6,2.09,1.637,1.423,1.446,17.4771,1565.846,51.652,169.85,140,435.25,2150.9,1735.5
13-02-2020,71.33,99.067,5785.1,2.613,2.075,1.622,1.423,1.448,17.62,1576.088,51.5,173.15,139.3,435.6,2177.8,1750.5
14-02-2020,71.526,99.124,5757.8,2.5995,2.04,1.587,1.399,1.43,17.7345,1583.846,52.17,172,139.45,433.95,2150,1722.3
17-02-2020,71.319,99.124,5816.3,2.5995,2.037,1.5883,1.4017,1.4319,17.7345,1581.208,52.17,172,139.35,435.4,2168.3,1715.8
18-02-2020,71.569,99.44,5770.3,2.604,2.012,1.563,1.38,1.416,18.15,1601.418,52.085,172.95,139.65,431.6,2145.9,1718
19-02-2020,71.589,99.705,5777.3,2.606,2.014,1.568,1.396,1.426,18.401,1611.686,53.515,171.1,136.75,431.3,2141.4,1722.8
20-02-2020,71.959,99.865,5739.9,2.588,1.963,1.519,1.362,1.393,18.34,1619.617,53.69,169.3,140.45,430.15,2116.6,1712.3
21-02-2020,71.87,99.262,5769,2.608,1.919,1.476,1.324,1.358,18.4765,1643.397,53.31,167.8,139.2,430.25,2106.5,1710
24-02-2020,72.05,99.359,5699.5,2.577,1.835,1.372,1.206,1.254,18.61,1658.73,51.302,158.3,137.75,427.45,2043.4,1698.3
25-02-2020,71.87,98.968,5694.8,2.578,1.822,1.354,1.182,1.227,17.976,1634.872,50.065,158.75,137.75,427.85,2036.6,1703
26-02-2020,71.69,98.996,5672.4,2.5725,1.827,1.342,1.152,1.171,17.9,1640.942,48.62,157.35,138.05,425.1,2048.5,1698.5
27-02-2020,71.649,98.508,5663.9,2.5715,1.762,1.262,1.056,1.066,17.75,1644.62,46.31,156.5,138.2,422.45,2025.6,1690
28-02-2020,72.533,98.132,5605.8,2.54,1.678,1.154,0.905,0.915,16.6645,1586.542,45.26,156.45,136.45,421.85,2024.4,1693.9
02-03-2020,72.35,97.36,5722.4,2.595,1.723,1.167,0.905,0.907,16.7,1589.534,47.48,159.1,138.05,429,2025.1,1719.1
03-03-2020,73.27,97.153,5674.8,2.573,1.617,1.002,0.71,0.705,17.2115,1640.886,47.065,157.55,139.05,425.65,1988.5,1723.9
04-03-2020,73.529,97.336,5697.8,2.586,1.705,1.057,0.72,0.697,17.2055,1636.98,47.16,157.05,139.05,428.55,1983.9,1724.1
05-03-2020,73.9,96.82,5673.3,2.573,1.543,0.915,0.624,0.601,17.4251,1672.234,45.97,159.2,139.85,431,2011.5,1718.9
06-03-2020,74,95.951,5647.5,2.5605,1.291,0.765,0.564,0.518,17.3445,1674.062,41.505,158.35,139.05,433.55,1991.4,1686.1
09-03-2020,74.39,94.895,5525,2.5105,0.998,0.542,0.436,0.409,16.9927,1680.082,30.17,153.85,137.05,428.35,1979.6,1688
10-03-2020,73.56,96.414,5566.1,2.5215,1.287,0.811,0.634,0.544,16.8835,1649.387,34.7,157.5,137.05,427.8,1989.9,1698.9
11-03-2020,74.17,96.507,5524.8,2.502,1.397,0.876,0.642,0.521,16.7347,1634.868,33.11,158.05,139.75,425.5,1991.4,1673.1
12-03-2020,74.571,97.468,5457,2.4725,1.44,0.806,0.571,0.471,15.8138,1577.267,30.928,155.25,138.55,422.1,1945.9,1660.8
13-03-2020,73.838,98.749,5466.4,2.464,1.564,0.976,0.619,0.508,14.7455,1529.486,33.247,155.85,138.55,421.8,1988.9,1687.5
16-03-2020,73.997,98.069,5279.1,2.3925,1.309,0.724,0.434,0.374,12.9115,1515.107,28.71,153.1,137.75,412.45,1958.4,1686.5
17-03-2020,74.06,99.575,5135.9,2.3135,1.693,1.083,0.624,0.499,12.5987,1528.358,26.9,150.5,138.15,408.1,1888.3,1646.3
18-03-2020,74.546,101.16,4724.8,2.151,1.801,1.201,0.661,0.54,11.9695,1486.304,22.33,144.1,135.8,381.75,1859.8,1634
19-03-2020,75.04,102.755,4824.3,2.1855,1.789,1.142,0.574,0.459,12.0695,1472.795,27.68,144.05,132.1,374.8,1848.1,1632.8
20-03-2020,75.394,102.817,4766,2.1715,1.447,0.853,0.381,0.325,12.6125,1499.094,23.4,143.25,134.1,372.75,1852.3,1581.6
23-03-2020,76.32,102.487,4624,2.1005,1.375,0.793,0.342,0.318,13.2497,1553.122,23.71,141.3,133.3,360.45,1807.1,1562.9
24-03-2020,76.369,102.039,4830.8,2.18,1.41,0.851,0.423,0.382,14.2637,1627.713,24.263,142.5,133.95,367.75,1823.6,1554.1
25-03-2020,75.75,101.05,4875.5,2.204,1.446,0.872,0.397,0.34,14.493,1617.35,24.25,144.15,135.3,376.75,1841.4,1545.1
26-03-2020,74.74,99.352,4810.3,2.178,1.442,0.856,0.373,0.299,14.3725,1630.183,23.22,144.45,135.1,374.95,1861.9,1545.1
27-03-2020,75.12,98.365,4805.3,2.172,1.271,0.684,0.306,0.248,14.43,1627.724,21.8,141.75,134.35,375.25,1874.6,1551.4
30-03-2020,75.39,99.181,4768.8,2.1555,1.341,0.73,0.298,0.23,14.0445,1622.83,20.23,142.7,134,372.25,1868.6,1529.4
31-03-2020,75.31,99.048,4929.6,2.228,1.322,0.673,0.298,0.253,13.9668,1577.1,20.1,145.9,134.85,377.55,1907.6,1528.9
01-04-2020,76.57,99.673,4808.8,2.1745,1.218,0.579,0.263,0.243,13.9465,1591.395,21.175,145.8,134.35,376.5,1859.4,1494.9
02-04-2020,76.27,100.18,4910,2.2185,1.246,0.589,0.279,0.227,14.4509,1612.866,24.83,145.8,134.35,376.5,1885.6,1501.9
03-04-2020,76.41,100.576,4847.3,2.1925,1.216,0.601,0.308,0.227,14.3875,1618.425,28.79,146.65,134.7,380.1,1878.1,1482.5
06-04-2020,75.96,100.685,4900.5,2.2175,1.283,0.676,0.339,0.268,14.9836,1661.809,26.29,146.65,134.7,380.1,1892.5,1473.6
07-04-2020,75.62,99.9,5024.8,2.2725,1.3,0.714,0.355,0.268,14.9795,1648.838,24.175,149.95,134.1,392,1927.9,1480.9
08-04-2020,75.93,100.119,5013.5,2.26,1.382,0.777,0.344,0.256,14.926,1645.544,26.1,149.05,133.55,388.85,1910.6,1466.1
09-04-2020,75.97,99.517,5023.8,2.2595,1.355,0.7381,0.302,0.233,15.4035,1683.505,23.17,149.65,133.7,391.85,1905.5,1484
10-04-2020,75.869,99.517,5023.8,2.2595,1.3482,0.7222,0.2919,0.2235,15.4035,1683.505,23.17,149.65,133.7,391.85,1905.5,1484
13-04-2020,76.245,99.348,5023.8,2.3025,1.412,0.774,0.323,0.249,15.3885,1713.419,22.36,150.85,133.85,400.15,1905.5,1484
14-04-2020,76.01,98.887,5180.6,2.3295,1.403,0.754,0.287,0.221,15.7455,1727.175,20.665,150.85,133.85,400.15,1924.4,1511.6
15-04-2020,76.559,99.461,5108.9,2.296,1.273,0.633,0.24,0.201,15.4497,1715.948,20.159,150.85,134.4,393.75,1928.4,1506.8
16-04-2020,76.79,100.025,5103.1,2.291,1.227,0.63,0.26,0.211,15.5045,1718.352,19.78,153.35,134.75,397.95,1934.4,1513.6
17-04-2020,76.54,99.782,5212.3,2.3445,1.267,0.646,0.255,0.202,15.1865,1683.5,18.437,154.7,135.05,402.5,1949.6,1510.3
20-04-2020,76.6,99.955,5179.8,2.32,1.223,0.612,0.255,0.206,15.2747,1696.239,0.009,154.35,133.8,400.95,1946.1,1501.9
21-04-2020,76.97,100.258,5043.8,2.2295,1.163,0.572,0.245,0.201,14.8325,1687.048,13.03,148.25,132.55,383.05,1908.3,1492.5
22-04-2020,76.4,100.388,5131.5,2.29,1.217,0.621,0.261,0.215,15.0695,1714.292,14.324,152.55,134.85,394.95,1903.3,1520.3
23-04-2020,75.89,100.433,5145.5,2.312,1.184,0.605,0.271,0.221,15.2305,1731.391,17.091,148.25,134.15,398.6,1873.4,1512.3
24-04-2020,76.26,100.38,5181.6,2.337,1.175,0.606,0.274,0.222,15.2045,1729.406,17.314,149.95,133.2,405.75,1886.6,1516
27-04-2020,76.227,100.041,5188.9,2.35,1.257,0.664,0.292,0.224,15.1697,1713.938,13.014,149.7,133.05,405.95,1909.4,1507
28-04-2020,76.06,99.865,5203.1,2.3455,1.208,0.616,0.269,0.213,15.147,1708.96,13.273,152.45,133,407.7,1932.1,1508.1
29-04-2020,75.27,99.565,5250.9,2.3705,1.253,0.63,0.255,0.205,15.2705,1712.734,15.355,152.1,132.3,408,1946,1507
30-04-2020,75.4,99.016,5197.9,2.344,1.282,0.639,0.25,0.2,14.909,1686.618,19.045,150.6,131.95,403.45,1928.3,1487.3
01-05-2020,75.746,99.079,5114.1,2.312,1.252,0.62,0.242,0.198,14.9345,1701.282,19.695,150.4,131.8,401.15,1912.4,1486.8
04-05-2020,75.63,99.484,5125.4,2.3125,1.281,0.637,0.245,0.184,14.7615,1701.424,23.502,149.8,131.15,398.25,1901,1482.5
05-05-2020,75.93,99.709,5174.6,2.3325,1.335,0.665,0.253,0.19,14.9329,1705.682,27.11,151.25,131.55,402.3,1920.8,1487.5
06-05-2020,76.09,100.091,5208.9,2.347,1.398,0.706,0.245,0.182,14.8345,1685.384,25.488,153.45,131.75,404.3,1979,1481.8
07-05-2020,75.785,99.889,5270.9,2.3805,1.332,0.642,0.194,0.139,15.323,1715.553,24.825,154.35,131.6,406.8,2002,1491.5
08-05-2020,75.51,99.734,5270.9,2.406,1.386,0.685,0.218,0.161,15.4585,1702.39,26.103,154.3,131.4,407.65,2002,1491.5
11-05-2020,75.86,100.236,5276.6,2.38,1.418,0.713,0.226,0.177,15.472,1697.826,25.4,156.6,131.6,406.7,2028.3,1496.6
12-05-2020,75.3,99.933,5238.4,2.359,1.37,0.667,0.206,0.167,15.4405,1702.46,25.84,153.1,129.95,401.75,1998,1483
13-05-2020,75.36,100.242,5218.1,2.346,1.349,0.656,0.206,0.165,15.5437,1716.956,25.98,152.25,130.1,401.65,1967.3,1476.5
14-05-2020,75.48,100.466,5210.6,2.346,1.293,0.625,0.193,0.151,15.85,1730.786,28,155,130.35,402.25,1968.3,1478.8
15-05-2020,75.817,100.402,5179.8,2.3305,1.331,0.646,0.185,0.151,16.6065,1742.624,29.79,153.9,129.8,401.05,1959.8,1463
18-05-2020,75.6,99.665,5327.9,2.404,1.44,0.729,0.233,0.181,16.9546,1732.882,32.24,157.7,130.6,410.8,2019,1496.9
19-05-2020,75.634,99.371,5359.4,2.418,1.41,0.69,0.206,0.167,17.3375,1744.77,31.851,157.45,129.95,411.15,2028.1,1492
20-05-2020,75.53,99.124,5445.5,2.46,1.404,0.683,0.214,0.167,17.5456,1748.104,33.485,158.5,130.7,416.55,2042.4,1513
21-05-2020,75.601,99.37,5391.1,2.432,1.388,0.674,0.214,0.167,17.1077,1727.168,33.842,154.7,130.2,411.75,1972.8,1523.8
22-05-2020,75.946,99.863,5297.6,2.3865,1.372,0.657,0.209,0.17,17.1815,1734.448,33.563,157.95,128.45,407.2,1982,1502.3
25-05-2020,75.946,99.863,5297.6,2.3865,1.3666,0.6558,0.2042,0.1656,17.1815,1729.186,33.563,156.65,130.15,414.1,1982,1502.3
26-05-2020,75.655,98.908,5362.6,2.4185,1.447,0.698,0.215,0.174,17.1147,1711.079,34.13,159.05,130.95,415.55,1978.5,1519.5
27-05-2020,75.91,99.062,5291.8,2.382,1.446,0.685,0.223,0.186,17.2457,1709.417,32.197,156.15,131.65,411.45,1933.9,1529.3
28-05-2020,75.69,98.383,5359.1,2.4135,1.455,0.692,0.22,0.174,17.3625,1718.807,33.695,157.95,132,415.75,1937.8,1540.5
29-05-2020,75.611,98.344,5382.8,2.4255,1.411,0.656,0.197,0.164,17.8515,1729.615,35.185,159,131.7,416.2,1988.8,1544.5
01-06-2020,75.5,97.83,5475.9,2.4705,1.454,0.662,0.199,0.16,18.2905,1739.923,35.542,161.2,132.1,422.4,2018.9,1536.3
02-06-2020,75.05,97.673,5528.1,2.491,1.488,0.687,0.207,0.164,18.063,1727.951,36.829,159.95,132.7,422.8,2015,1554.8
03-06-2020,75.457,97.276,5510.9,2.4875,1.533,0.749,0.245,0.192,17.6265,1698.056,36.732,160,133.7,423.2,2016.3,1565.5
04-06-2020,75.573,96.677,5523.9,2.4895,1.633,0.827,0.258,0.198,17.686,1714.272,37.29,161.45,133.8,423.65,2020,1563.8
05-06-2020,75.58,96.937,5666.3,2.5555,1.668,0.898,0.288,0.21,17.4205,1685.27,39.065,164.3,135.6,433.5,2019.3,1591.5
08-06-2020,75.38,96.618,5698.9,2.5655,1.642,0.879,0.288,0.228,17.7448,1698.298,38.22,164.3,135.25,435.75,2040.5,1606.3
09-06-2020,75.607,96.324,5773.4,2.599,1.577,0.827,0.263,0.204,17.5115,1714.786,38.372,163.35,136.15,439.7,2017.4,1602.8
10-06-2020,75.67,95.959,5894.1,2.6565,1.51,0.73,0.203,0.173,18.058,1738.67,39.015,164.35,138.4,450.65,2030,1627.5
11-06-2020,75.97,96.733,5747.1,2.5865,1.405,0.674,0.232,0.201,17.631,1727.216,36.11,160.6,136.55,442.05,1995.5,1593.8
12-06-2020,75.779,97.319,5793,2.6,1.458,0.708,0.226,0.195,17.4755,1730.905,36.5,159.65,135.5,443.3,1989.5,1581.5
15-06-2020,75.779,96.706,5730.9,2.567,1.462,0.722,0.226,0.195,17.336,1725.154,37.023,159.3,135.2,439.1,1993,1584.8
16-06-2020,76.42,96.958,5741.6,2.5645,1.543,0.753,0.234,0.197,17.4378,1727.09,37.875,159.15,136.8,442.75,2004.1,1602.3
17-06-2020,76.148,97.158,5782,2.5895,1.531,0.74,0.229,0.195,17.457,1726.761,37.686,160.05,137,445.25,2018.3,1609
18-06-2020,76.39,97.421,5789.6,2.588,1.485,0.71,0.226,0.195,17.3497,1722.644,38.835,161.7,136.75,445.7,2049.1,1601.9
19-06-2020,76.184,97.623,5820.8,2.611,1.463,0.699,0.221,0.19,17.59,1744.189,39.42,162.75,136,447.8,2076.6,1587.6
22-06-2020,75.78,97.039,5888.6,2.6525,1.467,0.71,0.226,0.196,17.6915,1754.766,40.555,163.05,136,449.25,2087,1601.9
23-06-2020,75.643,96.646,5907.4,2.6585,1.494,0.715,0.218,0.19,17.9036,1767.72,39.985,161.45,134.5,448.65,2038.3,1591.5
24-06-2020,75.64,97.148,5890.4,2.6505,1.43,0.677,0.213,0.19,17.472,1761.718,38.035,161.5,135.6,452.1,2030.9,1575.8
25-06-2020,75.528,97.429,5937.6,2.663,1.434,0.686,0.208,0.188,17.7856,1763.692,39.065,164.85,135.5,455.45,2049.5,1575.3
26-06-2020,75.608,97.433,5936.9,2.659,1.371,0.643,0.186,0.168,17.7495,1771.478,38.165,164.55,136.95,457.65,2037.8,1600.1
29-06-2020,75.498,97.536,5964.3,2.6925,1.375,0.627,0.171,0.152,17.8296,1772.65,39.625,165.4,137.5,458.95,2056.6,1612.8
30-06-2020,75.538,97.391,6035.9,2.7285,1.413,0.658,0.176,0.154,18.194,1780.872,39.825,163.5,137.95,464.7,2040.4,1620
01-07-2020,75.438,97.196,6054.4,2.734,1.424,0.677,0.192,0.164,17.9848,1770.477,39.745,164.25,138.25,465.4,2046.5,1622
02-07-2020,74.738,97.317,6086,2.7485,1.4219,0.6627,0.1754,0.1487,17.9245,1775.74,40.355,162.6,137.3,464.6,2042.3,1624.6
03-07-2020,74.632,97.317,6026.5,2.7485,1.4206,0.6594,0.1754,0.1487,17.9245,1775.086,40.355,162.05,136.6,459.1,2035.1,1612.9
06-07-2020,74.628,96.725,6136.8,2.7745,1.441,0.679,0.189,0.159,18.2545,1784.366,40.58,164.1,137.9,469.75,2053.6,1634.1
07-07-2020,74.803,96.881,6187.3,2.797,1.377,0.643,0.183,0.161,18.246,1795.25,40.445,164.7,137.85,475.15,2066,1634.4
08-07-2020,74.938,96.428,6246.6,2.824,1.402,0.668,0.188,0.163,18.709,1809.006,40.865,167.95,139.4,479.7,2128.5,1663.3
09-07-2020,75.138,96.7,6287.6,2.8385,1.315,0.615,0.18,0.153,18.6485,1803.382,39.565,168.1,138.55,484.2,2145.8,1657
10-07-2020,75.188,96.652,6421.1,2.8975,1.337,0.645,0.188,0.157,18.7015,1798.446,40.58,171.8,139.65,494.15,2191.1,1685.6
13-07-2020,75.185,96.464,6558.4,2.955,1.31,0.62,0.182,0.155,19.0406,1802.342,39.59,177.1,139.8,504.4,2251.4,1689.6
14-07-2020,75.375,96.259,6503.3,2.9325,1.313,0.625,0.188,0.159,19.2105,1809.406,40.525,172.7,138.8,502.25,2194.3,1683
15-07-2020,75.118,96.081,6398.6,2.885,1.333,0.633,0.183,0.157,19.4148,1810.36,40.98,173.95,138.1,496.8,2203.5,1681
16-07-2020,75.168,96.346,6429.9,2.9015,1.312,0.62,0.175,0.147,19.1426,1797.436,40.7,176,137.35,499.85,2218.5,1668
17-07-2020,74.882,95.942,6437.4,2.9045,1.329,0.628,0.177,0.143,19.3245,1810.046,40.575,173.4,136.75,500.3,2183.1,1663.9
20-07-2020,74.738,95.832,6460,2.9155,1.313,0.612,0.178,0.149,19.9,1817.312,40.775,175.05,136.4,502.5,2197.5,1664
21-07-2020,74.528,95.117,6556.9,2.958,1.31,0.605,0.167,0.143,21.2995,1841.673,41.535,176.4,137.75,508.95,2244.3,1697.3
22-07-2020,74.598,94.988,6487.5,2.9245,1.297,0.602,0.175,0.153,23.0025,1871.828,41.935,172.75,136.5,507.35,2212,1690.8
23-07-2020,74.808,94.692,6520.6,2.9385,1.231,0.577,0.175,0.153,22.605,1887.534,41.045,176.4,137.8,512.6,2243,1704.4
24-07-2020,74.748,94.435,6414.8,2.8925,1.23,0.59,0.17,0.149,22.76,1901.637,41.24,174.1,137.35,508.8,2214,1699.3
27-07-2020,74.788,93.668,6431.3,2.8975,1.261,0.618,0.181,0.153,24.5296,1942.076,41.675,177.1,140.3,504.9,2233.5,1709.5
28-07-2020,74.905,93.696,6469.8,2.9175,1.22,0.581,0.165,0.143,24.371,1958.672,41.11,179.4,141.2,508.45,2264,1726.3
29-07-2020,74.921,93.453,6476.9,2.919,1.238,0.576,0.151,0.133,24.294,1970.91,41.305,182.8,141.75,509.65,2302.6,1728.5
30-07-2020,74.873,93.021,6462.3,2.914,1.209,0.546,0.133,0.121,23.499,1956.059,40.335,182.4,141.5,507.5,2296.5,1724.8
31-07-2020,74.914,93.349,6385.3,2.868,1.197,0.533,0.117,0.109,24.3405,1975.962,40.44,184,140.9,500.75,2312.5,1706.3
03-08-2020,75.178,93.542,6480.8,2.912,1.234,0.559,0.122,0.113,24.3226,1976.742,40.765,184.5,144.4,510.1,2308,1744.3
04-08-2020,75.058,93.382,6449.6,2.8945,1.188,0.51,0.114,0.109,26.0425,2019.413,41.475,185.6,146.05,507.5,2324.3,1767.8
05-08-2020,74.796,92.868,6492.3,2.917,1.224,0.551,0.13,0.119,26.9538,2038.154,42.15,189.4,145.7,511.75,2380.5,1761.8
06-08-2020,74.89,92.788,6490.1,2.9105,1.199,0.538,0.13,0.119,28.9006,2063.31,41.935,191.25,146.9,515.95,2404.8,1776
07-08-2020,74.97,93.435,6236.4,2.7925,1.234,0.566,0.144,0.129,28.27,2035.23,41.53,189.3,145.05,502.05,2392.3,1760.5
10-08-2020,74.91,93.582,6382,2.8615,1.254,0.579,0.144,0.131,28.7455,2027.745,41.94,189.5,146.85,511.25,2383.5,1779
11-08-2020,74.6,93.628,6408.3,2.8755,1.33,0.642,0.171,0.153,24.801,1912.075,41.63,190.6,146.4,511.2,2416.8,1785.3
12-08-2020,74.727,93.443,6433.1,2.891,1.375,0.676,0.193,0.161,25.478,1916.642,42.525,189,145.95,514.3,2394.5,1786.8
13-08-2020,74.806,93.335,6272,2.807,1.428,0.722,0.203,0.167,27.4906,1953.57,42.33,187.35,144.15,503.6,2366,1760.5
14-08-2020,74.853,93.096,6374.8,2.859,1.446,0.709,0.185,0.149,26.4135,1944.714,42.2,187.3,143,509.75,2371.6,1743.3
17-08-2020,74.746,92.851,6457.3,2.9015,1.435,0.69,0.185,0.153,27.3265,1985.223,42.78,192.2,144,515.05,2445.5,1759.5
18-08-2020,74.623,92.271,6597.5,2.975,1.399,0.67,0.17,0.145,27.686,2001.934,42.517,193.9,145.65,525.3,2464.8,1775.8
19-08-2020,74.846,92.887,6694.8,3.023,1.422,0.683,0.172,0.145,26.6567,1929.572,42.895,197.55,146.7,533.75,2498.8,1791.3
20-08-2020,75.012,92.793,6606.3,2.9745,1.384,0.651,0.167,0.143,27.2498,1946.966,42.726,197.15,146.35,529.05,2483.3,1786.8
21-08-2020,74.92,93.247,6483,2.9175,1.344,0.631,0.164,0.147,26.7295,1940.498,42.272,193.55,144.6,518.8,2452.8,1764.8
24-08-2020,74.169,93.298,6514,2.9265,1.358,0.656,0.178,0.155,26.5996,1929.08,42.385,192.55,143.55,521.1,2457,1772
25-08-2020,74.201,93.019,6533.3,2.934,1.395,0.687,0.183,0.153,26.523,1928.2,43.367,195.15,144.95,516,2482.3,1779
26-08-2020,74.219,93.006,6594.3,2.9615,1.416,0.69,0.178,0.152,27.4598,1954.034,43.443,194.45,145.35,521,2474,1778.8
27-08-2020,73.895,93.001,6609.3,2.9675,1.512,0.754,0.194,0.16,26.3965,1929.271,42.956,194.95,145.65,520.95,2490.5,1777.8
28-08-2020,73.116,92.371,6669.5,3.0195,1.504,0.724,0.149,0.133,27.482,1965.026,42.926,194.8,145.9,521.5,2505.8,1800.8
31-08-2020,73.254,92.144,6669.5,3.0615,1.477,0.706,0.152,0.133,28.116,1967.646,42.791,196.05,146.15,527.3,2505.8,1800.8
01-09-2020,73.002,92.338,6692.5,3.0285,1.421,0.671,0.149,0.133,28.1056,1970.486,43.005,197.9,146.95,521.45,2547.3,1817.8
02-09-2020,73.269,92.847,6683.5,3.0205,1.379,0.651,0.152,0.135,27.429,1942.888,41.565,196.55,145.6,522.35,2529.3,1789.8
03-09-2020,73.4,92.739,6588.3,2.975,1.364,0.638,0.149,0.127,26.5795,1930.673,41.259,193.75,144.8,515.05,2495.5,1778.5
04-09-2020,73.289,92.719,6771.5,3.062,1.474,0.721,0.178,0.147,26.8955,1934.024,39.424,194.2,145.45,526.65,2503,1788.5
07-09-2020,73.436,92.719,6791.8,3.062,1.4813,0.7246,0.1677,0.1408,26.8955,1928.448,39.424,195.25,146.35,529.5,2502.5,1795
08-09-2020,73.74,93.445,6696.8,3.025,1.423,0.68,0.168,0.143,26.615,1931.694,36.763,189.15,146.2,523.7,2419,1793.8
09-09-2020,73.3,93.255,6754.8,3.0515,1.46,0.702,0.175,0.147,26.9656,1946.534,37.772,188.45,144.95,525.6,2424,1786.5
10-09-2020,73.56,93.336,6643,2.9985,1.419,0.677,0.164,0.139,26.846,1946.27,36.997,187.4,144.85,518.9,2402.3,1787
11-09-2020,73.47,93.333,6728.4,3.0395,1.413,0.669,0.154,0.129,26.7165,1940.456,37.296,192.15,144.75,524.1,2475.3,1776.3
14-09-2020,73.39,93.052,6787.5,3.068,1.413,0.674,0.162,0.137,27.12,1956.442,37.299,192.25,146.15,529.2,2478.5,1800.8
15-09-2020,73.6,93.05,6769.3,3.063,1.434,0.682,0.164,0.141,27.1258,1954.198,38.395,194.3,145.55,529.35,2503.5,1795.3
16-09-2020,73.48,93.214,6774,3.061,1.459,0.7,0.167,0.141,27.134,1959.59,40.149,195.35,144.95,529.25,2526.8,1791.3
17-09-2020,73.6,92.97,6788.5,3.071,1.439,0.69,0.162,0.137,27.048,1944.276,40.94,195.3,144.25,531.55,2511.6,1782.3
18-09-2020,73.538,92.926,6872.6,3.116,1.453,0.695,0.164,0.143,26.763,1950.506,40.876,197.85,144.45,536.85,2547.1,1793.3
21-09-2020,73.57,93.656,6692,3.032,1.417,0.669,0.157,0.139,24.71,1912.674,39.773,192.65,143.45,524.95,2468.5,1779.3
22-09-2020,73.51,93.988,6749,3.061,1.426,0.676,0.157,0.137,24.3706,1900.038,39.737,193.95,144.25,531.35,2466.3,1777.8
23-09-2020,73.57,94.389,6617.4,2.993,1.417,0.676,0.162,0.143,22.7615,1863.45,39.585,194.25,147,528.05,2414.3,1757.5
24-09-2020,73.897,94.354,6554.9,2.968,1.41,0.669,0.159,0.137,23.1285,1867.818,40.139,189.7,142.6,517.65,2394.5,1747.8
25-09-2020,73.707,94.642,6552.5,2.971,1.403,0.658,0.151,0.131,22.8775,1861.62,40.091,187.7,143.5,516.65,2377.6,1758.3
28-09-2020,73.76,94.278,6587.5,2.99,1.417,0.654,0.146,0.129,23.647,1881.414,40.521,192.45,145.3,520.5,2434,1782.5
29-09-2020,73.778,93.891,6593.8,2.99,1.417,0.651,0.149,0.127,24.1795,1897.205,39.125,192.3,144.8,520.5,2423,1777.5
30-09-2020,73.54,93.886,6682.5,3.0325,1.455,0.684,0.157,0.131,23.2405,1885.5,39.918,190.8,143.8,525.2,2403,1767.5
01-10-2020,73.192,93.711,6341.3,2.8655,1.457,0.681,0.159,0.129,23.7546,1906.12,38.557,183.95,142.35,497.5,2326.4,1737
02-10-2020,73.346,93.844,6566,2.9775,1.493,0.705,0.168,0.133,23.6965,1899.168,37.008,183.95,142.35,497.5,2318.6,1763.5
05-10-2020,73.08,93.513,6534.9,2.963,1.593,0.783,0.189,0.149,24.347,1913.445,39.347,186.05,144.8,509.8,2329.9,1778.8
06-10-2020,73.399,93.686,6530.9,2.9635,1.539,0.739,0.184,0.147,23.0525,1878.177,39.774,189.8,144.8,512.65,2360.5,1771.3
07-10-2020,73.345,93.63,6674.4,3.033,1.591,0.79,0.201,0.153,23.7948,1887.592,40.012,190.55,145.95,522.05,2369,1784
08-10-2020,73.325,93.605,6682,3.042,1.589,0.787,0.198,0.149,23.822,1893.608,41.351,191.7,147.35,523.65,2380,1804.5
09-10-2020,73.01,93.057,6769.8,3.0825,1.575,0.779,0.201,0.157,25.1158,1930.521,40.546,195.2,150.45,528.1,2426.8,1849.8
12-10-2020,73.358,93.065,6738.9,3.064,1.575,0.779,0.201,0.157,25.09,1922.702,39.5,198.25,152.25,527.9,2449.5,1855.3
13-10-2020,73.454,93.531,6694.6,3.0445,1.513,0.729,0.177,0.141,24.126,1891.204,40.167,194.9,152.5,524.1,2413.8,1854.5
14-10-2020,73.24,93.382,6716.4,3.0505,1.509,0.727,0.177,0.141,24.2496,1901.679,41.132,191.6,150.4,525.05,2422.8,1849.8
15-10-2020,73.42,93.856,6778.1,3.0855,1.517,0.737,0.18,0.143,24.2895,1908.256,40.843,194.15,150.4,530.7,2443.4,1853.8
16-10-2020,73.43,93.682,6737.3,3.0675,1.531,0.746,0.185,0.147,24.1325,1899.33,40.74,193.65,151.15,527.6,2431.3,1865.8
19-10-2020,73.35,93.427,6768.4,3.086,1.562,0.771,0.193,0.147,24.3697,1904.4,40.695,196.45,150.8,530.45,2484,1844
20-10-2020,73.44,93.067,6895.1,3.148,1.593,0.786,0.191,0.147,24.651,1907.169,41.133,200.45,151.55,531.8,2537.1,1836.3
21-10-2020,73.65,92.611,7002,3.1985,1.639,0.824,0.199,0.149,25.0425,1924.456,39.978,205.05,151.8,538.55,2567.3,1846.8
22-10-2020,73.66,92.951,6912,3.1535,1.681,0.861,0.209,0.157,24.7116,1904.014,40.583,205.05,152.05,529.35,2569.5,1847.8
23-10-2020,73.87,92.768,6861.1,3.129,1.643,0.843,0.202,0.155,24.5975,1902.04,39.715,207.45,153.35,545.1,2546.6,1842.3
26-10-2020,73.917,93.045,6768,3.0895,1.594,0.804,0.194,0.153,24.2467,1902.272,38.575,200.85,151,528.75,2539,1822.5
27-10-2020,73.82,92.94,6801,3.0935,1.554,0.771,0.186,0.149,24.3776,1907.78,38.955,201.35,150.2,529.8,2546.5,1820.8
28-10-2020,74.17,93.405,6743.4,3.064,1.558,0.774,0.183,0.15,23.348,1877.246,37.35,201.35,150.15,528.35,2538.5,1811.3
29-10-2020,74.39,93.955,6735.5,3.0565,1.605,0.825,0.191,0.152,23.253,1867.959,36.05,202.55,150.05,528.7,2541.8,1805
30-10-2020,74.54,94.038,6713.9,3.0475,1.663,0.875,0.199,0.156,23.6415,1878.952,35.72,201.8,152.95,526.4,2521.5,1848.8
02-11-2020,74.507,94.129,6777.4,3.077,1.618,0.848,0.197,0.158,24.0668,1895.774,37.065,202.8,154.15,527.55,2543,1871.8
03-11-2020,74.601,93.553,6791.4,3.0925,1.682,0.899,0.213,0.172,24.219,1909.81,38.12,204.35,156.25,530.5,2555.3,1899
04-11-2020,74.19,93.407,6827.9,3.107,1.544,0.766,0.186,0.147,23.8865,1903.015,39.12,205.45,156.05,528.95,2587.8,1905.6
05-11-2020,73.926,92.525,6847.5,3.11,1.528,0.766,0.189,0.147,25.3148,1949.632,38.5,206.1,154.95,527.95,2599.9,1887.9
06-11-2020,73.97,92.229,6940.5,3.154,1.603,0.822,0.203,0.155,25.6165,1951.193,37.38,208.25,155.5,533.5,2630,1900.1
09-11-2020,73.95,92.725,6948.6,3.156,1.715,0.925,0.237,0.177,24.0728,1861.914,39.815,209.85,155.45,534.8,2652,1900.5
10-11-2020,74.28,92.749,6952.9,3.1555,1.74,0.96,0.255,0.185,24.2088,1877.281,41.78,210.6,156.6,536.05,2652.3,1912.9
11-11-2020,74.482,93.043,6908.4,3.134,1.745,0.961,0.253,0.185,24.248,1865.42,41.395,209.5,157.55,533.95,2631.8,1916.3
12-11-2020,74.63,92.963,6928.5,3.145,1.64,0.883,0.229,0.179,24.2715,1876.974,40.91,209.9,158.35,535.9,2628.9,1926
13-11-2020,74.563,92.755,7000.4,3.178,1.649,0.9,0.237,0.181,24.633,1889.565,40.115,211.2,159.1,540.85,2646.1,1935.3
16-11-2020,74.37,92.642,7098.9,3.222,1.666,0.911,0.234,0.179,24.7298,1888.839,41.445,213.5,160.2,546.8,2672.3,1951
17-11-2020,74.47,92.416,7056.3,3.198,1.609,0.859,0.221,0.173,24.4875,1880.388,41.36,215.95,162.3,543.35,2696.6,1975.5
18-11-2020,74.11,92.316,7067.9,3.198,1.603,0.872,0.229,0.177,24.3295,1872.464,41.59,220.35,163.6,542.35,2729.9,1992.5
19-11-2020,74.1,92.294,7085,3.202,1.547,0.834,0.218,0.165,24.0295,1866.12,41.72,221.85,164.3,544.45,2756.8,1987.3
20-11-2020,74.116,92.392,7273.8,3.291,1.52,0.823,0.211,0.161,24.1525,1870.987,42.42,225.3,164.75,558.8,2798.6,1988.8
23-11-2020,74.25,92.505,7204,3.258,1.556,0.855,0.216,0.163,23.575,1837.828,42.83,216.65,162.35,556.45,2733.3,1972.3
24-11-2020,74.083,92.226,7298,3.2995,1.607,0.882,0.218,0.164,23.2338,1807.459,44.785,218.1,163.3,561.7,2752.9,1988.3
25-11-2020,73.768,91.994,7316,3.3095,1.628,0.883,0.208,0.162,23.3335,1807.846,45.845,216.95,162.25,561.15,2749.3,1969.8
26-11-2020,73.827,91.994,7423.4,3.3095,1.605882,0.855328,0.202433,0.156311,23.3335,1810.474,45.845,217.6,162.95,569.85,2753.5,1978.5
27-11-2020,73.92,91.79,7519,3.4175,1.574,0.842,0.197,0.154,22.6785,1786.92,45.54,221.65,164.6,578.05,2801.6,1998.3
30-11-2020,73.99,91.869,7561,3.438,1.567,0.842,0.189,0.15,22.62,1776.881,45.045,220.2,167.05,582.3,2782,2039.8
01-12-2020,73.68,91.313,7667.5,3.485,1.67,0.929,0.218,0.168,23.9965,1815.137,44.38,216.05,167.2,587,2774.4,2059.3
02-12-2020,73.8,91.118,7674.8,3.489,1.688,0.939,0.215,0.16,24.0895,1830.705,44.93,214.5,166.85,589.5,2759.5,2053.8
03-12-2020,73.809,90.714,7676.5,3.4905,1.656,0.91,0.202,0.153,24.0505,1840.936,45.62,214.55,164.85,590.7,2755.3,2019.5
04-12-2020,73.758,90.701,7753.4,3.5245,1.734,0.968,0.215,0.153,24.1825,1838.79,46.11,214.4,166.3,596.6,2753.8,2043
07-12-2020,73.74,90.792,7739,3.5165,1.682,0.924,0.199,0.145,24.451,1862.424,45.615,218.05,165.2,594.55,2801.1,2021.8
08-12-2020,73.68,90.965,7704.8,3.499,1.664,0.921,0.207,0.153,24.5445,1870.434,45.58,217.9,163.2,592,2807.3,1998
09-12-2020,73.712,91.087,7734.1,3.5135,1.686,0.936,0.216,0.151,23.936,1840.086,45.675,221.85,165.25,594.65,2854.8,2039
10-12-2020,73.723,90.824,7870.6,3.576,1.628,0.911,0.198,0.141,23.9855,1836.693,46.95,222.2,166.6,606.2,2863.8,2052.3
11-12-2020,73.75,90.976,7769.6,3.528,1.628,0.898,0.177,0.121,23.9295,1839.303,46.56,216.35,165.15,601.75,2789,2024.5
14-12-2020,73.643,90.711,7772.4,3.5265,1.631,0.896,0.175,0.117,23.82,1827.059,47.005,220,165.85,601.75,2835.4,2046.5
15-12-2020,73.55,90.473,7805,3.5445,1.653,0.911,0.175,0.117,24.479,1853.45,47.575,219.4,164.75,601.25,2824.3,2030.8
16-12-2020,73.64,90.45,7836.4,3.559,1.656,0.918,0.177,0.119,25.2795,1864.552,47.87,219.8,164.95,604.05,2827,2034
17-12-2020,73.52,89.822,7929.9,3.6015,1.681,0.935,0.185,0.125,26.0048,1885.546,48.375,221.9,166.5,610.9,2855.5,2061.3
18-12-2020,73.53,90.016,7997.6,3.6325,1.694,0.948,0.183,0.123,25.7925,1881.479,49.03,222.8,165.75,617,2866.4,2053.6
21-12-2020,74.013,90.043,7880,3.5775,1.674,0.935,0.18,0.123,26.145,1876.848,47.84,221.35,164.05,610.3,2840.4,2027.9
22-12-2020,73.853,90.654,7759.6,3.52,1.651,0.921,0.167,0.119,25.1679,1860.254,46.764,217.45,161.7,598.95,2783.3,1999.1
23-12-2020,73.77,90.413,7839.9,3.556,1.684,0.943,0.172,0.123,25.503,1873.37,48.047,219.75,163.1,601.75,2829.9,2012.9
24-12-2020,73.53,90.323,7844.6,3.5625,1.662,0.926,0.167,0.123,25.7995,1879.555,48.289,221.5,163.85,604.6,2849.5,2024.8
25-12-2020,73.556,90.323,7844.6,3.5625,1.662,0.926,0.167,0.123,25.7995,1879.555,48.289,221.5,163.85,604.6,2849.5,2024.8
28-12-2020,73.5,90.337,7844.6,3.571,1.662,0.926,0.17,0.125,26.2,1873.694,47.674,223.2,163.3,605.95,2849.5,2024.8
29-12-2020,73.39,89.994,7831.9,3.5555,1.678,0.938,0.173,0.129,26.19,1878.349,48.078,216.35,162,602.3,2771,1988.5
30-12-2020,73.119,89.68,7826,3.549,1.657,0.926,0.17,0.125,26.5975,1894.508,48.288,217,162.1,599.95,2777.6,1998.5
31-12-2020,73.036,89.937,7758.5,3.519,1.646,0.918,0.168,0.123,26.335,1898.391,48.181,214.4,160.95,594.7,2747.5,1989.5
01-01-2021,73.12,89.937,7758.5,3.519,1.646,0.918,0.168,0.123,26.335,1898.391,48.181,214.9,161.2,595.2,2747.5,1989.5
04-01-2021,73.07,89.869,7841,3.5545,1.658,0.915,0.162,0.117,27.2018,1942.887,47.335,218.4,163.85,601.4,2789.6,2026
05-01-2021,73.105,89.436,8020.1,3.6395,1.709,0.958,0.173,0.123,27.503,1950.076,49.805,220.9,165.7,616.5,2823.4,2046.9
06-01-2021,73.118,89.53,8048.4,3.6505,1.816,1.039,0.202,0.141,27.2795,1919.062,50.509,224.05,165.1,617.95,2867.3,2034.6
07-01-2021,73.46,89.826,8155.1,3.696,1.858,1.081,0.216,0.141,27.1,1913.589,50.905,226.7,165.5,628.1,2886.1,2028
08-01-2021,73.311,90.098,8111.8,3.6735,1.878,1.117,0.221,0.137,25.404,1849.215,52.605,220.8,164.7,622.5,2816.4,2022
11-01-2021,73.456,90.465,7866.9,3.5645,1.885,1.148,0.227,0.147,24.8818,1843.61,52.162,216.8,164.05,605.3,2755.1,2009.9
12-01-2021,73.232,90.093,7956.8,3.6055,1.874,1.131,0.235,0.149,25.5291,1854.738,53.263,219,164.8,610.95,2780.5,2023.5
13-01-2021,73.14,90.355,7979.9,3.617,1.818,1.087,0.224,0.145,25.176,1845.272,52.842,218.65,164.1,610.8,2777.3,2014.8
14-01-2021,73.065,90.239,8076.9,3.6645,1.875,1.133,0.222,0.143,25.488,1846.258,53.695,217.55,163.6,615.2,2755.5,2009.8
15-01-2021,73.16,90.772,7939.3,3.602,1.835,1.083,0.206,0.137,24.731,1828.586,52.11,213.45,162.2,605.3,2687.5,1986
18-01-2021,73.181,90.772,7970.8,3.602,1.840863,1.091979,0.208946,0.133035,24.731,1837.785,52.11,213.9,161.35,607.15,2679.4,1972
19-01-2021,73.16,90.498,8006.4,3.6335,1.836,1.09,0.199,0.131,25.195,1840.025,52.99,217.15,161.75,610.25,2695,1970.3
20-01-2021,72.91,90.475,8027.9,3.6415,1.832,1.082,0.193,0.129,25.7968,1871.65,52.943,218.5,163.25,611.35,2723.3,1986.3
21-01-2021,72.97,90.131,8042.1,3.6475,1.868,1.107,0.191,0.125,25.851,1869.92,53.004,216.15,164.8,610.25,2711,1997
22-01-2021,72.976,90.238,7996.4,3.626,1.849,1.087,0.188,0.125,25.4685,1855.8,52.063,215,162.55,610.25,2708.8,1997.3
25-01-2021,72.97,90.391,8003.1,3.6295,1.796,1.035,0.175,0.119,25.33,1855.99,52.855,214.25,163.95,610.3,2701.8,2017.8
26-01-2021,72.91,90.17,7988.5,3.6195,1.793,1.036,0.178,0.123,25.4408,1850.78,52.735,214.25,163.95,610.3,2653,2017.5
27-01-2021,73.06,90.647,7853,3.5575,1.776,1.018,0.173,0.121,25.2381,1844.44,52.611,204.8,162.4,598.5,2576.1,1990.8
28-01-2021,72.93,90.455,7882.1,3.578,1.807,1.047,0.183,0.119,26.474,1842.66,52.079,205.2,161.35,600.6,2588,1982
29-01-2021,72.906,90.584,7836.9,3.556,1.831,1.065,0.173,0.113,26.9366,1847.74,52.169,205.9,162.25,596.4,2582,1978.8
01-02-2021,73.11,90.98,7804.1,3.546,1.857,1.084,0.175,0.113,28.9961,1860.77,53.517,205.7,161.3,593.9,2569.9,1966.8
02-02-2021,72.96,91.197,7760.9,3.5245,1.872,1.098,0.178,0.115,26.655,1838.03,55.028,205.65,161.05,590.85,2575.5,1972.8
03-02-2021,72.81,91.171,7844.8,3.5655,1.929,1.139,0.189,0.119,26.87,1834.07,55.918,209.15,161.35,597.4,2625.3,1975.3
04-02-2021,72.965,91.529,7823.1,3.553,1.941,1.143,0.186,0.115,26.333,1793.995,56.449,209.45,162.15,596.55,2630.5,1994.8
05-02-2021,72.81,91.042,7976.6,3.626,1.975,1.165,0.178,0.105,26.8965,1814.2,56.949,212.8,163.85,609.55,2684,2018.5
08-02-2021,72.9,90.934,8060,3.666,1.954,1.17,0.189,0.115,27.256,1830.765,58.075,210.85,164.75,620.15,2650.3,2029
09-02-2021,72.86,90.439,8160.4,3.72,1.949,1.162,0.189,0.117,27.251,1838.77,58.389,215,166.9,629.55,2700.5,2060
10-02-2021,72.79,90.371,8282.8,3.7725,1.91,1.126,0.182,0.109,27,1843.385,58.369,216.9,167.45,637.35,2724,2067
11-02-2021,72.7,90.417,8281.4,3.7715,1.952,1.165,0.188,0.109,26.963,1825.64,57.881,221.85,167.7,636.85,2794.5,2077
12-02-2021,72.58,90.48,8313.9,3.788,2.012,1.212,0.198,0.111,27.314,1824.4,59.609,224.3,168.2,641.15,2831.5,2089
15-02-2021,72.618,90.48,8399.4,3.788,2.032101,1.246706,0.208715,0.116999,27.314,1818.776,59.609,226.5,167.15,644.85,2840,2078.5
16-02-2021,72.92,90.509,8419.5,3.834,2.092,1.317,0.232,0.123,27.2078,1794.436,60.123,228.65,168.45,646.8,2835.8,2084.3
17-02-2021,72.815,90.951,8406.3,3.8205,2.039,1.272,0.206,0.107,27.36,1776.305,61.698,227.55,171.2,644.35,2805.3,2115.3
18-02-2021,72.59,90.592,8579,3.901,2.084,1.296,0.206,0.109,27.015,1775.865,60.254,234.1,172.7,657.4,2870.4,2136.8
19-02-2021,72.55,90.364,8949.9,4.074,2.136,1.34,0.212,0.109,27.2297,1784.185,58.93,234.35,170.05,692.25,2865,2134.8
22-02-2021,72.44,90.01,9115.4,4.141,2.176,1.367,0.228,0.113,28.1207,1809.9,62.171,230.8,173.55,698.7,2898.9,2172
23-02-2021,72.38,90.169,9205.6,4.1785,2.184,1.343,0.217,0.111,27.643,1805.88,61.183,226.5,171,705.85,2844.6,2151
24-02-2021,72.21,90.176,9464.3,4.2945,2.236,1.377,0.238,0.125,27.9146,1805.045,63.44,226.1,173.45,723.85,2865.1,2194.5
25-02-2021,72.741,90.134,9364.9,4.2635,2.278,1.525,0.358,0.178,27.3927,1770.55,63.452,225.7,175.85,720.35,2881.5,2234.5
26-02-2021,73.917,90.879,9016,4.0925,2.157,1.408,0.281,0.129,26.641,1734.375,61.53,219.55,173.5,702.95,2782.4,2157.5
01-03-2021,73.395,91.039,9042,4.113,2.194,1.42,0.252,0.121,26.55,1724.94,60.203,218.8,170,698.05,2792.4,2123.3
02-03-2021,73.25,90.785,9278.5,4.222,2.197,1.395,0.247,0.123,26.743,1738.348,59.444,223.7,176.85,716.75,2852,2224.9
03-03-2021,72.91,90.947,9111.8,4.142,2.278,1.482,0.293,0.143,26.0731,1710.915,61.034,217.3,176.3,702.3,2783.3,2201.5
04-03-2021,73.16,91.631,8768.5,3.9785,2.322,1.568,0.311,0.149,25.315,1697.635,63.997,214.9,171.8,672.85,2731,2139
05-03-2021,73.14,91.977,8974,4.0755,2.304,1.57,0.309,0.141,25.2375,1703.12,66.263,218.1,176.75,691.05,2768.3,2179.8
08-03-2021,73.32,92.313,9020.8,4.093,2.304,1.594,0.309,0.167,25.105,1683.494,64.653,219.35,174.6,696.05,2791.4,2172.6
09-03-2021,72.8,91.958,8828.9,4.0085,2.304,1.528,0.309,0.163,25.915,1715.895,63.79,215.65,172.4,675.25,2775.5,2167.4
10-03-2021,72.718,91.823,8882.6,4.0325,2.24,1.52,0.326,0.157,26.1984,1726.745,64.678,212.25,171.7,671.1,2764,2165.3
11-03-2021,72.694,91.42,9109.1,4.139,2.299,1.54,0.318,0.145,26.1121,1722.625,65.892,217.8,172.9,684.1,2831.8,2183.3
12-03-2021,72.68,91.679,9119.3,4.14,2.379,1.625,0.339,0.149,25.9025,1726.965,65.571,215.1,170.75,679.5,2808.1,2174.4
15-03-2021,72.53,91.833,9136.4,4.1405,2.3628,1.6073,0.3339,0.155,26.217,1731.756,65.21,220.55,174.35,678.65,2858,2219.8
16-03-2021,72.51,91.865,8951.9,4.0715,2.3824,1.6197,0.334,0.153,25.9306,1731.69,64.81,216.8,174.1,669.3,2803,2199.4
17-03-2021,72.4,91.442,9071.6,4.119,2.4252,1.6444,0.2999,0.141,26.2616,1745.355,64.4,219.35,176.05,676.1,2825.6,2222.6
18-03-2021,72.67,91.862,9050.8,4.108,2.4612,1.7082,0.3289,0.1551,26.057,1736.434,59.535,216.45,175.45,675.05,2791.8,2213.4
19-03-2021,72.402,91.919,9062.8,4.113,2.4293,1.7246,0.3264,0.1553,26.2345,1745.054,61.423,219.5,177.6,675.2,2847.5,2268.4
22-03-2021,72.37,91.742,9125.8,4.1395,2.3936,1.6946,0.3186,0.1513,25.75,1738.92,61.258,221.45,177.15,677.65,2876.9,2273.1
23-03-2021,72.51,92.336,8942.8,4.0795,2.3334,1.6241,0.3054,0.1493,25.059,1727.006,57.388,217.75,173.3,665.6,2823.1,2216.1
24-03-2021,72.58,92.528,8893.5,4.064,2.3118,1.6119,0.3002,0.1485,25.059,1734.24,60.823,215.9,175.3,663.1,2794.5,2251.4
25-03-2021,72.66,92.809,8788.8,3.978,2.36,1.6367,0.2923,0.1407,25.056,1726.655,58.455,217,177.25,662.2,2783,2255.6
26-03-2021,72.648,92.766,8950.6,4.068,2.3742,1.6778,0.303,0.1446,25.0455,1732.77,60.799,220.2,179.1,673.7,2831.8,2283.6
29-03-2021,72.748,92.944,8891.5,4.0345,2.4089,1.7098,0.319,0.1361,24.637,1711.976,61.587,220.35,177.95,669.25,2828.8,2270.1
30-03-2021,73.44,93.297,8770.8,3.9785,2.3703,1.71,0.3244,0.1446,24.001,1684.81,60.374,219,176.25,665.5,2795.8,2229.9
31-03-2021,73.137,93.232,8799.8,3.9955,2.4106,1.7422,0.3405,0.1642,24.397,1707.475,59.43,220,176.65,667.95,2805.3,2215.4
01-04-2021,73.328,92.929,8792.8,3.9905,2.3322,1.6717,0.3381,0.1585,24.9215,1729.88,61.245,218.3,178.15,669.4,2769.3,2228.1
02-04-2021,73.37,92.929,8792.8,3.9905,2.3322,1.6717,0.3381,0.1585,24.9215,1729.88,61.245,218.3,178.15,669.4,2769.3,2228.1
05-04-2021,73.32,93.022,8792.8,4.1375,2.3439,1.702,0.3435,0.1684,24.8702,1728.3,58.778,219.65,178.8,690.1,2769.3,2228.1
06-04-2021,73.486,92.335,9063.6,4.1165,2.3369,1.6578,0.3249,0.1625,25.1336,1743.52,59.22,223.65,180.95,688.7,2834.3,2266.6
07-04-2021,74.352,92.455,8928.5,4.0545,2.3674,1.6739,0.333,0.1547,25.114,1737.765,59.475,226.45,182.75,689.35,2827.5,2258.4
08-04-2021,74.561,92.059,9021.5,4.0945,2.2999,1.6227,0.3223,0.1488,25.4188,1755.61,59.762,230.1,185.7,695.6,2858.8,2284.6
09-04-2021,74.719,92.163,8909.1,4.04,2.3348,1.662,0.3333,0.1588,25.267,1743.775,59.359,227.7,182.25,689.85,2835,2256.9
12-04-2021,74.98,92.138,8866,4.0185,2.3348,1.6657,0.3468,0.1688,24.7807,1732.91,59.63,221.15,183.05,686.8,2753.8,2262.1
13-04-2021,75.26,91.852,8897,4.0315,2.2962,1.6163,0.3488,0.1609,25.327,1745.45,60.443,224.25,186.25,692.15,2786.8,2297.4
14-04-2021,75.05,91.69,9097.4,4.1285,2.3178,1.6323,0.3593,0.167,25.3718,1736.45,62.823,227.75,188.2,706.35,2829,2326.6
15-04-2021,74.81,91.668,9298.1,4.2185,2.2755,1.5759,0.3409,0.161,25.843,1763.8,63.3,229.7,188.75,719.15,2864.5,2342.6
16-04-2021,74.479,91.556,9179.8,4.168,2.2672,1.5816,0.3434,0.1632,25.94,1776.68,63.072,228.1,187.15,709.3,2851.8,2317.9
19-04-2021,74.85,91.069,9351,4.238,2.2971,1.6047,0.3382,0.1612,25.8088,1771.546,63.479,229.35,188.45,722.45,2852.8,2332.1
20-04-2021,75.44,91.241,9295.5,4.213,2.2527,1.5607,0.3171,0.1492,25.807,1778.82,62.389,228.15,187.45,722.6,2806.8,2310.6
21-04-2021,75.421,91.155,9442.3,4.279,2.255,1.5573,0.317,0.1532,26.536,1793.69,61.113,227.45,191.1,728.85,2810.5,2362.1
22-04-2021,75.11,91.333,9418.9,4.273,2.221,1.5398,0.3091,0.1553,26.115,1784.22,61.639,228.75,190.3,724.3,2797.9,2358.4
23-04-2021,74.92,90.859,9552.5,4.336,2.24,1.5613,0.3327,0.1595,25.9935,1777.35,62.109,233,191.95,735.15,2852.8,2368.6
26-04-2021,74.69,90.807,9777.5,4.441,2.2453,1.5684,0.3432,0.1677,26.1867,1781.376,61.945,235.65,194.8,755.55,2925.3,2398.6
27-04-2021,74.58,90.909,9868,4.488,2.2942,1.6216,0.3564,0.1837,26.2491,1776.66,63.071,234.9,194.25,762.9,2926.5,2398.1
28-04-2021,74.489,90.609,9895.8,4.498,2.295,1.6111,0.3325,0.1681,26.209,1781.69,63.675,234.65,194.7,761.6,2933,2399.9
29-04-2021,74.073,90.614,9868.5,4.4865,2.302,1.6379,0.3352,0.1641,26.0905,1772,64.846,231.5,193.35,756.95,2912.1,2416.1
30-04-2021,74.05,91.28,9828.5,4.468,2.3013,1.6259,0.3351,0.1643,25.894,1771.945,63.459,232.45,193.7,754.1,2918.5,2415.6
03-05-2021,73.9,90.945,9828.5,4.5285,2.2906,1.6011,0.3244,0.1644,26.873,1793.725,64.482,234.15,194.25,764.45,2918.5,2415.6
04-05-2021,73.76,91.288,9939.5,4.5215,2.2607,1.5924,0.319,0.1345,26.461,1778.85,66.285,234.85,195.1,762.65,2952,2428.1
05-05-2021,73.81,91.308,9941.4,4.524,2.2478,1.5695,0.3083,0.1566,26.4424,1786.935,65.282,232.45,196.4,761.1,2928.3,2444.4
06-05-2021,73.59,90.951,10109.4,4.6025,2.244,1.5696,0.3162,0.1546,27.2997,1815.08,64.845,232.5,199.8,770.65,2945.8,2504.4
07-05-2021,73.3,90.233,10435.1,4.7485,2.2869,1.5771,0.2946,0.1226,27.4331,1831.355,64.833,237.25,200.75,787.25,3026,2535.4
10-05-2021,73.43,90.212,10371.4,4.716,2.324,1.602,0.2946,0.1548,27.254,1835.69,64.852,235,200.8,787.25,2987,2526.9
11-05-2021,73.37,90.141,10476.4,4.762,2.3513,1.6217,0.3052,0.1628,27.608,1837.485,65.457,236.35,201,797.5,3006,2525.6
12-05-2021,73.53,90.713,10421.9,4.736,2.4137,1.6952,0.3603,0.1668,27.0098,1815.55,65.749,233.9,198.65,790.65,2965.8,2489.4
13-05-2021,73.46,90.752,10328.9,4.6905,2.386,1.6591,0.3366,0.1549,27.078,1826.525,63.78,229.65,195.9,779.6,2918,2454.6
14-05-2021,73.231,90.321,10250.1,4.6545,2.3408,1.6284,0.3261,0.147,27.4063,1843.165,65.462,231.15,194.15,773.8,2945.3,2449.4
17-05-2021,73.296,90.164,10376,4.7115,2.3626,1.6505,0.3367,0.1551,28.179,1866.955,66.288,238.2,198,783.65,3027.8,2509
18-05-2021,73.05,89.75,10404.1,4.7255,2.3619,1.6386,0.3315,0.1491,28.1766,1869.5,65.267,238.4,194.7,783.85,3056,2467.5
19-05-2021,73.2,90.191,10073.5,4.5765,2.3721,1.6727,0.3527,0.1612,27.7217,1869.515,63.363,231.5,191.75,760.5,2959.3,2424.9
20-05-2021,73.01,89.808,10058.1,4.568,2.3343,1.6267,0.3237,0.1451,27.741,1877.04,61.922,230.9,187.65,752.15,2963.8,2396.9
21-05-2021,72.817,90.017,9873.3,4.481,2.3205,1.6199,0.3319,0.1553,27.529,1881.245,63.848,231.15,188.15,740.55,2964.5,2373.6
24-05-2021,72.83,89.844,9966.4,4.5255,2.302,1.605,0.324,0.151,27.729,1880.68,66.012,229.25,188.05,745.5,2949.6,2392
25-05-2021,72.778,89.639,9928,4.5065,2.251,1.56,0.303,0.145,27.9529,1899.17,65.99,233.55,188.55,745.25,2985.8,2376.8
26-05-2021,72.64,90.042,9978.8,4.5295,2.253,1.56,0.303,0.145,27.663,1896.68,66.147,232.45,190.5,746.15,2974.3,2405.8
27-05-2021,72.7,89.971,10271.3,4.663,2.28,1.611,0.306,0.145,27.859,1896.672,66.913,238.55,196.05,769.95,3058.8,2481.9
28-05-2021,72.4,90.031,10297.8,4.6775,2.28,1.602811,0.293,0.143,27.908,1903.456,66.599,237.85,196.4,766.5,3070.5,2501.6
31-05-2021,72.511,90.031,10297.8,4.6775,2.277438,1.602811,0.293,0.148513,27.908,1906.676,66.599,237.35,196.65,768.85,3070.5,2501.6
01-06-2021,72.85,89.831,10249.9,4.6535,2.289,1.608,0.303,0.147,27.863,1900.24,67.979,239.2,196.05,767.05,3063.5,2485.5
02-06-2021,72.95,89.909,10111.8,4.5915,2.275,1.589,0.303,0.149,28.139,1908.35,68.753,241.7,192.75,759.15,3070.8,2441.5
03-06-2021,73.006,90.512,9835.3,4.463,2.299,1.628,0.325,0.16,27.421,1870.545,68.883,235.7,189.35,734.15,2984.1,2405.6
04-06-2021,72.869,90.136,9972.3,4.529,2.235,1.557,0.303,0.149,27.792,1891.395,69.38,236.65,192.85,743,3004.8,2453.4
07-06-2021,72.786,89.95,9970.3,4.5265,2.251,1.572,0.312,0.157,27.8586,1899.14,69.24,237.3,190.05,740.6,3022.4,2433.6
08-06-2021,72.93,90.076,10036.5,4.556,2.219,1.536,0.301,0.155,27.603,1892.94,70.012,237.75,191.8,746.1,3023.3,2453.5
09-06-2021,72.98,90.12,9979.1,4.531,2.171,1.492,0.315,0.157,27.749,1888.685,69.735,238.05,192,744.05,3014.4,2453.5
10-06-2021,73.1,90.075,9880.8,4.485,2.13,1.435,0.294,0.147,27.977,1898.445,70.083,237.6,195.25,738.1,2999.6,2475.1
11-06-2021,73.237,90.555,9994.9,4.5375,2.14,1.454,0.31,0.149,27.889,1877.82,70.787,242.05,195,748.65,3044.9,2465.8
14-06-2021,73.18,90.522,9968.8,4.527,2.184,1.496,0.334,0.161,27.833,1866.14,71.165,242.7,196.75,745.85,3060.4,2493.1
15-06-2021,73.35,90.536,9549.1,4.333,2.188,1.494,0.337,0.163,27.637,1858.82,72.44,240.45,193.9,716.75,3016.9,2456.1
16-06-2021,73.27,91.129,9656.6,4.385,2.209,1.579,0.416,0.207,26.908,1812.055,71.65,240.85,194.75,722.1,3027.4,2469.6
17-06-2021,74.149,91.889,9206.6,4.178,2.097,1.507,0.434,0.213,25.878,1773.37,71.047,233.55,188.75,697.35,2885.1,2382.6
18-06-2021,74.139,92.225,9158.3,4.157,2.017,1.44,0.472,0.252,25.779,1764.235,71.41,230.3,190.15,693.1,2835.6,2389.6
21-06-2021,74.13,91.899,9190.8,4.184,2.113,1.492,0.472,0.256,25.925,1782.995,73.025,232.2,191.4,698.5,2842.4,2405.6
22-06-2021,74.33,91.756,9268.8,4.23,2.089,1.465,0.438,0.232,25.73,1778.865,73.061,232.15,190.5,711.4,2856.3,2422.6
23-06-2021,74.14,91.802,9493,4.3305,2.11,1.489,0.462,0.264,25.848,1779.05,73.24,236.6,189.85,720.6,2893.4,2435.1
24-06-2021,74.144,91.814,9448.3,4.311,2.101,1.495,0.473,0.27,25.9082,1774.98,73.29,235.85,193.15,725.85,2913.8,2440.4
25-06-2021,74.145,91.851,9423.1,4.292,2.151,1.526,0.476,0.268,26.077,1781.646,73.974,234.45,195.5,721.65,2906.3,2494.1
28-06-2021,74.27,91.887,9393.1,4.278,2.096,1.48,0.463,0.254,26.058,1778.26,72.752,234.8,194.4,720.05,2909.6,2506.4
29-06-2021,74.29,92.049,9348.5,4.2645,2.086,1.471,0.46,0.252,25.745,1761.086,73.447,237.35,197.8,716.75,2951.8,2534.8
30-06-2021,74.36,92.436,9408,4.289,2.088,1.471,0.463,0.253,26.117,1770.45,73.495,240.2,198.75,721.5,2973.8,2517.3
01-07-2021,74.56,92.597,9281,4.236,2.063,1.459,0.466,0.255,25.9997,1776.655,75.01,237.8,198.15,714.75,2927.4,2504.6
02-07-2021,74.512,92.226,9363.6,4.276,2.044,1.431,0.443,0.238,26.459,1787.45,75.099,237.95,200.5,722.15,2935.4,2560.4
05-07-2021,74.294,92.226,9493.6,4.276,2.055853,1.437329,0.437243,0.227686,26.459,1791.97,75.099,238.25,200.8,731,2943.1,2552.8
06-07-2021,74.74,92.546,9294,4.251,1.976,1.35,0.405,0.222,26.14,1797.21,73.75,238.05,199.7,720.15,2923.6,2505.4
07-07-2021,74.805,92.644,9457,4.3225,1.94,1.32,0.4,0.218,26.139,1803.716,72.175,240.2,198.1,731.45,2956.9,2488.4
08-07-2021,74.73,92.417,9341.4,4.2645,1.929,1.294,0.365,0.196,25.9066,1802.495,73.244,239.8,196.15,720.6,2940.9,2452.9
09-07-2021,74.49,92.13,9510.8,4.3455,1.99,1.363,0.395,0.215,26.099,1808.465,74.67,242.4,198,731.75,2977.8,2500.3
12-07-2021,74.53,92.261,9443.3,4.316,1.999,1.366,0.406,0.229,26.2008,1806.145,74.163,240.75,198.45,728.8,2945.4,2494.8
13-07-2021,74.57,92.752,9425.6,4.307,2.048,1.42,0.47,0.255,25.964,1807.686,75.177,240.05,199.65,725.8,2937.9,2538
14-07-2021,74.46,92.41,9337.8,4.2675,1.972,1.349,0.433,0.227,26.23,1827.385,72.905,239.2,198.95,721.3,2922.4,2522.4
15-07-2021,74.54,92.624,9458.3,4.323,1.923,1.301,0.435,0.227,26.32,1829.53,71.454,241.8,198.85,728.25,2966.6,2516
16-07-2021,74.608,92.687,9455.1,4.323,1.924,1.294,0.43,0.228,25.655,1812.255,71.428,243.85,197.7,730.9,3000.1,2490.5
19-07-2021,74.851,92.891,9205.6,4.2015,1.824,1.192,0.388,0.218,25.166,1812.845,66.57,242.4,193.55,715.45,2958.9,2422.1
20-07-2021,74.53,92.973,9332.9,4.263,1.88,1.223,0.367,0.204,24.92,1810.345,66.394,242.75,194.55,721.75,2961.6,2446.9
21-07-2021,74.486,92.754,9344.4,4.272,1.941,1.29,0.388,0.21,25.256,1803.505,70.233,241.75,195.25,724.6,2935.1,2459.4
22-07-2021,74.45,92.822,9471.9,4.3375,1.918,1.282,0.378,0.202,25.4,1806.66,71.73,242.75,196.15,735.85,2931.6,2485.1
23-07-2021,74.425,92.912,9561.4,4.4,1.919,1.278,0.375,0.2,25.161,1801.975,72.059,247.75,198.4,760.65,2972.9,2503.1
26-07-2021,74.33,92.649,9832.6,4.585,1.944,1.295,0.38,0.198,25.186,1797.575,72.183,246.8,200,762.95,3005.1,2505.6
27-07-2021,74.498,92.432,9774.9,4.5445,1.896,1.244,0.364,0.207,24.669,1798.995,71.876,244.95,199.9,758.55,2965.4,2486.4
28-07-2021,74.5,92.322,9690.9,4.482,1.884,1.236,0.364,0.205,24.958,1806.895,72.379,244.95,202.15,751,2967.6,2524.6
29-07-2021,74.246,91.864,9821.4,4.5235,1.922,1.271,0.375,0.203,25.5,1827.975,73.389,247.05,206.3,757.55,3004.1,2593.9
30-07-2021,74.337,92.174,9723.5,4.4825,1.897,1.226,0.343,0.188,25.454,1814.18,73.659,248.15,206.75,751.7,3025.3,2594.8
02-08-2021,74.354,92.048,9657.3,4.433,1.85,1.177,0.322,0.176,25.3822,1813.494,71.57,247.95,207.95,741.75,3028.8,2618.6
03-08-2021,74.249,92.081,9562.9,4.386,1.842,1.176,0.319,0.172,25.484,1810.45,70.195,245.15,206.55,736.65,2972.6,2590.3
04-08-2021,74.149,92.27,9461.4,4.3325,1.84,1.185,0.343,0.182,25.36,1811.86,68.009,244.5,204.3,729.35,2969.3,2566.8
05-08-2021,74.098,92.244,9480.8,4.348,1.863,1.227,0.378,0.202,25.13,1804.156,69.089,248.35,205.8,731.45,3018.1,2588
06-08-2021,74.24,92.8,9477.1,4.348,1.953,1.3,0.413,0.212,24.31,1763.085,67.974,247.05,205.85,732.5,2985.6,2582.4
09-08-2021,74.475,92.945,9371.1,4.2895,1.972,1.327,0.426,0.222,23.4358,1729.675,66.833,244.95,205,725.8,2953.6,2550.5
10-08-2021,74.43,93.055,9519.9,4.354,2.001,1.352,0.453,0.238,23.321,1729.125,68.47,248.55,207.15,734.2,2998.9,2582.9
11-08-2021,74.14,92.922,9524.5,4.3675,2.001,1.334,0.446,0.221,23.5336,1751.55,69.32,251.55,207.9,735.3,3044.8,2588.5
12-08-2021,74.293,93.035,9480.5,4.36,2.001,1.361,0.459,0.227,23.158,1752.61,68.895,248.55,206.95,730.25,2996.9,2576.5
13-08-2021,74.239,92.518,9552.3,4.3915,1.932,1.282,0.43,0.209,23.711,1779.9,67.934,250.1,208.15,733.35,3026.5,2609
16-08-2021,74.16,92.628,9448.1,4.327,1.929,1.27,0.425,0.213,23.8388,1787.2,67.405,250.2,208.15,726.35,3030.9,2605.5
17-08-2021,74.37,93.13,9231.5,4.206,1.923,1.267,0.428,0.217,23.6625,1786.07,66.55,248.6,207.45,709.7,3005.4,2583.3
18-08-2021,74.27,93.136,9055.5,4.12,1.899,1.262,0.428,0.217,23.5036,1787.326,64.58,247.15,207.2,694.25,2989.4,2563.8
19-08-2021,74.37,93.568,8892.9,4.041,1.874,1.243,0.436,0.222,23.2018,1779.936,63.615,244.85,204.75,684.4,2946.3,2543.8
20-08-2021,74.347,93.496,9067.6,4.137,1.871,1.258,0.446,0.226,23.013,1781.24,61.921,246.2,205.8,699.95,2933.5,2556.5
23-08-2021,74.12,92.958,9263,4.237,1.872,1.255,0.436,0.228,23.592,1805.445,65.47,247.15,207.75,709.6,2936.5,2596.8
24-08-2021,74.135,92.893,9352.1,4.258,1.918,1.297,0.447,0.224,23.823,1803.075,67.615,249.65,209.7,712.95,3006.1,2609.1
25-08-2021,74.11,92.825,9365.6,4.2675,1.952,1.344,0.452,0.241,23.8332,1790.57,67.97,246.75,208.4,716.55,3017.5,2618.5
26-08-2021,74.14,93.062,9308.9,4.2475,1.949,1.353,0.46,0.243,23.549,1791.99,67.75,246.7,209,714.1,2991.3,2623
27-08-2021,73.47,92.686,9440.1,4.3185,1.918,1.31,0.42,0.217,23.989,1817.425,68.648,245.2,210.15,719,2997.5,2650.4
30-08-2021,73.292,92.653,9440.1,4.3755,1.899,1.282,0.396,0.203,23.9948,1810.36,69.11,246.3,211.9,723.35,2997.5,2650.4
31-08-2021,72.947,92.626,9525,4.375,1.935,1.312,0.407,0.211,23.8648,1813.795,68.535,244.8,212.85,720.95,2999.1,2714.9
01-09-2021,72.994,92.449,9338.6,4.278,1.915,1.299,0.407,0.211,24.1068,1814.145,68.24,243.1,211.5,708.25,2979.9,2687.8
02-09-2021,72.996,92.225,9395,4.304,1.898,1.285,0.402,0.21,23.8871,1809.565,69.762,243.95,212.4,712.05,2985.1,2693.4
03-09-2021,72.982,92.035,9451.4,4.334,1.945,1.326,0.407,0.208,24.69,1827.8,69.204,245.15,214.6,716.35,3001.6,2728.8
06-09-2021,73.073,92.035,9450.6,4.334,1.950876,1.326,0.407131,0.204087,24.69,1823.34,69.204,246.3,218.05,716.2,3012.8,2772.4
07-09-2021,73.44,92.512,9347,4.2815,1.989,1.377,0.429,0.222,24.2952,1794.32,68.32,248.95,218.05,711.3,3042.1,2758.6
08-09-2021,73.841,92.653,9265.8,4.233,1.957,1.341,0.446,0.218,23.946,1789.245,69.375,251.25,221.7,710.8,3054.3,2795.1
09-09-2021,73.56,92.479,9387.8,4.2855,1.9,1.302,0.438,0.214,24.033,1794.42,67.956,252.2,224.2,717.2,3074.5,2836.3
10-09-2021,73.514,92.582,9712.6,4.452,1.935,1.344,0.446,0.215,23.737,1787.55,69.579,255.1,230.95,741.15,3115.1,2924
13-09-2021,73.55,92.675,9545.1,4.367,1.906,1.328,0.443,0.213,23.731,1793.475,70.61,253.05,229.1,729,3073.6,2893.5
14-09-2021,73.64,92.623,9444.6,4.321,1.861,1.284,0.435,0.209,23.84,1804.63,70.759,251.4,225.45,722.4,3047.6,2831.1
15-09-2021,73.465,92.548,9614.6,4.4065,1.862,1.304,0.438,0.213,23.829,1793.705,72.62,254.3,229.05,735.05,3076.4,2897.8
16-09-2021,73.556,92.932,9356,4.2815,1.886,1.339,0.457,0.221,22.896,1753.5,72.43,254.45,228.3,721.85,3083.5,2884.9
17-09-2021,73.64,93.195,9277.9,4.246,1.901,1.365,0.47,0.226,22.3598,1754.95,71.894,256.25,227.35,721.15,3075.6,2884.5
20-09-2021,73.64,93.276,9013.1,4.1145,1.85,1.312,0.459,0.216,22.224,1764.244,70.54,253.55,226.7,704.65,3012.6,2861.3
21-09-2021,73.707,93.204,9045.8,4.126,1.857,1.324,0.457,0.218,22.4498,1774.365,70.825,256.35,228.55,695.95,3005.6,2851.5
22-09-2021,73.8,93.462,9323.3,4.252,1.811,1.304,0.489,0.24,22.663,1768.13,71.94,258.15,232.45,714.7,3028.1,2938.5
23-09-2021,73.8,93.033,9281.8,4.231,1.943,1.432,0.537,0.261,22.4878,1742.31,73.23,266.3,235.75,712.65,3095.1,2951
24-09-2021,73.814,93.327,9376.1,4.2855,1.985,1.454,0.542,0.274,22.39,1750.465,73.961,261.5,232.25,718.2,3114.5,2921.5
27-09-2021,73.858,93.383,9364.6,4.2895,1.997,1.491,0.556,0.28,22.597,1750.255,75.398,260.05,230.75,719.75,3091.8,2892.9
28-09-2021,74.207,93.766,9256.1,4.2465,2.09,1.541,0.553,0.305,22.437,1734.075,74.41,259.8,234.45,717.55,3065.4,2928.1
29-09-2021,74.308,94.338,9177.9,4.199,2.065,1.52,0.527,0.293,21.5147,1726.605,74.675,256.75,232.25,710.7,3055.1,2912.5
30-09-2021,74.17,94.23,8939.6,4.089,2.047,1.489,0.511,0.281,22.1667,1757.04,75.048,252.1,228.15,697.8,3019.1,2854.1
01-10-2021,74.13,94.035,9135.4,4.1885,2.031,1.465,0.485,0.266,22.506,1760.92,75.721,253.1,228.05,708.35,3006.4,2857.6
04-10-2021,74.568,93.776,9256.6,4.2385,2.048,1.482,0.501,0.28,22.671,1769.47,77.594,256.85,233.15,719.2,3031.9,2911.9
05-10-2021,74.54,93.975,9149.6,4.1925,2.099,1.529,0.522,0.286,22.608,1759.956,79.04,258.15,233.5,713.45,3048.1,2918.4
06-10-2021,74.758,94.266,9063.1,4.1475,2.08,1.524,0.536,0.298,22.597,1762.825,76.905,256.3,233.15,710.2,3014.1,2896.4
07-10-2021,74.805,94.217,9272.1,4.2435,2.128,1.575,0.56,0.307,22.5807,1755.18,78.827,260.15,237.1,724.75,3054.9,2947.6
08-10-2021,75.117,94.067,9347.1,4.2755,2.168,1.615,0.58,0.32,22.656,1757.17,79.499,268.9,238.15,728.85,3158.1,2961.1
11-10-2021,75.393,94.316,9529.4,4.3665,2.173537,1.632881,0.623308,0.353712,22.548,1754.306,80.5,269.2,242.85,740.75,3219.8,3050.9
12-10-2021,75.483,94.516,9435.5,4.3255,2.095,1.579,0.605,0.342,22.538,1760.125,80.572,268.65,244.9,734.95,3242.6,3058.1
13-10-2021,75.281,94.08,9757.1,4.516,2.031,1.539,0.651,0.36,23.0748,1793.05,80.535,282.35,245.95,759.05,3417.3,3068.1
14-10-2021,74.97,93.956,10012.6,4.6315,2.017,1.514,0.636,0.364,23.502,1795.975,81.457,294.4,250.2,776.65,3521.4,3122.5
15-10-2021,75.028,93.937,10226.9,4.7295,2.046,1.574,0.696,0.395,23.261,1767.475,82.468,322.5,254.25,795.35,3801.5,3170.3
18-10-2021,75.19,93.953,10218.3,4.7255,2.036,1.602,0.739,0.421,23.18,1764.87,82.272,308.4,255.35,795.85,3705.4,3185.5
19-10-2021,75.105,93.734,10134.6,4.703,2.088,1.641,0.718,0.399,23.637,1769.55,83.036,296.6,249,792.15,3530.8,3118.5
20-10-2021,74.785,93.558,10200.5,4.7345,2.136,1.659,0.718,0.387,24.2868,1781.93,83.5,302.05,247.55,793.15,3642.9,3084.5
21-10-2021,74.864,93.77,9823.5,4.5585,2.15,1.704,0.798,0.453,24.1277,1782.974,82.58,285.65,232.85,765.2,3426.8,2915.8
22-10-2021,74.979,93.642,9745.4,4.498,2.07,1.636,0.774,0.459,24.3,1792.525,84.151,284.25,230.7,759.9,3435.8,2886.8
25-10-2021,75.087,93.813,9838.4,4.528,2.083,1.633,0.748,0.435,24.546,1807.77,83.73,285.2,234.2,768.5,3434.1,2885.8
26-10-2021,74.898,93.949,9763.1,4.486,2.042,1.61,0.756,0.448,24.1425,1792.815,84.35,282.9,229.5,762.55,3391.1,2831
27-10-2021,75.01,93.802,9561.1,4.3895,1.953,1.543,0.775,0.503,24.0498,1796.965,82.13,280.15,215.45,747.25,3333.6,2664
28-10-2021,74.79,93.345,9648.6,4.4385,1.983,1.582,0.764,0.489,24.0658,1798.815,83.068,283.4,221.75,751.75,3358.1,2760.5
29-10-2021,74.915,94.123,9520.9,4.368,1.936,1.557,0.756,0.499,23.863,1783.35,83.284,287.05,221.3,745.1,3392.4,2746.3
01-11-2021,74.845,93.879,9522.1,4.3935,1.96,1.561,0.764,0.501,24.0507,1793.235,83.8,285.55,220.1,746.05,3368.5,2716.5
02-11-2021,74.639,94.09,9518.6,4.366,1.96,1.551,0.719,0.448,23.503,1788,83.02,283.45,216.55,741.3,3335.1,2680.5
03-11-2021,74.43,93.864,9383.6,4.321,2.023,1.607,0.754,0.476,23.4975,1769.69,80.14,278.8,213.8,728.55,3294.5,2653
04-11-2021,74.464,94.347,9420.4,4.3205,1.965,1.531,0.692,0.426,23.7683,1791.78,79.32,276.25,209.45,737.75,3240.3,2560.5
05-11-2021,74.174,94.32,9487.1,4.343,1.889,1.455,0.66,0.405,24.149,1818.17,81.337,273.1,204.6,731.9,3225.8,2548.8
08-11-2021,73.899,94.049,9629.6,4.399,1.882,1.493,0.717,0.447,24.4207,1824.22,82.194,278,207.55,739.4,3274.9,2606.6
09-11-2021,74.17,93.955,9573,4.373,1.819,1.439,0.729,0.423,24.2808,1831.91,84.5,277.55,205.4,735.5,3278,2568.5
10-11-2021,74.393,94.85,9474.8,4.323,1.906,1.553,0.85,0.519,24.6108,1849.27,81.283,277.25,206,728.8,3272.1,2571.9
11-11-2021,74.3,95.178,9622.6,4.3995,1.923844,1.595568,0.887528,0.542938,25.2248,1861.95,81.184,277.75,211.8,737.65,3270.1,2657.9
12-11-2021,74.319,95.128,9734.5,4.4495,1.936,1.566,0.848,0.517,25.304,1864.9,80.817,277.2,214.1,744.95,3268.1,2696.3
15-11-2021,74.381,95.407,9647.6,4.4,1.997,1.616,0.869,0.52,25.059,1862.744,80.91,271.75,210.05,739,3211,2644
16-11-2021,74.452,95.915,9558.4,4.3515,2.031,1.637,0.874,0.522,24.8208,1850.73,80.625,272.15,204.75,733.15,3224.8,2570.4
17-11-2021,74.248,95.828,9389.1,4.266,1.979,1.591,0.845,0.498,25.0658,1867.41,78.21,264.15,207.25,718.65,3184.1,2618.8
18-11-2021,74.16,95.544,9454.1,4.3045,1.97,1.589,0.845,0.504,24.79,1858.845,78.84,265.1,207.25,722.65,3172.6,2625.1
19-11-2021,74.333,96.031,9664.6,4.4075,1.915,1.551,0.864,0.513,24.604,1845.885,75.635,266.3,212.05,734.45,3232.6,2681.3
22-11-2021,74.423,96.548,9693.4,4.3965,1.964,1.629,0.942,0.592,24.1628,1804.8,76.463,276.45,212.35,734.95,3353.6,2687.8
23-11-2021,74.435,96.491,9724.4,4.4235,2.026,1.669,0.948,0.614,23.6408,1789.076,78.489,273.2,211.25,736.25,3289.4,2674.6
24-11-2021,74.585,96.875,9832.4,4.459,1.961,1.638,0.967,0.644,23.5248,1788.575,78.308,275.8,216.15,748.55,3310.6,2702.6
25-11-2021,74.478,96.875,9769.4,4.459,1.96149,1.635835,0.969351,0.649645,23.5248,1788.54,78.308,276.5,217.2,745.6,3309.1,2719.9
26-11-2021,75,96.043,9483.9,4.2835,1.827,1.482,0.812,0.508,23.11,1793.035,68.16,268.85,208.65,727.65,3195.1,2596.1
29-11-2021,75.033,96.341,9572.4,4.341,1.857,1.5,0.782,0.496,22.8828,1784.84,70.036,272.75,212.3,734.8,3202.6,2638.4
30-11-2021,75.09,95.994,9442.6,4.28,1.794,1.449,0.844,0.567,22.8017,1774.68,66.945,270.5,211.2,725.3,3192.9,2627.9
01-12-2021,75.009,96.028,9375.4,4.2475,1.741,1.407,0.822,0.551,22.3,1781.96,65.675,268.65,212.5,719.25,3169.6,2648.3
02-12-2021,74.962,96.156,9477.1,4.299,1.764,1.448,0.898,0.615,22.3628,1768.245,67.36,268.1,209.85,725.45,3171.4,2606.8
03-12-2021,75.237,96.117,9407.1,4.267,1.677,1.346,0.855,0.593,22.52,1783.795,66.387,268.9,211.45,723,3165.1,2614.1
06-12-2021,75.394,96.328,9556.4,4.3375,1.772,1.436,0.909,0.631,22.37,1778.59,69.993,269.15,210.4,734.1,3164.6,2597.6
07-12-2021,75.416,96.369,9556.6,4.3395,1.806,1.477,0.964,0.693,22.4868,1784.06,71.71,272.3,212.4,735.3,3231.9,2626.6
08-12-2021,75.355,95.894,9664.1,4.3935,1.894,1.525,1.008,0.685,22.41,1782.765,72.631,277.75,213.2,741.6,3322.1,2634.3
09-12-2021,75.555,96.271,9546.1,4.333,1.878,1.502,1.019,0.692,21.9368,1775.31,70.588,277.2,214.45,734.7,3323.1,2629.6
10-12-2021,75.692,96.097,9456.6,4.2865,1.882,1.487,0.987,0.654,22.149,1782.87,71.935,277.25,213.2,730.6,3313.1,2608.5
13-12-2021,75.778,96.317,9448.4,4.284,1.802,1.419,0.952,0.632,22.3168,1786.705,71.155,278.75,216.55,731.75,3327.6,2658.5
14-12-2021,75.985,96.571,9394.9,4.2575,1.829,1.446,0.976,0.657,21.9238,1770.526,70.26,276,215.6,730.5,3287.4,2623.4
15-12-2021,76.34,96.511,9255.6,4.1825,1.863,1.462,0.979,0.665,22.0458,1777.22,71.435,277.3,215.4,730.4,3291.1,2598.3
16-12-2021,76.217,96.042,9495.1,4.3045,1.855,1.412,0.902,0.617,22.4718,1799.226,71.957,288.6,219.8,741.9,3457.9,2677.3
17-12-2021,75.976,96.565,9456.4,4.295,1.809,1.405,0.923,0.64,22.333,1798.16,70.345,282.4,220.55,740.65,3376.9,2737
20-12-2021,75.819,96.551,9449.4,4.2935,1.854,1.426,0.912,0.636,22.2558,1790.62,69.204,279.15,216.15,738.35,3343.4,2666.1
21-12-2021,75.648,96.491,9552.6,4.346,1.866,1.465,0.947,0.669,22.4988,1788.955,71.262,286,222.5,746.4,3434.1,2768
22-12-2021,75.47,96.076,9642.1,4.3915,1.852,1.455,0.949,0.667,22.7918,1803.59,73.002,290.5,225,749.7,3543.6,2823.3
23-12-2021,75.091,96.019,9638.6,4.3925,1.905,1.494,0.973,0.692,22.8568,1808.47,73.715,288.15,225.95,749.55,3521.5,2847.3
24-12-2021,75.03,96.019,9588.9,4.3925,1.907318,1.492678,0.973197,0.68814,22.8568,1808.47,73.715,287.95,226.9,757.8,3517.9,2822.3
27-12-2021,74.96,96.093,9588.9,4.472,1.887,1.479,0.979,0.705,23.0458,1812.075,75.921,291.1,228.2,754.05,3517.9,2822.3
28-12-2021,74.7,96.202,9588.9,4.433,1.902,1.484,0.976,0.756,22.99,1806.06,76.015,288.3,227.25,749.85,3517.9,2822.3
29-12-2021,74.576,95.929,9673,4.413,1.964,1.555,0.987,0.752,22.8178,1804.12,76.568,286.15,225.8,746.15,3502.8,2812
30-12-2021,74.4,95.968,9639.9,4.3925,1.923,1.512,0.954,0.73,23.01,1814.76,76.442,288,225.6,742.65,3527.5,2811.8
31-12-2021,74.464,95.598,9723.9,4.4635,1.905,1.514,0.962,0.736,23.29,1828.775,75.351,287.95,225.25,748.9,3546.6,2808.8
03-01-2022,74.369,96.213,9723.9,4.4215,2.026,1.631,1.022,0.776,22.8778,1801.19,75.973,286.45,225.25,744.85,3546.6,2808.8
04-01-2022,74.502,96.262,9802.4,4.475,2.066,1.651,1.013,0.76,23.035,1814.5,77.17,291.7,226.15,751.2,3581.9,2836.4
05-01-2022,74.27,96.171,9681.6,4.4135,2.1,1.709,1.087,0.83,22.7928,1810.31,77.172,289.85,230.85,743.3,3572.4,2904.9
06-01-2022,74.38,96.32,9562.4,4.3545,2.078,1.725,1.136,0.874,22.1798,1790.85,79.639,289.45,231.85,735.95,3562.6,2926.1
07-01-2022,74.271,95.719,9673.6,4.41,2.118,1.764,1.155,0.87,22.343,1796.58,78.849,287.8,230.8,740.65,3532.1,2912.6
10-01-2022,74.02,95.991,9566.9,4.352,2.091,1.762,1.188,0.898,22.4448,1801.78,78.419,286.35,232.2,733.75,3487.6,2933.6
11-01-2022,73.781,95.624,9730.4,4.429,2.064,1.739,1.177,0.889,22.7638,1821.63,81.267,289.45,234.15,740.25,3553.1,2977.9
12-01-2022,73.766,94.915,10028.6,4.5765,2.086,1.736,1.234,0.907,23.1198,1826.255,82.742,289.05,232.95,756.15,3553.1,2958.6
13-01-2022,73.937,94.79,9967.3,4.546,2.046,1.706,1.197,0.895,23.06,1822.86,81.669,289.6,233.05,753.75,3557.9,2962.8
14-01-2022,74.151,95.165,9717.3,4.4205,2.125,1.788,1.266,0.969,22.942,1817.93,84.393,288.2,235.05,742.2,3531.4,2981.1
17-01-2022,74.258,95.165,9746.9,4.4205,2.14551,1.788,1.317357,1.009509,22.942,1819.33,84.393,288,236.3,744.2,3512.9,2996.3
18-01-2022,74.56,95.732,9644.4,4.3825,2.192,1.875,1.358,1.047,23.4528,1813.82,86.518,291.55,238.9,741.25,3553.4,3015.5
19-01-2022,74.438,95.51,9833.9,4.47,2.179,1.866,1.366,1.051,24.134,1840.635,86.148,294.3,240.9,749.35,3594.9,3050.3
20-01-2022,74.446,95.735,10057.4,4.5825,2.121,1.808,1.312,1.027,24.469,1839.475,84.452,300.2,245.75,761.1,3679.6,3117.4
21-01-2022,74.388,95.642,9943.9,4.524,2.076,1.762,1.286,1.016,24.271,1834.65,84.763,298.15,239.1,752.6,3647.9,3031.9
24-01-2022,74.644,95.918,9714.4,4.4125,2.116,1.774,1.259,0.971,23.9648,1843.086,84.053,294,242.2,747.7,3580.4,3036.9
25-01-2022,74.771,95.948,9794.1,4.45,2.115,1.771,1.267,1.027,23.8,1848.02,85.169,294.6,246.3,752.75,3577.9,3089.4
26-01-2022,74.874,96.39,9931.1,4.515,2.167,1.867,1.403,1.156,23.513,1819.38,87.15,294.6,246.3,752.75,3623.6,3098.9
27-01-2022,75.221,97.255,9931.1,4.4235,2.095,1.803,1.422,1.188,22.759,1796.985,87.261,300.4,248.3,753.2,3623.6,3098.9
28-01-2022,75.034,97.27,9503.9,4.31,2.076,1.773,1.379,1.172,22.453,1791.655,87.244,298.4,244.65,737.5,3613.6,3057.9
31-01-2022,74.539,96.54,9543.1,4.3245,2.111,1.78,1.382,1.185,22.458,1797.166,88.127,295.85,241.55,736.25,3586.4,3030.3
01-02-2022,74.724,96.385,9743.9,4.434,2.113,1.791,1.377,1.169,22.62,1801.005,88.34,297.5,243.25,750.35,3597.6,3040.3
02-02-2022,74.796,95.936,9869.6,4.496,2.11,1.779,1.372,1.15,22.6418,1806.85,87.991,299.35,240.4,756.7,3623.9,2999
03-02-2022,74.639,95.379,9824.6,4.471,2.155,1.832,1.424,1.202,22.4128,1804.9,90.168,297.4,243.15,753.95,3606.9,3040.9
04-02-2022,74.64,95.485,9866.1,4.4875,2.215,1.912,1.54,1.316,22.486,1807.97,91.949,298.7,246.2,756.25,3614.8,3080.1
07-02-2022,74.638,95.399,9813.6,4.4625,2.22,1.918,1.529,1.294,22.99,1820.395,91.605,302.4,250.15,754.55,3626.6,3134.3
08-02-2022,74.69,95.643,9807.3,4.461,2.259,1.965,1.582,1.343,23.187,1826.11,89.745,300.3,254.3,755.6,3600.5,3186.4
09-02-2022,74.778,95.494,10080.3,4.6025,2.249,1.94,1.629,1.358,23.302,1833.195,89.995,304.8,260.55,772.3,3663.5,3263.9
10-02-2022,75.34,95.553,10206.5,4.6595,2.32,2.035,1.82,1.609,23.187,1826.725,90.031,308.65,260.35,785.35,3702.3,3248.3
11-02-2022,75.319,96.082,9883.5,4.506,2.241,1.915,1.733,1.5,23.546,1858.98,93.878,304.75,254.25,768,3630.9,3150.4
14-02-2022,75.658,96.374,9900.4,4.5075,2.287,1.989,1.801,1.57,23.846,1871.66,94.762,299.95,259.1,770.1,3576,3222.6
15-02-2022,75.134,95.989,9962.1,4.5315,2.364,2.04690003,1.807,1.575,23.355,1853.655,92.11,298.85,257,769.6,3594.1,3204.4
16-02-2022,74.992,95.701,9968.4,4.5365,2.348,2.042,1.761,1.527,23.578,1869.49,90.61,297.5,259.45,769.35,3587.3,3250.4
17-02-2022,75.063,95.8,9940.1,4.523,2.309,1.975,1.699,1.481,23.833,1898.205,91.65,299.4,261.55,766.45,3614.3,3271.5
18-02-2022,74.66,96.043,9940.1,4.5195,2.244,1.934,1.681,1.47,23.902,1897.295,91.995,296.55,260.35,763.45,3576.1,3264.3
21-02-2022,74.495,96.043,9894.1,4.5195,2.242084,1.904331,1.656394,1.44067,23.902,1904.035,91.995,294.7,264.5,758.3,3553.4,3287.8
22-02-2022,74.62,96.025,9922.3,4.5105,2.24,1.941,1.751,1.562,24.093,1898.405,91.581,298.3,265.9,765,3608,3303
23-02-2022,74.64,96.19,9864,4.484,2.28,1.977,1.784,1.596,24.528,1909.075,92.25,296.25,264.55,760.1,3583,3300
24-02-2022,75.656,97.137,9805.4,4.456,2.281,1.967,1.76,1.578,24.209,1904.015,92.982,302.6,271.2,768,3620.9,3319.6
25-02-2022,75.086,96.615,9853.9,4.485,2.287,1.969,1.763,1.572,24.253,1889.324,91.923,300.75,270.1,766.7,3620.9,3366
28-02-2022,75.499,96.707,9803.3,4.4545,2.166,1.827,1.625,1.436,24.44,1909.525,95.84,304.1,273.45,767.5,3654.4,3378.3
01-03-2022,75.772,97.409,10074.4,4.5965,2.102,1.719,1.511,1.323,25.355,1945.675,106.325,313.3,281.95,788.1,3776.3,3480
02-03-2022,75.621,97.385,10237,4.6655,2.251,1.88,1.679,1.514,25.288,1928.555,111.375,320.35,288.35,797.05,3882.5,3575.1
03-03-2022,75.943,97.785,10438.6,4.7815,2.222,1.844,1.685,1.526,25.163,1936.47,108.034,328.6,303.15,816.4,3979.6,3737.5
04-03-2022,76.36,98.648,10686.4,4.9375,2.159,1.736,1.612,1.49,25.6615,1970.84,114.945,335.3,308.35,840.3,4093,3831.5
07-03-2022,76.92,99.293,10266.3,4.731,2.189,1.777,1.686,1.558,25.647,1997.585,120.33,336.3,300.95,843.4,4097.2,3735.5
08-03-2022,76.86,99.062,10250.4,4.71,2.231,1.851,1.752,1.601,26.374,2050.05,124.76,333,279.9,840.1,4206,3459.6
09-03-2022,76.355,97.968,9975.6,4.5725,2.288,1.927,1.855,1.664,25.78,1992.505,109.61,314.85,267.2,800.8,3892,3320.1
10-03-2022,76.297,98.507,10125.6,4.6525,2.37,1.992,1.882,1.702,25.8837,1996.255,105.808,318.55,279.75,807.45,3836,3433.8
11-03-2022,76.71,99.124,10117.1,4.6255,2.358,1.997,1.92,1.746,25.852,1988.52,109.14,318.3,282.65,810.4,3820.5,3488.6
14-03-2022,76.48,98.999,9906.9,4.523,2.473,2.138,2.05,1.865,25.023,1950.505,102.266,315.15,271.35,796.15,3807.7,3324.3
15-03-2022,76.28,99.097,9867.3,4.513,2.481,2.149,2.05,1.851,24.873,1917.7,95.11,314.5,266.35,790.1,3793.7,3288
16-03-2022,76.19,98.618,10063.6,4.6005,2.457,2.18840003,2.148,1.948,25.0937,1927.385,95.01,316.9,264.35,798.55,3801.2,3266.8
17-03-2022,75.947,97.974,10274.1,4.702,2.473,2.174,2.118,1.916,25.32,1942.385,103.6,318.55,271.15,810.05,3823.2,3381.5
18-03-2022,76.05,98.233,10309,4.7395,2.425,2.155,2.141,1.942,24.94,1920.575,105.35,319.9,272.2,816.05,3842.6,3387.8
21-03-2022,76.28,98.498,10284.5,4.7105,2.52,2.295,2.32,2.117,25.178,1935.76,112.715,327,280.55,814.4,3937.2,3514
22-03-2022,76.12,98.493,10284,4.7,2.605,2.384,2.384,2.166,24.75,1921.04,108.69,325.5,280.25,814.7,3902.8,3516
23-03-2022,76.5,98.622,10433.8,4.7765,2.486,2.295,2.307,2.098,25.09,1944.625,114.358,346,296.4,825.95,4155.8,3685.5
24-03-2022,76.3,98.789,10309,4.7425,2.543,2.375,2.374,2.135,25.546,1957.88,111.23,333.7,284,812.75,4015.3,3583.8
25-03-2022,76.25,98.789,10265.5,4.6985,2.589,2.479,2.512,2.284,25.481,1958.02,112.635,338.05,291.45,818.9,4075.2,3604.3
28-03-2022,76.12,99.091,10339.5,4.7255,2.544,2.462,2.568,2.336,24.837,1922.8,103.44,339.65,290.1,822.3,4085.1,3611.3
29-03-2022,75.63,98.404,10330,4.731,2.504,2.4,2.555,2.373,24.776,1919.505,105.07,333.9,279.9,817.75,4043.8,3437.3
30-03-2022,75.84,97.792,10384.5,4.7505,2.478,2.352,2.489,2.312,24.843,1932.58,107.46,344.4,286.65,821.75,4172.7,3548.8
31-03-2022,75.931,98.312,10391.8,4.751,2.451,2.342,2.517,2.335,24.76,1937.1,101.165,344.5,281.95,821.45,4166.2,3489.3
01-04-2022,75.963,98.632,10259.8,4.6885,2.436,2.386,2.637,2.46,24.614,1925,99.355,356.1,280.6,816.2,4328.9,3444.5
04-04-2022,75.429,99,10436.3,4.7815,2.458,2.397,2.602,2.418,24.5387,1932.57,103.66,349.45,276.15,820.55,4312.3,3420.8
05-04-2022,75.4,99.472,10459.8,4.795,2.575,2.551,2.707,2.524,24.3227,1923.215,101.13,352.45,279.9,821.05,4285.5,3454
06-04-2022,75.929,99.599,10337.3,4.738,2.629,2.601,2.66,2.484,24.429,1925.88,98.34,353.65,280.9,817.25,4267.4,3443.5
07-04-2022,75.891,99.751,10279.3,4.6995,2.684,2.66,2.663,2.468,24.578,1931.676,96.997,349.15,276.65,817,4167.6,3396.5
08-04-2022,75.923,99.796,10338.6,4.725,2.723,2.706,2.731,2.516,24.714,1947.68,97.76,359.1,276.7,819.8,4283.2,3383.8
11-04-2022,75.829,99.932,10163.6,4.634,2.813,2.784,2.723,2.5,25.071,1954.275,95.17,358.8,267.7,808,4279.8,3240.3
12-04-2022,76.12,100.292,10323.4,4.7095,2.815,2.727,2.625,2.405,25.34,1966.585,100.975,370.15,269.5,819.55,4401.5,3271.3
13-04-2022,76.105,99.875,10322.9,4.712,2.815,2.704,2.571,2.365,25.715,1977.835,104.26,372.85,268.4,819.85,4462.7,3255.8
14-04-2022,76.265,100.321,10342.4,4.7235,2.919,2.827,2.68,2.456,25.644,1973.395,103.72,372.7,270.8,822.65,4415.9,3293.5
15-04-2022,76.32,100.321,10342.4,4.7235,2.919,2.827,2.68,2.447707,25.644,1973.395,103.72,372.7,270.8,822.65,4415.9,3293.5
18-04-2022,76.259,100.781,10342.4,4.802,2.944,2.857,2.677,2.446,25.8477,1978.69,106.82,381.7,271.55,837.05,4415.9,3293.5
19-04-2022,76.419,100.961,10341.9,4.718,2.998,2.94,2.823,2.598,25.1717,1949.775,102.16,379.85,269.4,825.45,4507.8,3254.5
20-04-2022,76.259,100.39,10227.6,4.652,2.879,2.836,2.79,2.575,25.176,1957.546,102.395,372.3,269.3,816,4414.3,3269.3
21-04-2022,76.245,100.578,10315.3,4.704,2.929,2.913,2.889,2.674,24.6447,1951.625,103.985,373.35,271.5,819.85,4434.1,3302.9
22-04-2022,76.49,101.22,10082.9,4.5815,2.95,2.903,2.859,2.678,24.105,1932.35,101.675,373.7,270.35,806.3,4381.4,3246.6
25-04-2022,76.53,101.752,9833.6,4.449,2.893,2.824,2.81,2.628,23.545,1898.045,98.595,356.25,256.95,789.85,4189.7,3099.1
26-04-2022,76.75,102.303,9827.9,4.441,2.832,2.726,2.661,2.481,23.48,1905.45,101.675,356.45,256.6,790.05,4212.9,3087.1
27-04-2022,76.607,102.954,9849.3,4.4565,2.924,2.834,2.755,2.591,23.2747,1885.76,102.005,357.25,258.25,791.2,4235.4,3107
28-04-2022,76.63,103.623,9762.1,4.4335,2.899,2.828,2.78,2.629,23.13,1894.456,105.115,352.5,253.5,787.2,4128.8,3042.5
29-04-2022,76.482,102.959,9706.4,4.4085,3.002,2.939,2.889,2.731,22.74,1896.99,104.125,343.6,252.9,782.85,4055.3,3046.3
02-05-2022,76.52,103.744,9706.4,4.268,3.038,2.985,2.936,2.731,22.623,1862.956,104.93,332.8,245.45,761.4,4055.3,3046.3
03-05-2022,76.46,103.465,9428.4,4.283,3.013,2.975,2.97,2.784,22.542,1867.95,103.51,330.1,243.55,763.65,3905.8,2929.6
04-05-2022,76.246,102.587,9542.1,4.338,3.035,2.936,2.822,2.654,22.9687,1881.47,107.517,335,246.95,765.45,3973.4,2984.1
05-05-2022,76.519,103.752,9462.5,4.2915,3.124,3.04,2.915,2.712,22.4827,1877.166,108.53,330.55,243.95,762.15,3885.5,2932
06-05-2022,76.957,103.66,9421.1,4.267,3.23,3.136,2.961,2.735,22.33,1883.645,110.485,326.1,239.8,761.5,3781.6,2846.3
09-05-2022,77.35,103.651,9267.1,4.1935,3.152,3.04,2.815,2.598,21.771,1854.02,102.75,313.1,233.55,755.65,3622.8,2757.9
10-05-2022,77.202,103.92,9210.5,4.1545,3.129,2.993,2.806,2.606,21.24,1838.43,99.35,310.4,232,753.35,3571,2758.3
11-05-2022,77.349,103.846,9311,4.209,3.049,2.927,2.835,2.647,21.5557,1852.255,105.58,316.75,232.55,755.95,3666,2778.8
12-05-2022,77.43,104.851,9075.6,4.1005,3.02,2.852,2.761,2.58,20.653,1821.89,106.58,306.3,232.3,744.75,3547.5,2768.8
13-05-2022,77.47,104.563,9230.4,4.175,3.086,2.922,2.78,2.588,21.077,1811.465,110.085,308.25,236.35,752.95,3538.8,2827.8
16-05-2022,77.811,104.187,9254.9,4.1915,3.103,2.886,2.753,2.574,21.593,1824.59,113.72,311.45,237.4,760.05,3605.3,2838
17-05-2022,77.454,103.36,9349.4,4.239,3.188,2.995,2.893,2.711,21.615,1814.965,113.57,315.7,240.3,765.6,3660.9,2886
18-05-2022,77.81,103.81,9219.4,4.1785,3.067,2.889,2.843,2.667,21.403,1816.445,109.09,310.45,238.25,756.35,3588.9,2847.8
19-05-2022,77.4,102.724,9422.8,4.283,3.05,2.837,2.772,2.611,21.89,1842.2,111.625,320.05,244.7,769.05,3718.5,2917
20-05-2022,77.855,103.15,9409.4,4.275,2.991,2.785,2.733,2.587,21.73,1846.615,110.515,319.2,248.4,771.6,3690.1,2950.5
23-05-2022,77.527,102.076,9547.1,4.3455,3.056,2.855,2.788,2.629,21.785,1853.665,110.563,326.6,247.3,782.2,3783.5,2956.5
24-05-2022,77.448,101.857,9472.1,4.305,2.97,2.754,2.659,2.481,22.08,1866.52,110.26,324.25,241.1,781.25,3770.8,2899.5
25-05-2022,77.519,102.056,9366.6,4.2545,2.971,2.749,2.637,2.502,21.961,1853.235,110.673,322.05,241.95,771.85,3750.6,2871
26-05-2022,77.644,101.829,9382.9,4.259,2.981,2.749,2.626,2.478,21.988,1850.83,114.12,320.95,241.3,772.05,3744,2863.8
27-05-2022,77.606,101.668,9472.1,4.3065,2.972,2.743,2.642,2.484,22.1,1853.22,115.083,330.4,241.55,776.9,3853.4,2870.8
30-05-2022,77.527,101.668,9541.5,4.3065,3.007729,2.806141,2.733126,2.572588,22.1,1855.8,115.083,332.85,242.95,781.05,3897.4,2885.3
31-05-2022,77.582,101.752,9455.5,4.296,3.047,2.848,2.728,2.563,21.525,1837.47,115.26,333.65,235.3,774.6,3911.5,2787
01-06-2022,77.529,102.498,9509.4,4.3285,3.062,2.911,2.827,2.648,21.81,1846.655,114.81,330.8,231.25,779.65,3868.8,2730
02-06-2022,77.371,101.824,9509.4,4.5525,3.079,2.913,2.819,2.632,22.283,1868.655,117.55,336.9,234.05,807.4,3868.8,2730
03-06-2022,77.602,102.14,9509.4,4.472,3.09,2.941,2.85,2.657,21.91,1851.056,120.337,335.4,232.85,800,3868.8,2730
06-06-2022,77.796,102.437,9742.4,4.435,3.198,3.044,2.937,2.732,22.064,1842.115,119.01,332.75,237.05,798.55,3873.3,2783.5
07-06-2022,77.646,102.318,9731.3,4.4355,3.129,2.981,2.915,2.735,22.2257,1852.375,119.82,326.85,235.1,795.35,3808.5,2788
08-06-2022,77.686,102.542,9752.1,4.4545,3.176,3.027,2.963,2.778,22.035,1853.32,122.43,330.05,238.4,796.95,3816.1,2837
09-06-2022,77.8,103.223,9615.8,4.381,3.166,3.047,3.004,2.813,21.6907,1847.94,121.44,325.15,233.15,787.4,3767.5,2763.3
10-06-2022,78.096,104.148,9453.4,4.2945,3.198,3.159,3.241,3.067,21.87,1871.61,120.23,320.95,228.15,776.5,3699.9,2692.8
13-06-2022,78.076,105.078,9312,4.2115,3.352,3.366,3.489,3.367,21.04,1819.526,120.998,315.75,223.85,763.5,3623.1,2638.3
14-06-2022,77.994,105.518,9200.9,4.1565,3.426,3.475,3.595,3.437,21.04,1808.555,119.015,309.85,217.45,749.8,3584.4,2569.3
15-06-2022,78.138,105.158,9226.8,4.1635,3.334,3.291,3.353,3.21,21.617,1833.97,115.74,317.2,222.3,755.5,3653.5,2623.3
16-06-2022,77.899,103.631,9132.6,4.108,3.255,3.199,3.286,3.1,21.926,1856.825,117.03,316.05,215.8,750.7,3609.3,2526.3
17-06-2022,77.924,104.7,8941.5,4.0135,3.284,3.231,3.355,3.17,21.666,1840.4,110.01,311.35,215.35,741.15,3516.5,2506.3
20-06-2022,77.893,104.7,8939.9,4.0135,3.345127,3.265364,3.396668,3.235446,21.666,1838.395,110.01,312.3,215.65,737.1,3527,2526.3
21-06-2022,78.111,104.435,8984.6,4.039,3.34,3.281,3.352,3.194,21.671,1833.06,109.514,316.15,216.6,742.35,3584.3,2532.5
22-06-2022,78.18,104.197,8773,3.944,3.253,3.162,3.202,3.062,21.404,1837.78,104.407,316.8,217.1,730.4,3543,2508
23-06-2022,78.111,104.431,8341.3,3.739,3.203,3.091,3.127,3.012,20.932,1822.68,103.92,310.6,208.9,695.95,3476.1,2473
24-06-2022,78.23,104.185,8326.1,3.7405,3.264,3.134,3.153,3.063,21.11,1827.31,107.53,296.8,209.25,696.1,3335.5,2455.3
27-06-2022,78.42,103.939,8374.5,3.7625,3.315,3.204,3.209,3.132,21.13,1822.735,110,296.45,211.9,699.25,3338.8,2494.3
28-06-2022,78.968,104.506,8402.1,3.774,3.282,3.175,3.206,3.112,20.8188,1820.07,111.91,300.8,212.75,704.95,3348.4,2492
29-06-2022,78.91,105.106,8405.4,3.7805,3.221,3.093,3.109,3.043,20.722,1817.81,109.33,299.75,211.4,704.55,3341.1,2469.8
30-06-2022,78.95,104.685,8265.4,3.71,3.183,3.017,3.014,2.955,20.2838,1807.33,105.985,287.4,208.8,694.15,3159.5,2443.5
01-07-2022,78.919,105.138,8039.5,3.604,3.116,2.889,2.864,2.839,19.87,1809.47,108.483,276.8,211.3,679.05,3049.4,2447.8
04-07-2022,78.909,105.138,7987.1,3.604,3.150713,2.920631,2.896933,2.88575,19.87,1808.04,108.483,281.6,211.85,674.85,3105.8,2464.5
05-07-2022,79.271,106.535,7629.4,3.415,3.041,2.809,2.83,2.822,19.205,1764.93,100.9,272.15,206.35,651.25,2987.1,2371.5
06-07-2022,79.02,107.096,7582.9,3.408,3.122,2.934,3.017,2.996,19.2006,1739.41,98.11,273.4,208.05,645.15,3016.5,2411.3
07-07-2022,79.14,107.13,7915.3,3.572,3.189,3,3.043,3.024,19.211,1740.335,102.19,280.3,211.45,664.85,3115.9,2449.5
08-07-2022,79.27,107.007,7796.8,3.522,3.254,3.084,3.145,3.105,19.291,1742.355,104.783,278.9,211.4,660.8,3083.3,2448.6
11-07-2022,79.41,108.021,7589.4,3.4305,3.178,2.998,3.108,3.07,19.1049,1733.985,103.447,276.1,206.95,648.9,3051.8,2375
12-07-2022,79.46,108.072,7293.4,3.288,3.163,2.971,3.088,3.049,18.913,1726.235,95.57,273.65,205.7,626.25,3021.5,2362.1
13-07-2022,79.65,107.957,7367.8,3.3225,3.118,2.937,3.157,3.149,19.18,1735.66,96.372,270.3,206.2,631.85,2928,2361.8
14-07-2022,79.89,108.544,7118.4,3.2115,3.109,2.965,3.162,3.128,18.4107,1710.03,96.457,264.1,204.15,614.6,2862,2325.3
15-07-2022,79.76,108.063,7166.8,3.234,3.083,2.921,3.132,3.13,18.69,1707.46,97.585,269.75,204.7,616.4,2933.3,2345.3
18-07-2022,80,107.366,7424.6,3.346,3.158,2.989,3.182,3.17,18.6907,1709.28,102.047,275.7,210.45,630.95,2997.8,2431.5
19-07-2022,79.86,106.682,7298.9,3.291,3.184,3.03,3.241,3.244,18.7518,1711.575,103.755,272.35,207.6,624.15,2948.6,2386.3
20-07-2022,79.98,107.076,7370.6,3.325,3.16,3.027,3.224,3.236,18.64,1696.835,99.95,276.8,209.45,627.6,3005.5,2420
21-07-2022,79.86,106.91,7310,3.2985,3.046,2.878,3.061,3.095,18.8378,1719.16,96.417,274.4,210.5,622.85,2953.3,2433.3
22-07-2022,79.82,106.73,7436.8,3.3495,2.976,2.752,2.922,2.974,18.563,1727.66,94.998,277.55,211.45,627,2994.3,2464
25-07-2022,79.691,106.483,7468.8,3.3545,3.021,2.8,2.969,3.018,18.4297,1719.875,96.256,272.35,209.3,633.2,2990.8,2407.8
26-07-2022,79.852,107.189,7536.1,3.3845,3.031,2.809,3.008,3.059,18.61,1717.465,95.486,275.95,210.65,633.9,3028.3,2418.8
27-07-2022,79.845,106.452,7635.5,3.43,3.06,2.781,2.955,2.99,19.0827,1734.625,98.116,276.55,210.6,639.35,3039.5,2421.5
28-07-2022,79.627,106.351,7740.5,3.4745,3.026,2.68,2.801,2.868,19.9996,1756.11,97.256,285.8,213.5,644.65,3166,2463.8
29-07-2022,79.335,105.903,7934.9,3.5735,3.012,2.654,2.811,2.891,20.32,1766.26,98.282,295.85,214.85,657.15,3317.3,2486.8
01-08-2022,78.967,105.45,7857.5,3.5425,2.917,2.577,2.797,2.886,20.3538,1772.12,93.616,298.45,211,647.95,3349.6,2456.8
02-08-2022,78.587,106.241,7800.1,3.5185,3.009,2.75,3.011,3.063,19.9387,1760.91,93.816,292.5,208.45,642.15,3300.6,2417.3
03-08-2022,79.07,106.506,7699.8,3.467,2.948,2.706,3.014,3.069,20.038,1765.37,90.846,294.5,207.75,642.15,3284.8,2379.5
04-08-2022,79.15,105.693,7732.6,3.4815,2.968,2.69,2.986,3.049,20.168,1790.966,88.023,308.3,209.45,646.55,3474,2406.8
05-08-2022,79.35,106.621,7882.9,3.552,3.072,2.832,3.176,3.23,19.886,1775.8,88.53,309.85,211.55,655.85,3473.3,2422.5
08-08-2022,79.587,106.435,7949.4,3.5865,2.988,2.761,3.143,3.209,20.6547,1789.24,90.676,307.4,213,662.65,3428.9,2444.8
09-08-2022,79.563,106.374,7960.3,3.5855,2.994,2.783,3.211,3.268,20.513,1794.4,90.556,315.15,214.85,663.65,3528.3,2475.8
10-08-2022,79.051,105.196,8085.1,3.6495,3.035,2.785,3.15,3.22,20.5827,1792.285,91.466,320.35,215.3,669.65,3614,2490.8
11-08-2022,79.56,105.09,8192.5,3.7065,3.179,2.889,3.175,3.227,20.3098,1789.505,94.036,327.3,218.15,681.1,3673.9,2517.5
12-08-2022,79.62,105.631,8108.9,3.6685,3.115,2.837,3.183,3.25,20.786,1802.025,91.866,322.5,212.4,676.05,3604,2434.5
15-08-2022,79.532,106.546,7997.5,3.6175,3.105,2.79,3.114,3.195,20.2487,1779.56,87.854,322.5,212.4,676.05,3586.5,2410.5
16-08-2022,79.24,106.5,8004.6,3.6245,3.092,2.806,3.205,3.268,20.116,1775.825,87.096,324.2,209.2,666.7,3642.9,2402.3
17-08-2022,79.35,106.574,7927.5,3.5835,3.155,2.9,3.28,3.285,19.762,1762.24,87.285,317.4,210.65,661.2,3516.1,2414.8
18-08-2022,79.73,107.484,8012.3,3.6315,3.141,2.886,3.227,3.208,19.515,1758.42,90.371,314.7,210.8,670.75,3467.9,2402.4
19-08-2022,79.91,108.169,8090.9,3.6645,3.215,2.976,3.266,3.238,19.022,1747.5,89.871,315.05,209.95,673.8,3503.6,2392.3
22-08-2022,79.85,109.046,8054.1,3.6515,3.227,3.018,3.355,3.314,18.971,1735.88,90.436,315.45,209.8,670.7,3511.1,2392.1
23-08-2022,79.849,108.624,8126.6,3.6955,3.258,3.05,3.347,3.302,19.1259,1747.98,93.696,313.45,210.55,672.5,3486,2425.8
24-08-2022,79.792,108.677,8044.9,3.644,3.317,3.109,3.392,3.403,19.1058,1751.485,95.321,314.95,211.95,672.6,3520.8,2425.3
25-08-2022,79.869,108.47,8136.6,3.699,3.241,3.03,3.359,3.37,19.235,1758.43,92.986,318.2,212.85,679.2,3551.8,2433.8
26-08-2022,79.964,108.803,8147,3.697,3.193,3.043,3.401,3.382,18.88,1738.05,92.956,318.8,215.4,677.4,3560.3,2497.5
29-08-2022,79.954,108.835,8147,3.612,3.243,3.108,3.447,3.431,18.74,1737.535,96.926,317.35,215,668.4,3560.3,2497.5
30-08-2022,79.678,108.773,7861,3.551,3.222,3.106,3.467,3.458,18.399,1724.355,92.31,311.85,208.75,655.95,3476.3,2391.8
31-08-2022,79.506,108.7,7798,3.5185,3.294,3.196,3.518,3.495,17.97,1711.04,88.796,309.9,206.25,649.45,3461.3,2361
01-09-2022,79.685,109.691,7562.3,3.4065,3.364,3.257,3.541,3.518,17.76,1697.33,86.405,291.95,203.25,633.85,3236.6,2301.8
02-09-2022,79.717,109.534,7570,3.4135,3.35,3.193,3.434,3.396,18.034,1712.665,87.061,284,203.05,633.65,3132.6,2296
05-09-2022,79.788,109.534,7658.9,3.4135,3.375762,3.230956,3.485276,3.463471,18.034,1710.155,87.061,287.8,202.35,640.35,3198,2290
06-09-2022,79.887,110.214,7680.9,3.462,3.504,3.351,3.574,3.507,17.988,1701.86,86.877,285.7,199.4,641.05,3173.9,2261.3
07-09-2022,79.617,109.84,7618.8,3.4305,3.414,3.267,3.489,3.439,18.4238,1718.445,81.895,280.7,197.4,637.45,3123.8,2239.5
08-09-2022,79.697,109.707,7815.8,3.527,3.478,3.319,3.566,3.512,18.521,1708.74,82.705,283.45,200.1,653.3,3150.8,2276.3
09-09-2022,79.648,109.003,7889,3.568,3.451,3.314,3.604,3.563,18.819,1717.235,86.186,285.25,200.25,655.1,3190.6,2292.3
12-09-2022,79.313,108.33,7986.9,3.6105,3.516,3.36,3.613,3.576,19.8078,1724.635,88.006,286,199.95,662.75,3206,2286.8
13-09-2022,79.577,110.01,7859.4,3.5555,3.49,3.41,3.756,3.745,19.33,1702.435,87.605,285.15,201.05,652.9,3225.6,2314
14-09-2022,79.444,109.658,7797.4,3.5195,3.462,3.406,3.797,3.788,19.69,1697.47,88.966,286.95,198.5,648.65,3239.1,2276.3
15-09-2022,79.83,109.739,7720.1,3.49,3.469,3.453,3.856,3.863,19.1659,1664.41,85.116,283.4,201.6,645.6,3167.8,2310.8
16-09-2022,79.656,109.764,7784.6,3.5165,3.518,3.451,3.832,3.871,19.56,1675.505,85.277,281.8,199.1,651.3,3160,2283
19-09-2022,79.686,109.737,7784.6,3.5125,3.518,3.492,3.891,3.946,19.552,1675.7,85.004,282.05,196.55,648.45,3160,2283
20-09-2022,79.73,110.215,7750.1,3.503,3.572,3.565,3.942,3.971,19.2358,1664.845,84.258,279.85,196.5,646.4,3125.8,2251.5
21-09-2022,79.923,110.642,7678.6,3.467,3.503,3.532,4.008,4.059,19.55,1673.8,83.018,278.3,193.55,644.2,3104.9,2210.5
22-09-2022,81.04,111.353,7678,3.471,3.644,3.718,4.145,4.118,19.6198,1671.335,83.518,282.2,196.95,652.35,3109.5,2226.5
23-09-2022,81.25,113.192,7438.3,3.343,3.609,3.691,4.232,4.203,18.852,1643.925,79.304,273.45,191.85,629.95,3009.4,2167
26-09-2022,81.61,114.103,7320.5,3.2945,3.743,3.926,4.419,4.345,18.32,1622.845,76.308,266.75,190.8,628.1,2909,2138.8
27-09-2022,81.707,114.106,7294.5,3.2835,3.828,3.947,4.377,4.287,18.354,1629.49,77.973,263.5,188.9,626.65,2854.8,2115.3
28-09-2022,81.411,112.604,7433.3,3.3585,3.696,3.737,4.168,4.135,18.869,1659.995,81.872,266.4,190.5,641.5,2878,2138
29-09-2022,81.471,112.254,7536.8,3.418,3.729,3.79,4.217,4.192,18.804,1660.85,81.597,269.85,195.7,647.75,2942.3,2216.5
30-09-2022,81.501,112.117,7523.1,3.4125,3.782,3.833,4.294,4.273,19,1660.95,79.673,271.25,191.1,644.95,2970.1,2149.6
03-10-2022,81.49,111.745,7517.3,3.41,3.679,3.643,4.119,4.113,20.679,1699.795,83.282,268.35,196.6,647.85,2917.8,2228.3
04-10-2022,81.452,110.065,7677.4,3.49,3.697,3.627,4.102,4.097,21.035,1726.465,86.363,278.25,205,659.55,3057,2347.3
05-10-2022,81.631,111.074,7694.3,3.5005,3.755,3.755,4.169,4.146,20.642,1716.445,88.063,281.35,206.65,662.25,3066.1,2356.3
06-10-2022,82.328,112.258,7576.4,3.446,3.788,3.828,4.273,4.256,20.641,1712.74,88.928,282.4,206.4,656.25,3065.4,2334.3
07-10-2022,82.812,112.795,7462.8,3.3865,3.846,3.885,4.349,4.312,20.11,1695,93.129,276.85,204.55,651.2,2975.1,2300
10-10-2022,82.397,113.144,7553.1,3.4305,3.937403,3.961053,4.36043,4.324555,19.591,1668.25,90.819,275.25,200.9,657,2964.4,2256.3
11-10-2022,82.254,113.221,7618.3,3.462,3.925,3.951,4.352,4.316,19.142,1666.215,88.602,271.35,199.35,656.1,2946.8,2248.3
12-10-2022,82.179,113.32,7543.3,3.425,3.877,3.896,4.314,4.295,19.007,1673.205,87.024,271.8,207.7,652.2,2940.5,2346.3
13-10-2022,82.172,112.363,7578.3,3.4405,3.921,3.946,4.45,4.466,18.858,1666.135,89.193,271.1,208.45,658.3,2931.1,2344.6
14-10-2022,82.275,113.311,7550.3,3.4235,3.997,4.022,4.498,4.496,18.237,1644.45,85.604,269.65,203.2,650,2921,2299.1
17-10-2022,82.175,112.039,7533.9,3.4155,4.021,4.015,4.439,4.45,18.623,1650.76,85.724,264.55,199.6,648.35,2859.1,2244.4
18-10-2022,82.281,112.13,7441.9,3.362,4.03,4.011,4.436,4.431,18.702,1652.075,83.602,265.75,194.65,640.45,2872.3,2180.8
19-10-2022,83.008,112.984,7361.9,3.318,4.128,4.138,4.567,4.561,18.44,1628.98,85.852,269.55,196.2,638.4,2892,2175.8
20-10-2022,82.744,112.881,7541.1,3.4105,4.222,4.232,4.658,4.612,18.628,1628.215,85.014,273.15,197.75,646.85,2956.8,2210.5
21-10-2022,82.525,112.012,7640.1,3.4745,4.342,4.221,4.513,4.485,19.4,1657.62,85.134,270.9,196.9,652.65,2948,2217
24-10-2022,82.746,111.989,7568.4,3.4305,4.382,4.244,4.531,4.509,19.213,1649.59,84.793,272.75,194.4,649.95,2967.6,2179.3
25-10-2022,82.515,110.95,7502.1,3.397,4.261,4.106,4.465,4.473,19.322,1653,85.053,268.25,198.2,650.4,2899.8,2225.3
26-10-2022,81.901,109.7,7776.6,3.545,4.14,4.007,4.38,4.418,19.568,1665.215,88.259,271.6,204.5,663.3,2966.5,2329
27-10-2022,82.364,110.587,7741.6,3.5195,4.09,3.923,4.249,4.282,19.5878,1663.395,88.593,270.5,201.2,664.15,2941,2281.5
28-10-2022,82.266,110.752,7553.3,3.429,4.149,4.016,4.369,4.414,19.22,1644.385,88.284,261.25,196.5,652.05,2820.3,2221.3
31-10-2022,82.745,111.527,7444.6,3.375,4.167,4.052,4.443,4.487,19.106,1633.69,86.362,251.1,197.6,647.05,2677.3,2228
01-11-2022,82.608,111.481,7647,3.4725,4.097,4.046,4.501,4.549,19.597,1647.945,88.514,256.15,199.4,657.75,2757.4,2256.3
02-11-2022,82.712,111.345,7625.3,3.4685,4.144,4.105,4.573,4.611,19.198,1635.305,89.344,255.8,200.4,657.6,2748.5,2258
03-11-2022,82.726,112.93,7560.8,3.427,4.18,4.149,4.642,4.718,19.451,1629.555,87.858,253.55,200.85,653,2710,2261.5
04-11-2022,81.968,110.877,8090.3,3.6865,4.253,4.163,4.594,4.658,20.8482,1680.915,92.438,265.2,206.6,682.05,2903,2356.8
07-11-2022,81.82,110.12,7950.5,3.6035,4.322,4.216,4.649,4.728,20.77,1675.435,91.872,264.3,204.75,672.75,2886.1,2336.3
08-11-2022,81.385,109.636,8095.4,3.6825,4.277,4.13,4.563,4.657,21.32,1712.585,88.668,265.6,205.85,677.15,2925.8,2359.5
09-11-2022,81.333,110.549,8118.3,3.7,4.273,4.097,4.494,4.582,21.047,1706.625,85.632,260.25,201.7,679.45,2863,2313.8
10-11-2022,80.624,108.206,8241.1,3.758,4.054,3.818,4.189,4.33,21.66,1755.655,86.192,260.4,201.65,686.35,2875.8,2324
11-11-2022,80.477,106.292,8553.1,3.9135,4.043379,3.849887,4.214444,4.348908,21.681,1771.295,88.913,269.75,211.8,702.25,3025.3,2470.5
14-11-2022,80.965,106.66,8401,3.8335,4.041,3.857,4.231,4.399,21.968,1771.495,85.208,277.75,209.8,696.5,3113.8,2434.4
15-11-2022,81.061,106.404,8385.9,3.82,3.965,3.773,4.139,4.345,21.55,1778.28,86.838,275.7,209.75,693.65,3114.6,2441.3
16-11-2022,81.444,106.281,8286.5,3.7735,3.841,3.692,4.139,4.365,21.453,1773.71,85.297,272.45,208.45,690.15,3058.8,2405.5
17-11-2022,81.58,106.694,8128.8,3.688,3.881,3.771,4.219,4.46,20.93,1760.57,82.048,268.3,207.45,680.9,3002.4,2400
18-11-2022,81.618,106.93,8041.4,3.632,3.93,3.831,4.305,4.53079987,20.928,1750.87,80.137,270.1,209.15,673.15,3024.6,2418.5
21-11-2022,81.699,107.835,7896.3,3.5715,3.906,3.833,4.322,4.563,20.83,1738.185,80.249,261.3,206.3,662.9,2912.1,2381.3
22-11-2022,81.714,107.222,7993,3.6145,3.829,3.758,4.288,4.523,21.074,1740,81.102,260.5,209.75,668.7,2899,2435.8
23-11-2022,81.604,106.076,8004.4,3.618,3.733,3.698,4.234,4.473,21.523,1749.6,77.439,260.45,206.55,669.3,2918.3,2390.5
24-11-2022,81.613,106.076,8037.8,3.618,3.712499,3.663168,4.172211,4.425755,21.523,1755.79,77.439,262.8,207.1,677.3,2913.5,2372.4
25-11-2022,81.685,105.959,7992.1,3.6275,3.751,3.691,4.216,4.467,21.378,1753.555,76.529,263.45,206.7,675.6,2922.1,2367
28-11-2022,81.64,106.681,7976,3.6115,3.725,3.683,4.205,4.444,20.923,1741.785,76.518,263.95,206.55,672.95,2945,2372.4
29-11-2022,81.623,106.822,8031,3.6395,3.808,3.748,4.244,4.479,21.23,1749.575,78.894,263.5,206.9,676.55,2928.5,2378.1
30-11-2022,81.353,105.95,8236.6,3.738,3.74,3.611,4.055,4.329,22.169,1768.235,80.482,270.2,211.4,684.8,3039.1,2483.5
01-12-2022,81.167,104.728,8391.1,3.8175,3.601,3.51,3.965,4.236,22.72,1803.04,81.389,271.05,211.1,691.55,3067.3,2483.3
02-12-2022,81.41,104.545,8458,3.8505,3.552,3.488,3.98,4.282,23.119,1797.75,80.208,272.5,214.1,695.5,3091.3,2540.6
05-12-2022,81.89,105.289,8363.5,3.795,3.588,3.575,4.12,4.398,22.23,1768.825,77.354,274.6,214.45,693.6,3108.4,2509.1
06-12-2022,82.418,105.578,8407.6,3.818,3.546,3.535,4.106,4.366,22.17,1771.005,74.443,277.8,215.35,699.1,3128.9,2505.8
07-12-2022,82.24,105.1,8484.1,3.8605,3.437,3.419,3.987,4.264,22.706,1786.145,72.392,283.7,215.1,703.15,3202.5,2493.8
08-12-2022,82.281,104.774,8530.8,3.8835,3.432,3.486,4.054,4.314,23.046,1789.095,71.777,284.6,215.45,707.9,3215.8,2503.5
09-12-2022,82.463,104.81,8521.9,3.8785,3.564,3.584,4.107,4.342,23.456,1797.46,71.473,286.75,214.15,706.4,3240.8,2481.3
12-12-2022,82.609,105.131,8367.1,3.8005,3.577,3.613,4.141,4.38,23.305,1781.41,73.294,289.4,211.1,700.2,3263.5,2412
13-12-2022,82.375,103.98,8445.6,3.842,3.536,3.505,3.947,4.214,23.71,1810.77,75.153,289.95,212.9,706.95,3303.3,2452.4
14-12-2022,82.507,103.77,8520.3,3.878,3.536,3.483,3.919,4.216,23.931,1807.44,77.378,286.15,212.85,712.65,3249,2450.1
15-12-2022,82.825,104.558,8291.8,3.763,3.5,3.45,3.95,4.24,23.085,1776.875,76.273,280.6,210.1,702.25,3156.8,2387.4
16-12-2022,82.706,104.701,8290.4,3.7615,3.546,3.49,3.91,4.182,23.212,1793.155,74.468,273.1,209.8,702.45,3031.1,2386.6
19-12-2022,82.649,104.721,8330.5,3.783,3.639,3.59,4,4.264,22.97,1787.715,75.795,270.25,208.7,705.45,3023.1,2376.4
20-12-2022,82.584,103.965,8361,3.799,3.747,3.688,4.022,4.266,24.14,1817.89,75.985,274.4,209.4,712.7,3074.4,2377.1
21-12-2022,82.877,104.162,8383.1,3.81,3.72,3.664,3.994,4.223,23.947,1814.64,78.409,269.3,208.55,715.25,2995.4,2389.4
22-12-2022,82.96,104.433,8277.5,3.757,3.745,3.682,4.036,4.28,23.564,1792.63,78.219,264.3,207.75,712.3,2932.9,2393.3
23-12-2022,82.76,104.314,8331.4,3.809,3.827,3.751,4.093,4.327,23.703,1798.425,79.387,266.9,206.4,724.9,2986.4,2381.3
26-12-2022,82.65,104.314,8331.4,3.809,3.827,3.751,4.093,4.327,23.703,1798.425,79.387,269.65,208.8,724.05,2986.4,2381.3
27-12-2022,82.856,104.179,8331.4,3.8405,3.931,3.845,4.169,4.383,24.02,1813.91,79.815,272.95,210,727.65,2986.4,2381.3
28-12-2022,82.85,104.463,8446.1,3.8425,3.974,3.886,4.178,4.357,23.534,1804.3,78.815,269.95,208.2,724.7,3011.3,2382.5
29-12-2022,82.84,103.836,8412.8,3.824,3.903,3.818,4.169,4.365,23.88,1814.985,78.665,268.75,210.5,722.75,2980.2,2407
30-12-2022,82.71,103.522,8370.6,3.8105,3.975,3.88,4.227,4.428,23.932,1823.79,80.415,268,208.5,718.7,2992.4,2391
02-01-2023,82.725,103.522,8370.6,3.8105,3.938066,3.831224,4.192761,4.407129,23.932,1823.79,80.415,270,209.55,721.15,2992.4,2391
03-01-2023,82.754,104.518,8306.6,3.7665,3.841,3.743,4.156,4.38,24.001,1839.7,77.175,269.15,205,715.15,2984,2313.1
04-01-2023,82.663,104.248,8248.1,3.7405,3.801,3.686,4.107,4.355,23.749,1854.65,73.175,268.75,202.3,709.8,2987.3,2269.1
05-01-2023,82.548,105.042,8407.3,3.821,3.797,3.72,4.207,4.464,23.229,1832.7,73.895,270.1,202.15,721.7,3009.5,2257.9
06-01-2023,82.27,103.879,8597.6,3.911,3.688,3.56,3.985,4.258,23.79,1866.11,73.635,271.1,204.8,733.8,3034.4,2311.1
09-01-2023,82.07,103.001,8834.4,4.0265,3.662,3.538,3.954,4.208,23.643,1871.705,74.825,280.8,210.95,751.6,3167.4,2425.9
10-01-2023,81.582,103.236,8940.4,4.0775,3.757,3.623,3.991,4.247,23.596,1876.99,74.675,279.5,211.1,757.1,3176.8,2467.5
11-01-2023,81.617,103.188,9139.3,4.166,3.675,3.545,3.917,4.22,23.409,1875.965,77.675,281,213.8,769.55,3193.8,2494.3
12-01-2023,81.17,102.246,9206.4,4.1965,3.578,3.445,3.817,4.145,23.764,1896.785,78.215,282.65,215.6,769.25,3262.3,2550.8
13-01-2023,81.25,102.204,9244.9,4.216,3.612,3.507,3.906,4.224,24.2562,1920.315,79.995,288.55,219.1,772,3328.5,2595
16-01-2023,81.608,102.388,9104.1,4.216,3.663095,3.538486,3.913991,4.248978,24.2562,1916.01,79.995,286.8,221.4,765.65,3282.6,2604.5
17-01-2023,81.552,102.39,9276.5,4.223,3.663,3.553,3.883,4.205,23.921,1908.71,81.005,287.25,221.5,771.85,3296.1,2619.3
18-01-2023,81.313,102.363,9308.8,4.2345,3.54,3.372,3.73,4.085,23.44,1904.51,79.095,289.5,221.75,774.6,3371.1,2611.6
19-01-2023,81.259,102.058,9294.8,4.2315,3.564,3.393,3.772,4.129,23.83,1932.26,80.795,295.45,220.1,775.2,3430.5,2596.6
20-01-2023,80.962,102.012,9335.3,4.2515,3.656,3.484,3.83,4.177,23.9272,1926.06,81.655,295.7,220.6,776.1,3408.1,2602.3
23-01-2023,81.458,102.138,9351.5,4.2565,3.684,3.517,3.897,4.232,23.44,1931.34,81.585,299.1,223.6,786.85,3424.1,2636.8
24-01-2023,81.574,101.918,9328.8,4.2485,3.606,3.455,3.861,4.212,23.65,1937.315,80.215,298.65,227.65,785.95,3432.5,2655
25-01-2023,81.471,101.641,9319.9,4.2445,3.598,3.447,3.832,4.133,23.89,1946.325,80.405,301.55,227.55,786.05,3471.6,2650.5
26-01-2023,81.398,101.839,9361.4,4.2675,3.641,3.502,3.886,4.187,23.9,1929.215,81.065,301.55,227.55,786.05,3499,2641.5
27-01-2023,81.5,101.927,9273.1,4.2225,3.623,3.505,3.9,4.201,23.573,1927.73,79.365,298.85,225.25,783.55,3446.4,2626.5
30-01-2023,81.451,102.276,9226.4,4.202,3.653,3.542,3.951,4.24,23.594,1923.2,77.775,298.95,222.9,782.15,3441.9,2587.8
31-01-2023,81.719,102.097,9274.9,4.226,3.635,3.512,3.903,4.205,23.71,1928.235,78.995,296.2,225.9,787.6,3407.3,2635.8
01-02-2023,81.71,101.217,9045.6,4.111,3.568,3.42,3.79,4.1,23.96,1950.145,76.655,289.95,224.9,780.6,3303.5,2612.8
02-02-2023,82.019,101.75,9011.6,4.091,3.55,3.395,3.775,4.1,23.44,1912.69,75.935,294.2,225.2,776.65,3358,2608.8
03-02-2023,82.43,102.915,8940,4.0565,3.616,3.526,3.96,4.287,22.34,1865.695,73.175,284.85,223.3,771.4,3226.6,2574.8
06-02-2023,82.72,103.621,8890.6,4.035,3.676,3.644,4.145,4.474,22.25,1867.695,74.395,277.6,221.55,770.3,3132.4,2538.8
07-02-2023,82.792,103.427,8995.6,4.0805,3.715,3.677,4.125,4.466,22.159,1871.885,77.545,284,221.55,775.75,3219.6,2539.8
08-02-2023,82.63,103.409,8903.4,4.0355,3.673,3.613,4.081,4.429,22.3,1875.55,78.435,278.15,218.35,771.7,3141.3,2481.8
09-02-2023,82.491,103.221,9028.4,4.097,3.728,3.664,4.154,4.484,21.95,1861.78,77.615,277.6,219.1,775.9,3151.6,2509.3
10-02-2023,82.49,103.63,8855.4,4.0165,3.821,3.742,4.204,4.525,21.969,1865.35,79.735,270.4,215.55,766.4,3034.3,2454.5
13-02-2023,82.572,103.345,8949.4,4.0575,3.776,3.705,4.204,4.522,21.981,1853.74,79.095,275.4,214.1,772.1,3108.8,2421.8
14-02-2023,82.89,103.233,8993.5,4.075,3.775,3.747,4.32,4.622,21.838,1854.435,78.795,274.75,213.75,778.15,3089,2408.3
15-02-2023,82.73,103.923,8849.8,4.0105,3.843,3.809,4.351,4.633,21.61,1836.005,78.475,268.8,211.6,767.9,3005.8,2389.3
16-02-2023,82.69,103.856,9040.8,4.1355,3.918,3.865,4.371,4.644,21.567,1836.52,77.995,269.3,212.2,777.5,3031.8,2417.8
17-02-2023,82.73,103.862,9004.6,4.1085,3.872,3.822,4.318,4.617,21.689,1842.565,76.545,271.45,210.45,775,3071.6,2390.8
20-02-2023,82.673,103.858,9118.6,4.1085,3.871077,3.841787,4.355174,4.651167,21.689,1843.76,76.545,275,213.05,779.25,3135,2463.5
21-02-2023,82.824,104.176,9209,4.2255,3.974,3.956,4.444,4.729,21.82,1834.915,76.145,274.6,212.2,779.85,3116.5,2465.8
22-02-2023,82.81,104.585,9153.1,4.1905,3.916,3.919,4.43,4.697,21.512,1825.305,73.825,273.35,211.5,784.55,3067.9,2415.3
23-02-2023,82.57,104.598,8894.3,4.059,3.888,3.883,4.413,4.704,21.299,1822.3,75.605,269.7,210.45,763.65,3032.3,2396
24-02-2023,82.81,105.214,8689.1,3.952,3.934,3.947,4.54,4.814,20.751,1810.985,76.415,266,207.95,750.5,2962.3,2344.3
27-02-2023,82.622,104.673,8812.4,4.011,3.927,3.916,4.506,4.782,20.608,1817.25,75.695,267.55,209.5,754.95,2995.5,2369
28-02-2023,82.62,104.869,8972.9,4.0895,3.919,3.924,4.532,4.818,20.886,1826.67,76.775,268.4,208.95,766.6,3026.5,2373.8
01-03-2023,82.41,104.483,9115,4.16,3.957,3.996,4.602,4.878,20.97,1836.65,77.685,275.25,212.4,776.15,3133,2440.5
02-03-2023,82.33,105.027,8936.3,4.076,3.997,4.062,4.637,4.889,20.883,1835.94,77.845,268.8,209.7,763.1,3023.5,2393.8
03-03-2023,81.66,104.521,8928.8,4.067,3.878,3.956,4.598,4.861,21.225,1855.435,79.825,268.5,209.3,756.65,3048.8,2398.3
06-03-2023,81.79,104.35,8972.4,4.0885,3.898,3.964,4.616,4.886,21.032,1846.88,80.445,267.9,208.75,760.2,3046.5,2392
07-03-2023,81.98,105.615,8739.5,3.975,3.876,3.97,4.721,5.015,20.055,1813.34,77.165,262.35,206.65,744.95,2946.4,2349
08-03-2023,81.93,105.658,8845.1,4.027,3.894,3.995,4.749,5.07,20.019,1813.83,76.435,263.45,206.85,753.05,2977,2361.5
09-03-2023,82,105.309,8873.1,4.039,3.853,3.909,4.557,4.87,20.06,1830.915,75.565,263,205.3,753.95,2981.5,2326.5
10-03-2023,81.913,104.576,8860.3,4.0305,3.712,3.703,4.322,4.593,20.5232,1867.035,76.605,260.1,204.3,752.65,2931.1,2316.9
13-03-2023,82.41,103.595,8909.8,4.0535,3.717,3.573,3.873,4.016,21.77,1913.63,74.655,262.35,206.15,761.65,2957.3,2319.5
14-03-2023,82.225,103.597,8813.5,4.003,3.81,3.693,4.1,4.246,21.678,1903.865,71.445,259.7,207.3,758.4,2914.3,2349.4
15-03-2023,82.86,104.646,8569.3,3.843,3.648,3.459,3.796,3.892,21.77,1918.73,68.205,257.45,203.75,754.1,2883.5,2281.1
16-03-2023,82.569,104.418,8532.5,3.8645,3.706,3.583,4.013,4.174,21.71,1919.34,68.215,255.4,203.6,751.3,2862,2274
17-03-2023,82.5,103.708,8611.5,3.8925,3.632,3.436,3.724,3.846,22.59,1988.305,66.225,257.45,203.5,754.75,2920,2276.5
20-03-2023,82.495,103.281,8715,3.9515,3.672,3.488,3.82,3.966,22.529,1978.975,67.755,256.25,203.85,758.35,2898.5,2286
21-03-2023,82.652,103.256,8785.4,3.994,3.738,3.611,3.988,4.179,22.357,1940.52,69.455,254.25,202.35,763.95,2871.3,2269.8
22-03-2023,82.485,102.346,8871.8,4.0445,3.658,3.438,3.727,3.96,22.97,1970.015,69.865,254.45,202.75,771.75,2870.1,2283.6
23-03-2023,82.216,102.532,9009.5,4.1235,3.703,3.432,3.63,3.825,23.062,1993.495,69.425,255.9,203.85,783.45,2900.3,2330.8
24-03-2023,82.315,103.116,8936.9,4.075,3.65,3.38,3.586,3.767,23.2202,1978.965,69.195,252.9,202.7,785.75,2890.3,2337.8
27-03-2023,82.16,102.857,8974,4.0785,3.765,3.534,3.787,4.008,23.046,1956.45,72.835,256.05,206.45,775.7,2909,2363
28-03-2023,82.139,102.43,8981.4,4.0855,3.774,3.571,3.895,4.08,23.3,1974.035,73.545,257.65,207.65,776.35,2928,2391
29-03-2023,82.158,102.64,8993.6,4.0865,3.765,3.568,3.899,4.099,23.331,1964.505,72.775,260.65,208.2,777.45,2960.8,2380.5
30-03-2023,82.06,102.144,9002.8,4.0915,3.738,3.553,3.904,4.122,23.895,1980.425,74.325,258.45,208.55,779.55,2926.8,2386.3
31-03-2023,82.14,102.506,9009.9,4.0945,3.654,3.471,3.791,4.038,24.096,1969.31,75.645,256.15,210.1,779.55,2917,2417.8
03-04-2023,82.16,102.093,8907.8,4.0455,3.635,3.417,3.723,3.97,23.95,1984.385,80.385,256.05,209.5,776.6,2886.3,2387.3
04-04-2023,82.07,101.586,8755.4,3.971,3.598,3.342,3.603,3.821,25.01,2020.465,80.955,252.15,208.15,766.85,2846.3,2371
05-04-2023,81.925,101.852,8781.6,3.9865,3.574,3.314,3.577,3.792,24.932,2020.65,80.295,248.8,205.8,766.9,2803.8,2336.8
06-04-2023,81.8,101.822,8841.9,4.0155,3.553,3.307,3.604,3.829,24.97,2007.86,80.415,247.3,206.55,771.1,2797.8,2340.8
07-04-2023,81.84,102.095,8841.9,4.0155,3.623,3.413,3.759,3.993,24.97,2007.86,80.415,247.3,206.55,771.1,2797.8,2340.8
10-04-2023,81.945,102.578,8841.9,3.9765,3.631,3.421,3.782,4.01,24.85,1991.195,79.865,248.2,207.2,767.15,2797.8,2340.8
11-04-2023,82.01,102.204,8859.6,4.0195,3.622,3.43,3.781,4.033,25.07,2003.64,81.425,246.45,204.1,775.05,2771.4,2306.5
12-04-2023,81.91,101.5,8959.9,4.081,3.627,3.396,3.694,3.968,25.479,2014.95,83.215,247.6,205.1,782.5,2792.8,2325.5
13-04-2023,81.63,101.011,9047.4,4.124,3.689,3.449,3.708,3.968,25.818,2040.46,82.385,251.1,208.25,788.25,2841.5,2371.5
14-04-2023,81.8,101.552,9029.4,4.1065,3.738,3.517,3.836,4.099,25.317,2004.275,82.635,251.9,209.7,789.3,2845,2382.8
17-04-2023,81.96,102.103,8952.5,4.066,3.813,3.602,3.92,4.205,25.05,1995.055,80.94,251.25,209.15,780.5,2834.8,2378
18-04-2023,82.06,101.745,9008,4.0915,3.79,3.579,3.918,4.203,25.179,2005.075,80.89,253.2,214.35,781.25,2850.5,2431.3
19-04-2023,82.279,101.968,8968.8,4.077,3.79,3.595,3.954,4.248,25.25,1994.75,78.985,248.3,214.4,778.8,2789.5,2445.8
20-04-2023,82.1,101.84,8875.9,4.0255,3.745,3.534,3.862,4.151,25.25,2004.605,77.105,246.15,212.9,766.1,2772,2421.8
21-04-2023,82.01,101.822,8776.9,3.98,3.778,3.576,3.893,4.179,25.083,1982.92,77.905,240.95,211.3,757.25,2724.5,2399.3
24-04-2023,81.93,101.348,8735.6,3.954,3.713,3.494,3.795,4.105,25.14,1989.05,78.645,239,211.3,757.9,2672.8,2380.5
25-04-2023,81.945,101.863,8525.9,3.848,3.659,3.403,3.649,3.948,24.9998,1997.04,77.085,233.35,207.5,740.85,2607.8,2334
26-04-2023,81.72,101.467,8536,3.8535,3.705,3.45,3.694,3.949,24.88,1989.235,74.305,236.15,207.15,739.15,2647.8,2334.3
27-04-2023,81.69,101.503,8565.6,3.884,3.754,3.524,3.809,4.08,24.897,1987.8,74.775,236.35,206.35,742.2,2642.6,2322.8
28-04-2023,81.7,101.659,8585.5,3.8905,3.679,3.428,3.716,4.021,25.035,1989.535,76.605,236.9,210,742.55,2646.5,2357
02-05-2023,81.88,101.958,8516.9,3.8625,3.714,3.43,3.682,3.992,25.3538,2016.6,71.495,232.55,210.45,739.2,2597.8,2358.8
03-05-2023,81.82,101.343,8488.1,3.845,3.687,3.341,3.505,3.864,25.5962,2039.565,68.085,234.1,207.95,735.35,2618,2320.5
04-05-2023,81.674,101.399,8529,3.863,3.736,3.382,3.521,3.788,25.999,2050.31,68.565,235.1,206.6,738.55,2630.8,2297
05-05-2023,81.7,101.214,8571.3,3.883,3.756,3.441,3.645,3.918,25.641,2016.79,71.285,238.15,208.05,743.6,2681.8,2319
08-05-2023,81.8,101.377,8571.3,3.9295,3.825,3.511,3.724,4.001,25.5267,2021.355,71.285,238.75,208.8,752.7,2681.8,2319
09-05-2023,82.1,101.605,8601,3.9015,3.839,3.522,3.727,4.026,25.585,2034.535,73.485,238.35,209.55,751.7,2672,2317.5
10-05-2023,81.889,101.477,8485,3.841,3.802,3.443,3.578,3.91,25.38,2029.74,72.735,235.7,207.8,744.65,2622.8,2270.8
11-05-2023,82.07,102.058,8199.9,3.71,3.744,3.388,3.564,3.901,24.16,2015.03,71.385,230.6,205.95,729.2,2551,2214
12-05-2023,82.21,102.681,8239.6,3.7285,3.792,3.47,3.658,3.991,23.9622,2011.025,70.025,229.8,206.35,729,2560.8,2239.8
15-05-2023,82.217,102.434,8287.4,3.751,3.846,3.508,3.672,4.01,24.047,2016.365,71.265,229.05,207.7,728.1,2536.1,2264.8
16-05-2023,82.244,102.564,8117.1,3.667,3.856,3.54,3.747,4.084,23.711,1988.885,70.505,225.35,206.65,715.45,2492,2265.5
17-05-2023,82.425,102.882,8304.4,3.7545,3.856,3.57,3.817,4.16,23.73,1982.01,72.685,227.05,208.3,723.2,2523.3,2299.8
18-05-2023,82.7,103.584,8162.3,3.6895,3.907,3.65,3.918,4.26,23.475,1957.685,71.905,223.2,208.85,718.5,2454.5,2284
19-05-2023,82.832,103.198,8255.5,3.732,3.933,3.678,3.953,4.279,23.845,1977.895,71.835,225.25,210.3,724.15,2478.8,2284.5
22-05-2023,82.81,103.198,8148.9,3.685,3.967,3.719,3.987,4.32,23.64,1971.72,72.095,221.2,209,717.4,2427,2266.3
23-05-2023,82.81,103.488,8091.6,3.6545,3.949,3.696,3.976,4.32,23.447,1975.115,73.715,214.75,208.8,712.6,2360.5,2229.5
24-05-2023,82.65,103.887,7899.4,3.5615,3.988,3.746,4.064,4.378,23.052,1957.225,74.175,207.05,207.55,693.55,2297.5,2213
25-05-2023,82.713,104.251,7960,3.588,3.997,3.823,4.212,4.539,22.72,1940.595,71.765,206.25,206.7,702.6,2259.8,2215.8
26-05-2023,82.55,104.206,8156.9,3.682,3.969,3.81,4.246,4.568,23.3072,1946.93,72.835,211.45,207.85,712.45,2346.8,2246.3
29-05-2023,82.564,104.264,8156.9,3.682,3.930001,3.773159,4.260178,4.613801,23.3072,1943.12,72.835,212.7,207.75,714.3,2346.8,2246.3
30-05-2023,82.645,104.165,8121.1,3.663,3.895,3.69,4.115,4.46,23.171,1959.48,69.485,208.85,206.25,710.75,2295.9,2225.5
31-05-2023,82.641,104.326,8072.6,3.637,3.865,3.646,4.052,4.409,23.479,1962.615,67.545,206.1,207.65,709.3,2243.3,2244.5
01-06-2023,82.246,103.56,8220.9,3.711,3.817,3.599,3.984,4.343,23.87,1977.54,70.115,207.2,208.5,715.9,2278.5,2279
02-06-2023,82.378,104.015,8256.3,3.7275,3.888,3.696,4.142,4.512,23.6122,1948.1,71.835,209.05,207.6,716.1,2306.5,2266
05-06-2023,82.5,104.002,8337.8,3.768,3.89,3.685,4.114,4.47,23.53,1961.7,71.875,208.1,206.25,721.15,2291.3,2241
06-06-2023,82.49,104.125,8334.8,3.7685,3.847,3.662,4.112,4.497,23.582,1963.285,71.395,210.75,204.1,722.45,2333.8,2210.9
07-06-2023,82.593,104.099,8299.9,3.756,3.951,3.799,4.224,4.552,23.401,1940.01,72.415,214.4,204.15,721.05,2384,2215.3
08-06-2023,82.48,103.343,8369.8,3.795,3.889,3.722,4.17,4.519,24.25,1965.47,70.895,215.7,205.65,725,2405.9,2256.5
09-06-2023,82.42,103.557,8363.5,3.789,3.885,3.743,4.244,4.596,24.268,1960.745,70.285,214.25,205.65,723.9,2380.8,2262
12-06-2023,82.37,103.654,8296.4,3.752,3.882,3.739,4.224,4.585,24.044,1957.605,67.305,211.65,203.45,719.05,2337.8,2225.5
13-06-2023,82.209,103.338,8449.1,3.831,3.922,3.819,4.285,4.677,23.622,1943.6,69.255,214.9,204.05,728.45,2376,2233.3
14-06-2023,82.02,102.948,8521,3.87,3.883,3.792,4.296,4.694,23.907,1941.255,68.645,220.95,204.85,731.85,2473.6,2253.8
15-06-2023,81.88,102.115,8577.5,3.901,3.839,3.72,4.246,4.65,23.827,1958.005,70.515,222.2,204.55,735.25,2479.1,2251.5
16-06-2023,81.89,102.243,8579.5,3.889,3.855,3.769,4.316,4.72,24.1812,1957.555,71.595,221.85,205.5,734,2470.8,2267.8
19-06-2023,81.89,102.522,8530,3.889,3.907119,3.821667,4.361544,4.758956,24.1812,1950.42,71.595,219.25,203.6,729.35,2428,2236.8
20-06-2023,81.951,102.54,8565.6,3.8835,3.813,3.725,4.291,4.685,23.133,1936.255,70.845,215.1,202.8,730.8,2369.8,2233.8
21-06-2023,81.93,102.071,8596.9,3.9135,3.81,3.725,4.297,4.719,22.64,1932.51,72.315,217.25,202.85,732.3,2423.1,2232.8
22-06-2023,81.93,102.386,8582.9,3.89,3.872,3.799,4.379,4.791,22.231,1913.835,69.485,216.1,199.65,726.85,2424,2205
23-06-2023,81.96,102.903,8405.3,3.8035,3.814,3.737,4.328,4.75,22.412,1921.265,69.465,212.9,196.35,714.6,2359.8,2177.3
26-06-2023,81.982,102.692,8386.3,3.784,3.816,3.725,4.317,4.744,22.76,1923.15,69.485,211.7,195.55,716.45,2340.3,2147.3
27-06-2023,81.963,102.492,8349.8,3.7705,3.844,3.768,4.391,4.764,22.832,1913.68,67.965,214.2,198.3,716.8,2378,2194
28-06-2023,82,102.905,8259,3.7225,3.808,3.71,4.329,4.712,22.697,1907.535,69.115,213.35,197.2,710.25,2367.5,2173.8
29-06-2023,82.05,103.342,8174.1,3.699,3.902,3.842,4.489,4.863,22.5547,1908.065,69.735,211.2,196.45,704.95,2339,2163.5
30-06-2023,82.03,102.912,8307.9,3.7595,3.863,3.843,4.533,4.904,22.745,1919.525,70.385,214.45,195.85,713.75,2393.5,2157.8
03-07-2023,81.97,102.988,8378.5,3.794,3.87,3.858,4.577,4.938,22.87,1921.525,70.075,213.1,195.65,716.65,2369,2159.5
04-07-2023,81.926,102.988,8361.4,3.794,3.866889,3.860415,4.553831,4.908564,22.87,1925.875,70.075,215.75,196.2,716.85,2404.5,2168
05-07-2023,82.369,103.373,8326.9,3.7685,3.93,3.936,4.612,4.947,23.112,1915.12,71.775,213.95,195.05,717.25,2358.3,2140
06-07-2023,82.738,103.166,8269,3.7345,4.003,4.035,4.676,4.989,22.74,1910.975,71.865,215,195.05,715.8,2369.5,2134
07-07-2023,82.59,102.272,8365.3,3.782,4.049,4.07,4.669,4.95,23.05,1925.565,73.645,214.5,195.55,721.95,2359.5,2145
10-07-2023,82.58,101.972,8373.5,3.7845,4.033,3.998,4.547,4.864,23.123,1925.44,73.175,214.5,195.8,722.4,2358.5,2152.8
11-07-2023,82.371,101.732,8332.3,3.766,4.011,3.974,4.55,4.887,23.114,1932.505,74.775,214.25,196.45,718.5,2364.8,2169
12-07-2023,81.952,100.521,8511.6,3.853,3.951,3.859,4.385,4.748,24.089,1957.54,75.805,216.85,199.75,728.35,2425.5,2238.5
13-07-2023,82.02,99.77,8691.9,3.94,3.903,3.769,4.251,4.632,24.785,1960.64,77.165,219.65,201.9,739.8,2467.5,2274.5
14-07-2023,82.029,99.914,8678.1,3.933,3.932,3.834,4.379,4.768,24.92,1955.435,75.225,217.65,201.55,740.05,2428.8,2272.3
17-07-2023,82.006,99.842,8494.5,3.844,3.932,3.811,4.342,4.742,24.807,1954.98,74.075,214.9,199.65,726.2,2407.8,2256.5
18-07-2023,82.04,99.941,8468.6,3.8295,3.897,3.789,4.351,4.764,25.054,1978.92,75.745,214.1,197.3,724.75,2389.8,2202.8
19-07-2023,82.03,100.281,8425.3,3.814,3.842,3.752,4.345,4.768,25.11,1977.15,75.335,212.2,196.25,722.25,2363,2191.5
20-07-2023,82.058,100.88,8474,3.8345,3.911,3.854,4.452,4.845,24.726,1969.55,75.665,213.05,196.1,729.95,2382.5,2196
21-07-2023,81.96,101.071,8446,3.818,3.901,3.841,4.446,4.846,24.57,1961.95,76.765,212.7,196.6,724.65,2378.5,2206.3
24-07-2023,81.789,101.346,8526,3.8555,3.927,3.878,4.514,4.926,24.3298,1954.715,78.875,213.4,195.8,725.3,2420,2210.5
25-07-2023,81.854,101.349,8649.8,3.9155,3.931,3.888,4.534,4.879,24.686,1964.745,79.285,219.65,199.7,740.55,2487,2236.5
26-07-2023,81.93,100.887,8614,3.902,3.937,3.871,4.491,4.85,24.905,1972.24,78.885,219,198.55,738.3,2473.5,2211.9
27-07-2023,82.13,101.773,8568.4,3.8755,4.041,4.004,4.588,4.926,24.106,1945.15,79.765,218.05,198.25,735.2,2454.5,2204.3
28-07-2023,82.205,101.622,8671.8,3.9265,4.011,3.953,4.522,4.885,24.335,1959.34,80.625,221.25,199.9,743.8,2501.3,2225.5
31-07-2023,82.214,101.855,8830.8,4.008,4.011,3.965,4.528,4.885,24.739,1965.615,81.715,227.35,204.35,755.9,2564.3,2284
01-08-2023,82.294,102.303,8637.5,3.9085,4.098,4.027,4.568,4.906,24.3126,1944.2,82.125,226.7,202.6,744.45,2552,2251.3
02-08-2023,82.704,102.59,8508.6,3.8435,4.176,4.084,4.554,4.885,23.7058,1934.71,79.685,222.45,199.95,737.1,2486,2211.3
03-08-2023,82.89,102.542,8626.8,3.8995,4.296,4.181,4.579,4.883,23.55,1934.225,81.675,223.5,201.7,746.25,2503,2230.5
04-08-2023,82.653,102.017,8565.5,3.8675,4.204,4.04,4.45,4.768,23.6282,1942.655,82.585,224.25,202.25,740.15,2513,2239.3
07-08-2023,82.73,102.047,8501.6,3.835,4.272,4.095,4.462,4.777,23.088,1936.585,82.445,223.45,202.15,737.45,2493.8,2229.3
08-08-2023,82.836,102.528,8364.3,3.7665,4.212,4.026,4.419,4.76,22.76,1925.16,82.775,221.45,200.3,729.35,2464.8,2199.5
09-08-2023,82.82,102.49,8397.4,3.7835,4.176,4.016,4.442,4.81,22.6507,1914.95,84.175,222.85,200.4,732.2,2473.3,2197.5
10-08-2023,82.601,102.524,8378.9,3.765,4.253,4.109,4.513,4.85,22.695,1912.42,82.815,221.2,200.4,728.7,2452.5,2203.3
11-08-2023,82.849,102.842,8300,3.719,4.265,4.158,4.578,4.893,22.677,1913.815,83.005,217.45,198.25,725,2394,2177.5
14-08-2023,83.16,103.19,8294.8,3.7255,4.292,4.197,4.649,4.973,22.591,1907.505,82.435,214.7,197.2,727,2354.8,2146.5
15-08-2023,83.39,103.209,8184,3.6675,4.319,4.217,4.649,4.961,22.505,1901.82,81.035,214.7,197.2,727,2307,2143.3
16-08-2023,83.189,103.431,8166.9,3.6575,4.356,4.252,4.669,4.969,22.4,1892.09,79.235,210.1,196.95,720.95,2298.3,2143
17-08-2023,83.13,103.572,8243.8,3.6915,4.389,4.28,4.655,4.936,22.685,1889.25,80.015,210.15,196.9,723.6,2298.3,2146
18-08-2023,83.121,103.375,8258.5,3.706,4.379,4.257,4.653,4.943,22.735,1889.545,81.365,209.5,197.25,725.65,2304.5,2138.5
21-08-2023,83.07,103.3,8287,3.7185,4.448,4.342,4.718,5.007,23.2938,1894.895,80.165,210.25,197.25,728.7,2316.8,2144
22-08-2023,83.02,103.563,8356.3,3.757,4.4,4.328,4.759,5.048,23.408,1897.675,79.605,211.25,198.85,733.1,2333.8,2178.5
23-08-2023,82.502,103.419,8453.8,3.8085,4.271,4.198,4.659,4.971,24.289,1915.41,78.565,212.15,198.65,738.9,2374,2177.1
24-08-2023,82.552,103.982,8366.6,3.771,4.304,4.241,4.705,5.023,24.105,1916.79,78.845,212.8,197.5,733.75,2386,2158.8
25-08-2023,82.617,104.077,8359.3,3.762,4.288,4.239,4.743,5.078,24.2132,1914.425,79.965,215.05,198.1,731.4,2395.3,2156
28-08-2023,82.58,104.058,8359.3,3.756,4.28,4.208,4.703,5.052,24.213,1920.19,79.945,215.7,198.65,732.6,2395.3,2156
29-08-2023,82.554,103.531,8455.6,3.7945,4.232,4.122,4.583,4.894,24.688,1937.435,81.275,217.6,198.95,737.1,2439.8,2170.3
30-08-2023,82.587,103.157,8465.5,3.844,4.228,4.118,4.574,4.882,24.581,1942.425,81.665,217.75,200.75,737.95,2433,2203
31-08-2023,82.682,103.619,8424.1,3.822,4.214,4.11,4.557,4.863,24.409,1939.855,83.535,217.45,201.6,735.6,2431,2204.8
01-09-2023,82.669,104.236,8491.3,3.852,4.298,4.181,4.583,4.87639999,24.16,1939.9,85.975,220.8,203.45,739.95,2484.3,2239
04-09-2023,82.698,104.112,8455.8,3.852,4.31899977,4.21099997,4.583,4.87639999,24.16,1938.455,85.975,220.3,201.3,736.6,2476.3,2205
05-09-2023,83.013,104.807,8482.5,3.8485,4.37130022,4.26370001,4.67010021,4.95970011,23.533,1926.01,86.685,220.5,200.7,740.45,2471.1,2191.8
06-09-2023,83.178,104.861,8363.5,3.786,4.355,4.284,4.731,5.029,23.16,1916.49,87.545,220.75,201.35,733.55,2468,2190.3
07-09-2023,83.13,105.059,8312,3.762,4.342,4.248,4.668,4.953,22.958,1919.66,86.725,221.95,201.25,728.05,2484.5,2195.1
08-09-2023,82.984,105.09,8225.8,3.7165,4.338,4.268,4.703,4.989,22.91,1919.085,87.175,217.45,199.85,721.15,2433.6,2180.3
11-09-2023,82.856,104.569,8414,3.807,4.376,4.294,4.709,4.995,23.064,1922.38,87.225,222.25,201.65,733.4,2516,2208
12-09-2023,82.85,104.711,8387.9,3.792,4.353,4.284,4.701,5.02,23.0538,1913.43,88.735,220.7,201.1,732.1,2483.5,2197
13-09-2023,82.861,104.766,8391.3,3.793,4.345,4.254,4.648,4.971,22.83,1908.32,88.825,223.55,202.3,732.7,2527,2211.8
14-09-2023,82.99,105.405,8448.3,3.8215,4.382,4.292,4.69,5.014,22.616,1910.72,90.655,225.95,203.75,737.1,2560.5,2220.8
15-09-2023,83.049,105.322,8409.5,3.801,4.418,4.334,4.727,5.037,23.024,1923.92,91.165,223.35,201.7,734.15,2518.1,2194.3
18-09-2023,83.22,105.202,8364.4,3.779,4.388,4.307,4.732,5.056,23.23,1933.695,92.195,224.75,203.15,731.45,2541,2219
19-09-2023,83.29,105.157,8307,3.747,4.427,4.361,4.784,5.092,23.185,1931.36,90.665,221.65,203.05,727.05,2488.4,2214.8
20-09-2023,82.9,105.12,8354.9,3.776,4.448,4.411,4.864,5.172,23.217,1930.62,89.185,224,204.45,727.2,2546.3,2250.5
21-09-2023,83.09,105.363,8203.3,3.696,4.576,4.496,4.861,5.144,23.396,1920.085,89.525,222.7,202.9,719.15,2521,2221
22-09-2023,82.95,105.583,8206.9,3.696,4.528,4.436,4.804,5.112,23.5512,1925.43,90.285,224.25,204.05,714,2552,2242.5
25-09-2023,83.11,105.998,8150.8,3.67,4.654,4.537,4.833,5.129,23.131,1916.015,89.835,224.75,205,713.9,2533,2233.5
26-09-2023,83.248,106.231,8108.1,3.649,4.675,4.536,4.822,5.134,22.829,1900.67,90.505,223.4,205.75,712.25,2510.3,2241.5
27-09-2023,83.156,106.666,8090.8,3.6365,4.721,4.61,4.899,5.137,22.533,1874.835,93.655,222.05,205.45,709.25,2486.3,2240.5
28-09-2023,83.108,106.224,8224.1,3.708,4.706,4.577,4.819,5.062,22.6,1864.795,91.765,229.9,207.45,719.7,2618.5,2279.3
29-09-2023,83.056,106.121,8282.3,3.7375,4.703,4.575,4.805,5.052,22.171,1848.82,90.705,232.25,211.95,722.45,2653.6,2348.3
02-10-2023,83.2,106.904,8070,3.6415,4.791,4.681,4.883,5.108,21.02,1827.89,88.575,232.25,211.95,722.45,2595.9,2322.8
03-10-2023,83.202,107,8018.9,3.621,4.925,4.798,4.955,5.154,21.172,1822.905,89.385,224,208.85,704.8,2509.5,2294.8
04-10-2023,83.23,106.799,7948.1,3.589,4.859,4.735,4.866,5.054,20.9926,1821.315,84.405,222.15,205.45,699.5,2497,2249
05-10-2023,83.199,106.332,7878.6,3.552,4.893,4.719,4.823,5.025,20.957,1820.3,82.515,221.45,205.55,696.7,2466.8,2229.5
06-10-2023,83.098,106.044,8030.3,3.6275,4.974,4.805,4.89,5.081,21.5852,1832.035,82.735,222.85,205.75,705.9,2507,2242.8
09-10-2023,83.234,106.083,8084.6,3.646,4.840054,4.638302,4.698815,4.931881,21.859,1861.405,86.335,223.45,206.5,711.4,2504.8,2241.5
10-10-2023,83.142,105.825,8054.4,3.634,4.833,4.657,4.762,4.967,21.823,1860.46,85.905,221.5,204.3,705.25,2479.6,2218.3
11-10-2023,83.15,105.82,8015.5,3.612,4.696,4.56,4.749,4.986,22.003,1874.055,83.235,221.3,204.3,702.3,2476.5,2214.3
12-10-2023,83.27,106.599,7994.3,3.591,4.858,4.701,4.851,5.071,21.825,1868.835,83.465,220.2,203.55,699.9,2447,2208
13-10-2023,83.235,106.648,7954.6,3.571,4.755,4.612,4.82,5.058,22.7,1932.365,87.675,220.15,203.05,698.15,2449.3,2198.5
16-10-2023,83.19,106.243,7981.9,3.582,4.851,4.708,4.872,5.101,22.594,1920.165,86.995,220.45,203.05,700.5,2447.5,2184.3
17-10-2023,83.23,106.25,7973.1,3.5785,4.926,4.836,5.012,5.216,22.79,1923.23,87.665,218.9,202.6,699.1,2433.1,2183.3
18-10-2023,83.252,106.565,7983.6,3.587,4.998,4.917,5.052,5.22,22.849,1947.815,88.135,219.6,202.1,700.45,2433.3,2188.5
19-10-2023,83.082,106.253,8012,3.601,5.115,4.992,5.018,5.161,23.027,1974.075,89.125,218.85,202.85,700.55,2427.3,2189.3
20-10-2023,83.13,106.163,7943.3,3.563,5.082,4.918,4.921,5.071,23.35,1980.9,88.275,219.85,202.7,696,2443,2180.5
23-10-2023,83.05,105.536,7980.1,3.5865,5.002,4.852,4.873,5.047,22.928,1972.84,86.055,218.9,201.8,697.85,2426.3,2176.8
24-10-2023,82.99,106.27,8053.8,3.624,4.939,4.825,4.922,5.108,22.93,1971.025,83.625,219.1,202.8,700.45,2448.3,2200.5
25-10-2023,83.116,106.528,7992,3.591,5.088,4.957,4.979,5.125,22.845,1979.96,85.255,222.45,204.95,700.15,2478.8,2216.5
26-10-2023,83.223,106.602,7978,3.5845,4.99,4.847,4.879,5.046,22.77,1984.95,83.445,220.15,203.85,700.35,2432.5,2196.5
27-10-2023,83.245,106.559,8099,3.646,5.019,4.839,4.839,5.015,23.09,2006.02,85.105,221.65,205.45,706.8,2469.5,2223.5
30-10-2023,83.23,106.12,8135.9,3.6585,5.051,4.894,4.897,5.05,23.29,1996.26,82.535,221.4,207,708.6,2469.5,2264
31-10-2023,83.231,106.663,8109.4,3.649,5.097,4.933,4.929,5.083,22.85,1983.9,81.305,219.05,206.5,707.25,2419.5,2246.3
01-11-2023,83.217,106.884,8092.9,3.649,4.931,4.734,4.756,4.948,22.927,1982.355,80.845,222.2,206.25,706.6,2410.9,2241.3
02-11-2023,83.214,106.124,8092.9,3.6725,4.805,4.661,4.785,4.996,22.756,1985.91,82.445,221.75,205.8,710.4,2410.9,2241.3
03-11-2023,83.12,105.021,8164.4,3.6815,4.77,4.574,4.644,4.845,23.208,1992.59,80.825,223.55,207.1,709.9,2513.6,2251.3
06-11-2023,83.198,105.215,8251.3,3.719,4.812,4.645,4.728,4.941,23.01,1977.975,80.865,226.5,209.1,713.7,2564.8,2282.3
07-11-2023,83.21,105.542,8192,3.679,4.728,4.571,4.693,4.915,22.6227,1969.3,77.075,226.55,209.2,710,2567.3,2270.6
08-11-2023,83.193,105.593,8108.9,3.638,4.618,4.495,4.681,4.936,22.525,1950.28,75.545,226.75,208.4,709.9,2602,2264.3
09-11-2023,83.295,105.91,8129.5,3.6405,4.768,4.628,4.792,5.029,22.621,1958.26,75.535,228.7,206.55,704.95,2600.5,2241.3
10-11-2023,83.289,105.861,8025.9,3.587,4.766,4.652,4.84,5.069,22.2582,1938.385,77.305,227.2,204.8,697.75,2556.8,2219.5
13-11-2023,83.188,105.631,8172.3,3.666,4.758,4.642,4.812,5.033,22.293,1946.155,78.475,227.05,205.8,705.9,2548,2230.6
14-11-2023,82.953,104.053,8219.3,3.6835,4.622,4.451,4.6,4.836,23.071,1963.175,78.155,229.7,205.1,708.15,2603.8,2231
15-11-2023,83.168,104.394,8279.8,3.7185,4.697,4.533,4.681,4.916,23.4338,1959.545,76.525,232.7,206.1,711.95,2636.6,2232.3
16-11-2023,83.132,104.349,8238.6,3.7025,4.618,4.437,4.591,4.85,23.717,1981.39,72.865,228.2,204.3,708.35,2577,2215.3
17-11-2023,83.224,103.917,8299.3,3.7385,4.592,4.439,4.625,4.894,23.699,1980.73,76.045,227.15,203.4,711.5,2554.9,2210.5
20-11-2023,83.314,103.438,8443.9,3.814,4.575,4.424,4.633,4.919,23.419,1977.845,77.555,227.95,205.45,717.6,2573.3,2244.6
21-11-2023,83.26,103.565,8468.3,3.8125,4.549,4.395,4.593,4.883,23.726,1998.525,77.775,226.3,205.7,717.2,2546.5,2256.3
22-11-2023,83.272,103.92,8376.6,3.763,4.54,4.408,4.622,4.897,23.613,1989.885,76.755,223.4,203.15,712.85,2500.3,2221.8
23-11-2023,83.285,103.768,8402.4,3.763,4.546442,4.411962,4.62455,4.903873,23.613,1992.89,76.755,225.1,202.9,713.85,2543.4,2223.8
24-11-2023,83.32,103.403,8442.6,3.789,4.603,4.472,4.67,4.955,24.306,2002.495,75.125,228.2,204.1,722.3,2558,2221.8
27-11-2023,83.31,103.199,8369.5,3.758,4.539,4.388,4.602,4.888,24.625,2014.175,74.985,226.35,203.45,718.85,2521.8,2212.3
28-11-2023,83.32,102.746,8451.3,3.8,4.506,4.323,4.485,4.743,25.011,2040.97,76.505,227.25,203.45,722,2538,2222
29-11-2023,83.332,102.765,8432.8,3.8255,4.44,4.259,4.402,4.645,25.0048,2044.32,77.665,224.7,202.5,719.65,2499.3,2214.8
30-11-2023,83.337,103.497,8470.8,3.8505,4.498,4.328,4.445,4.695,25.261,2036.165,75.565,222.9,201.2,722,2472.3,2194
01-12-2023,83.24,103.268,8637.5,3.9315,4.391,4.197,4.299,4.551,25.4792,2071.88,74.343,225.3,201.8,726.6,2527.5,2205.3
04-12-2023,83.408,103.712,8448,3.8355,4.411,4.257,4.396,4.637,24.48,2029,73.228,220.5,200.15,720.2,2449.3,2186.5
05-12-2023,83.3,104.05,8337.5,3.784,4.297,4.167,4.333,4.579,24.1478,2019.345,72.003,218.65,198.6,713,2424.8,2165.5
06-12-2023,83.314,104.153,8243.3,3.7345,4.215,4.106,4.327,4.597,23.89,2025.475,69.187,218.85,196.35,708.35,2419.3,2144.8
07-12-2023,83.324,103.541,8367.5,3.7975,4.258,4.151,4.344,4.592,23.79,2028.515,69.558,217.6,195.1,715.2,2407.5,2136.3
08-12-2023,83.407,104.01,8431.3,3.8305,4.305,4.229,4.46,4.723,22.988,2004.44,71.198,216.55,195.6,721.75,2391.5,2137.5
11-12-2023,83.362,104.095,8332.9,3.7805,4.328,4.235,4.46,4.71,22.808,1981.84,71.338,217.15,194.1,714.2,2411.5,2122.8
12-12-2023,83.375,103.865,8333.8,3.7875,4.311,4.203,4.431,4.735,22.729,1979.435,68.683,218.25,194.4,714.9,2426,2121
13-12-2023,83.33,102.869,8338.6,3.7875,4.178,4.02,4.148,4.433,23.792,2027.575,69.812,218.2,195.65,713.7,2435.8,2144.5
14-12-2023,83.287,101.956,8560.4,3.8925,4.039,3.923,4.096,4.386,24.1587,2036.265,71.583,221.75,200.45,727.15,2485.8,2205
15-12-2023,82.974,102.55,8549.4,3.8905,4.011,3.913,4.123,4.449,23.853,2019.54,71.735,223.2,202.85,725.65,2533,2239.8
18-12-2023,83.124,102.561,8469.1,3.852,4.045,3.935,4.15,4.451,23.786,2027.24,72.812,224,204.8,720.8,2532.8,2279.8
19-12-2023,83.086,102.167,8567.3,3.898,4.04,3.933,4.147,4.441,24.036,2040.245,74.128,226.1,204.05,726.65,2571.3,2265.5
20-12-2023,83.121,102.408,8585,3.906,3.987,3.851,4.046,4.338,24.13,2031.78,73.738,225.4,202.75,725.95,2563,2243.3
21-12-2023,83.194,101.843,8605.1,3.9175,4.032,3.892,4.06,4.352,24.392,2045.92,73.903,223.5,199.95,726,2549.8,2246.4
22-12-2023,83.099,101.698,8580.6,3.905,4.053,3.901,4.045,4.327,24.1798,2053.2,73.388,228.95,208.7,732.55,2597.5,2329.5
25-12-2023,83.144,101.698,8580.6,3.905,4.053,3.901,4.045,4.327,24.1798,2053.2,73.388,228.95,208.7,732.55,2597.5,2329.5
26-12-2023,83.159,101.466,8580.6,3.902,4.047,3.899,4.067,4.356,24.207,2067.71,75.282,229.2,207.7,732.65,2597.5,2329.5
27-12-2023,83.242,100.986,8696.8,3.9595,3.955,3.798,3.988,4.24,24.2527,2077.12,73.778,232.4,212.05,739.3,2635.8,2391.3
28-12-2023,83.149,101.229,8629.4,3.9245,3.995,3.844,4.024,4.279,23.978,2065.265,71.988,231.95,211.15,734.7,2635.3,2370.6
29-12-2023,83.17,101.333,8562.4,3.8905,4.019,3.866,4.003,4.25,23.778,2062.97,71.293,233.3,211.95,730.55,2662.3,2386
01-01-2024,83.217,101.333,8562.4,3.8905,4.019,3.866,4.003,4.25,23.778,2062.97,71.293,233.15,212.1,731.1,2662.3,2386
02-01-2024,83.234,102.2,8545,3.8805,4.073,3.935,4.09,4.324,23.637,2059.045,70.437,230.55,208.25,729.85,2620.3,2326.5
03-01-2024,83.266,102.494,8506.1,3.8615,4.075,3.92,4.087,4.333,22.9767,2041.29,72.928,228.45,207.2,727.6,2586.3,2310.5
04-01-2024,83.223,102.422,8475.1,3.844,4.154,4.001,4.155,4.387,22.992,2043.435,72.338,225.75,206.1,724.95,2534.5,2284.3
05-01-2024,83.075,102.412,8404,3.806,4.205,4.05,4.168,4.393,23.182,2045.625,73.893,225.5,205.45,720.7,2540.3,2273.8
08-01-2024,83,102.209,8425.5,3.81,4.196,4.032,4.143,4.375,23.076,2028.035,70.838,223.5,203.55,720.35,2504.3,2237.8
09-01-2024,83.089,102.57,8326,3.7585,4.187,4.015,4.131,4.366,22.96,2030.02,72.143,223.45,203.65,713.9,2511,2246.8
10-01-2024,83,102.362,8373.8,3.781,4.207,4.03,4.109,4.36,22.883,2024.32,71.253,222.85,202.85,716.4,2504,2235.8
11-01-2024,83.043,102.291,8365.1,3.7765,4.175,3.968,4.003,4.249,22.737,2029.015,72.773,223.35,203.1,717,2504.3,2238.5
12-01-2024,82.838,102.404,8297,3.7405,4.179,3.941,3.933,4.146,23.187,2049.155,72.743,223.05,201.6,712.4,2512.3,2219.3
15-01-2024,82.807,102.599,8379.9,3.7405,4.179,3.941,3.933,4.146,23.187,2054.765,72.743,225.6,200.05,715.4,2557.5,2202.8
16-01-2024,83.065,103.357,8344,3.7665,4.297,4.062,4.011,4.222,22.901,2028.505,71.803,224.8,201.1,715.5,2545.3,2214.5
17-01-2024,83.162,103.45,8279,3.733,4.315,4.106,4.143,4.361,22.54,2006.335,72.673,220.35,198.75,713.3,2467.6,2180.5
18-01-2024,83.127,103.536,8300.9,3.745,4.367,4.146,4.146,4.355,22.7258,2023.02,73.803,219.45,197.45,713.35,2462.9,2168.5
19-01-2024,83.066,103.288,8378.3,3.7865,4.333,4.126,4.163,4.389,22.6092,2029.62,73.388,219.75,197.4,717.8,2468,2173.5
22-01-2024,83.055,103.331,8343.3,3.7635,4.321,4.109,4.149,4.393,22.078,2021.66,74.573,219.35,196.15,714.85,2455.3,2159.3
23-01-2024,83.125,103.617,8396.8,3.7935,4.365,4.132,4.146,4.372,22.425,2029.155,74.443,221.8,200.15,717.3,2521,2231
24-01-2024,83.067,103.236,8579,3.886,4.411,4.18,4.194,4.384,22.645,2014.235,75.312,228.1,203.15,729.9,2586.3,2230.5
25-01-2024,83.121,103.574,8557.9,3.869,4.372,4.12,4.104,4.297,22.88,2020.94,77.043,228.1,203.05,729.5,2583.5,2235
26-01-2024,83.104,103.474,8522.8,3.852,4.371,4.141,4.149,4.357,22.778,2018.59,78.118,228.1,203.05,729.5,2574,2266.5
29-01-2024,83.14,103.459,8576,3.879,4.314,4.076,4.113,4.32,23.1867,2032.53,76.928,227.15,204.15,731.95,2560.5,2257.8
30-01-2024,83.09,103.418,8636.8,3.911,4.253,4.034,4.121,4.339,23.156,2036.83,77.723,227.55,204.75,734.9,2567,2272
31-01-2024,83.05,103.512,8627.6,3.906,4.169,3.916,3.988,4.211,22.9248,2039.155,75.778,225.2,204.9,733.25,2526.8,2278.5
01-02-2024,82.908,103.066,8527,3.8535,4.12,3.882,3.98,4.211,23.156,2054.825,73.843,220.9,202.5,726.75,2473.8,2251
02-02-2024,82.979,103.962,8465.5,3.8215,4.223,4.024,4.147,4.372,22.682,2039.75,72.308,219.05,201.7,722.05,2450.3,2240
05-02-2024,83.009,104.453,8371,3.7715,4.339,4.16,4.265,4.474,22.333,2024.89,72.743,217,199.6,715.95,2420.8,2204
06-02-2024,83.04,104.138,8391.9,3.781,4.301,4.102,4.196,4.399,22.408,2035.885,73.403,217.55,201.75,717.25,2434.8,2231.5
07-02-2024,82.953,104.052,8301.4,3.7355,4.328,4.123,4.206,4.427,22.1948,2035,74.008,215.25,200.7,711.2,2402.5,2221
08-02-2024,82.959,104.136,8220.5,3.702,4.358,4.154,4.248,4.46,22.553,2034.21,76.408,209.85,200.9,706.25,2338,2226.3
09-02-2024,82.979,104.08,8176.5,3.6815,4.374,4.177,4.271,4.486,22.591,2024.36,76.543,207.6,200.5,703.75,2301.8,2219
12-02-2024,82.93,104.132,8254.3,3.724,4.382,4.181,4.265,4.48,22.658,2020.01,76.883,208.6,201.15,708.2,2327.6,2229.3
13-02-2024,83.074,104.859,8228.8,3.711,4.466,4.318,4.471,4.67,22.1067,1993.09,77.763,206.7,200.1,707.65,2305.8,2222
14-02-2024,82.989,104.712,8203.3,3.7,4.437,4.259,4.383,4.582,22.345,1992.365,76.493,207.7,201.1,705.9,2317.1,2237
15-02-2024,82.967,104.278,8321.5,3.758,4.412,4.236,4.361,4.578,22.898,2004.4,77.532,210.85,200.05,714.75,2361.3,2224
16-02-2024,82.992,104.275,8486.1,3.8385,4.439,4.283,4.421,4.644,23.398,2013.23,78.162,214.3,199.05,723.2,2383,2219.3
19-02-2024,83.003,104.14,8436.1,3.8385,4.439,4.283,4.421,4.644,23.398,2017.945,78.162,215.75,197.45,720.15,2405.5,2199
20-02-2024,82.851,104.054,8536.4,3.8675,4.449,4.279,4.396,4.614,22.955,2024.415,77.133,212.05,199.3,725.15,2386.6,2225.8
21-02-2024,82.87,103.997,8550.9,3.875,4.48,4.319,4.444,4.668,22.88,2026.04,77.978,213.4,199.3,726.6,2398.4,2226.3
22-02-2024,82.833,103.944,8604.5,3.897,4.458,4.327,4.487,4.714,22.734,2024.355,78.293,214.1,198.6,726.8,2389.5,2200.3
23-02-2024,82.839,103.961,8577.5,3.88,4.371,4.252,4.457,4.687,22.944,2035.375,76.543,214.2,197.55,730.9,2411.5,2186.3
26-02-2024,82.826,103.781,8451.9,3.82,4.399,4.283,4.491,4.731,22.507,2031.25,77.543,214.55,197.75,725,2425.9,2187.3
27-02-2024,82.857,103.805,8488.6,3.828,4.428,4.303,4.489,4.693,22.438,2030.445,78.463,214.95,198.85,726.9,2420.3,2202.5
28-02-2024,82.859,103.915,8459.3,3.8405,4.407,4.266,4.434,4.644,22.433,2034.46,78.238,213.55,198.35,726.05,2413,2196
29-02-2024,82.88,104.146,8481.5,3.847,4.382,4.252,4.417,4.623,22.657,2044.29,78.228,214.6,200.3,727.15,2423.8,2223.3
01-03-2024,82.823,103.885,8518.3,3.8615,4.329,4.184,4.329,4.533,23.1262,2082.73,79.748,214.4,201.45,727.95,2418,2238.5
04-03-2024,82.859,103.835,8517.5,3.857,4.354,4.217,4.387,4.612,23.871,2114.365,78.678,216.5,202.05,728.35,2446,2235
05-03-2024,82.871,103.77,8495.5,3.847,4.295,4.154,4.341,4.562,23.656,2128.045,78.088,217.1,201.8,726.15,2453.8,2227.3
06-03-2024,82.762,103.352,8550.6,3.875,4.24,4.106,4.333,4.562,24.156,2148.15,79.048,218.6,201.6,730.8,2490.8,2232
07-03-2024,82.666,102.796,8648,3.926,4.246,4.087,4.281,4.503,24.31,2160.115,79.393,221.4,203.1,735.45,2533,2253.3
08-03-2024,82.716,102.741,8576.6,3.8915,4.255,4.079,4.25,4.478,24.305,2179.105,77.778,221.05,202.55,731.6,2526.5,2240.5
11-03-2024,82.72,102.849,8654.8,3.9285,4.263,4.1,4.305,4.538,24.459,2182.73,78.078,223.4,203.2,736.7,2563.3,2252
12-03-2024,82.819,102.925,8655.6,3.932,4.312,4.153,4.337,4.584,24.105,2158.46,77.978,223.05,203.95,736,2553.8,2263
13-03-2024,82.812,102.794,8916.3,4.06,4.342,4.192,4.388,4.632,25,2174.385,79.537,224.45,204.3,752.9,2575.4,2260.5
14-03-2024,82.895,103.361,8892.1,4.0455,4.433,4.292,4.466,4.694,24.803,2162.13,81.003,223.15,203.7,752.2,2552.5,2253.5
15-03-2024,82.863,103.446,9061.9,4.1245,4.431,4.31,4.509,4.732,25.173,2156.01,80.968,222.65,204.6,762.25,2562,2275.8
18-03-2024,82.896,103.581,9102.3,4.13,4.45,4.324,4.521,4.736,25.0358,2160.32,82.143,220.95,204.6,765.7,2529.3,2275.5
19-03-2024,82.987,103.822,8970.3,4.0745,4.443,4.293,4.473,4.687,24.895,2157.575,82.443,217.95,203.85,756.4,2503,2271
20-03-2024,83.156,103.379,8913.4,4.0515,4.456,4.277,4.397,4.604,25.57,2186.37,81.363,218.7,204.05,753.6,2512.1,2275.5
21-03-2024,83.185,103.969,8959.8,4.0585,4.439,4.271,4.416,4.643,24.7,2181.36,80.748,219.4,205,757.4,2527.5,2307
22-03-2024,83.512,104.43,8854.5,4.0075,4.381,4.202,4.354,4.596,24.661,2165.31,80.743,220.45,208.1,759,2483.8,2306
25-03-2024,83.386,104.223,8869,4.016,4.418,4.247,4.394,4.63,24.6587,2171.805,81.908,220.6,209.25,760.5,2492.3,2327
26-03-2024,83.322,104.295,8857.5,4.0085,4.399,4.234,4.388,4.593,24.442,2178.74,81.218,217.5,206.95,757.7,2442.3,2301
27-03-2024,83.334,104.295,8863,4,4.352,4.192,4.363,4.568,24.611,2194.86,81.648,216.75,207.7,759.05,2445.3,2304
28-03-2024,83.332,104.538,8872.3,4.007,4.349,4.206,4.417,4.628,24.94,2233.12,83.058,216.95,208.7,760.65,2440.3,2338.5
29-03-2024,83.34,104.538,8872.3,4.007,4.349,4.206,4.417,4.628,24.94,2233.12,83.058,216.95,208.7,760.65,2440.3,2338.5
01-04-2024,83.34,104.964,8872.3,4.0485,4.449,4.313,4.512,4.711,25.079,2251.67,83.913,217.7,209.55,765.9,2440.3,2338.5
02-04-2024,83.302,104.752,9000.8,4.0705,4.495,4.353,4.509,4.693,26.127,2280.815,85.393,220.1,212.65,769.3,2481.5,2374.5
03-04-2024,83.453,104.227,9265.9,4.194,4.509,4.349,4.489,4.674,27.178,2299.93,85.588,224.85,218.75,790.65,2554.1,2431.5
04-04-2024,83.343,104.208,9384.6,4.249,4.477,4.313,4.464,4.645,26.896,2291.21,86.753,233.65,222.85,803.15,2635.5,2445.8
05-04-2024,83.273,104.286,9354,4.236,4.557,4.404,4.568,4.75,27.462,2330.16,86.673,232.6,223.95,801.4,2628.5,2447.5
08-04-2024,83.27,104.122,9420.5,4.276,4.551,4.422,4.606,4.793,27.8277,2339.15,86.493,235.6,223.75,816.05,2658.8,2458
09-04-2024,83.199,104.11,9427,4.2855,4.497,4.366,4.563,4.743,28.127,2352.41,85.278,238.75,223.3,818.55,2714.5,2460.8
10-04-2024,83.388,105.19,9409.1,4.282,4.623,4.544,4.803,4.973,27.9,2333.865,86.198,242.7,224.4,819.05,2753.5,2470.8
11-04-2024,83.304,105.258,9360.5,4.253,4.68,4.591,4.805,4.952,28.416,2372.285,85.478,243.5,224.1,816.55,2776.3,2457
12-04-2024,83.52,106.013,9393,4.2585,4.631,4.526,4.737,4.894,27.845,2344.235,85.403,246.2,226.45,820.55,2812.3,2482.3
15-04-2024,83.487,106.182,9608,4.379,4.718,4.606,4.766,4.925,28.85,2383.51,85.603,244.75,232.45,831.3,2783.8,2569.5
16-04-2024,83.648,106.372,9474,4.3035,4.765,4.669,4.849,4.985,28.07,2383.13,85.213,242.95,232,824.2,2760.5,2554.3
17-04-2024,83.618,105.919,9532.1,4.3395,4.701,4.589,4.769,4.934,28.205,2361.095,82.263,247.9,234.85,829.8,2804.9,2570
18-04-2024,83.511,106.157,9758.3,4.4365,4.733,4.635,4.826,4.99,28.212,2379.05,81.848,247.55,237.3,838.3,2812.8,2619
19-04-2024,83.336,106.117,9882.3,4.4975,4.714,4.623,4.824,4.988,28.669,2392.07,82.067,250.65,242.45,845.15,2861.8,2663
22-04-2024,83.34,106.12,9840,4.476,4.716,4.611,4.804,4.973,27.19,2327.24,82.078,249.45,243.55,844.25,2823.3,2663
23-04-2024,83.243,105.685,9729.8,4.4345,4.727,4.602,4.77,4.937,27.28,2322.13,83.328,247.65,241.05,837.6,2792,2579.9
24-04-2024,83.3,105.822,9779.6,4.4575,4.774,4.644,4.785,4.931,27.134,2315.95,82.753,247.6,236.8,846.05,2794.5,2584
25-04-2024,83.29,105.572,9872.8,4.5175,4.813,4.706,4.857,5,27.423,2332.49,83.738,252.35,235.4,852.85,2843.5,2570
26-04-2024,83.378,106.092,9959.4,4.564,4.778,4.667,4.84,4.993,27.203,2338.05,83.643,252.3,235.55,857.95,2847.8,2568
29-04-2024,83.39,105.634,10170.5,4.6765,4.733,4.616,4.814,4.979,27.1343,2335.55,82.648,260.65,237.75,873.95,2951.8,2589
30-04-2024,83.45,106.307,9964.5,4.5645,4.785,4.684,4.878,5.037,26.28,2286.21,81.433,257.2,236.4,860.5,2900.1,2581.4
01-05-2024,83.46,105.631,9892.4,4.546,4.752,4.632,4.809,4.968,26.6387,2319.56,79.053,253.75,236.1,855.6,2860.1,2575.1
02-05-2024,83.415,105.344,9777.4,4.4845,4.729,4.583,4.717,4.881,26.6555,2303.8,79.018,256.85,231.95,845.95,2901.4,2534.5
03-05-2024,83.356,105.076,9920.5,4.557,4.668,4.512,4.651,4.806,26.5522,2301.81,77.928,257.8,233.3,855.3,2905.1,2555
06-05-2024,83.432,105.087,9920.5,4.615,4.636,4.489,4.651,4.833,27.4273,2323.995,78.618,259.1,234.55,866.7,2905.1,2555
07-05-2024,83.437,105.38,10021.8,4.6055,4.6,4.459,4.649,4.83,27.226,2314.135,78.308,262.1,234.35,865,2943.4,2563.8
08-05-2024,83.443,105.501,9891.6,4.5425,4.642,4.496,4.655,4.839,27.3233,2308.69,79.178,258.2,232.35,855,2907.1,2543.3
09-05-2024,83.42,105.202,9929.5,4.585,4.611,4.457,4.624,4.82,28.328,2346.245,79.508,258.8,234.25,859.85,2908,2566.3
10-05-2024,83.521,105.314,10028.5,4.6625,4.642,4.5,4.672,4.872,28.14,2360.515,78.133,261.3,230.85,869.75,2944.5,2523.9
13-05-2024,83.486,105.213,10201.8,4.766,4.631,4.488,4.666,4.868,28.201,2336.14,79.143,265.2,232.7,883.5,3000,2552.8
14-05-2024,83.462,105.021,10076.3,4.895,4.587,4.443,4.613,4.821,28.61,2357.98,78.363,264,233.95,884.2,2980.4,2544.6
15-05-2024,83.391,104.283,10265.4,4.9245,4.502,4.344,4.508,4.728,29.6247,2386.13,78.798,261.95,237.65,891.95,2972.4,2598.4
16-05-2024,83.441,104.491,10415.8,4.877,4.515,4.375,4.573,4.795,29.57,2376.955,78.823,261.25,238.05,894.3,2965.3,2590.9
17-05-2024,83.261,104.497,10692,5.05,4.562,4.422,4.613,4.827,31.49,2414.715,79.458,266.7,239.75,916.75,3038.3,2622.1
20-05-2024,83.253,104.624,10937.4,5.079,4.584,4.449,4.636,4.852,31.81,2426.53,79.138,275.05,242.45,936.5,3118.8,2632.5
21-05-2024,83.25,104.622,10828.4,5.106,4.55,4.414,4.606,4.831,31.97,2421.025,78.153,275.3,247.65,935.15,3123,2729.8
22-05-2024,83.242,104.91,10438.4,4.8485,4.54,4.426,4.65,4.875,30.771,2379.175,77.198,271.75,241.5,896.15,3064,2648.9
23-05-2024,83.261,105.048,10383.4,4.7925,4.583,4.477,4.717,4.94,30.128,2328.675,76.908,271.85,239.85,890.2,3061.5,2623.4
24-05-2024,83.013,104.747,10324.9,4.7535,4.573,4.467,4.719,4.946,30.35,2334,77.753,274.2,240.8,883.05,3053.3,2655.4
27-05-2024,83.112,104.582,10324.9,4.7535,4.573,4.467,4.719,4.946,30.35,2351.375,77.753,273.75,242.2,899.6,3053.3,2655.4
28-05-2024,83.136,104.613,10520.1,4.855,4.668,4.554,4.765,4.979,32.0717,2361.385,80.223,276.65,246.65,907.45,3110.8,2734.6
29-05-2024,83.331,105.117,10462.9,4.791,4.735,4.616,4.794,4.975,31.97,2338.145,79.243,275.75,250.1,903.55,3106.5,2788.1
30-05-2024,83.26,104.744,10150.3,4.6585,4.68,4.55,4.741,4.929,31.164,2343.34,77.812,271.5,243.5,877.2,3069.3,2704.1
31-05-2024,83.412,104.625,10055.9,4.602,4.651,4.502,4.683,4.877,30.376,2327.2,77.118,265.6,240.9,871.8,2984,2659.1
03-06-2024,83.063,104.045,10189.1,4.6675,4.54,4.392,4.609,4.812,30.76,2350.635,73.934,261.9,240.8,880.1,2942,2663.4
04-06-2024,83.504,104.147,9934,4.537,4.475,4.33,4.555,4.772,29.486,2327.01,72.82,261.6,241.1,863.5,2925.3,2656.9
05-06-2024,83.48,104.293,9976.4,4.606,4.431,4.277,4.502,4.724,30.0177,2355.28,74.238,258.35,239.1,869.65,2880.4,2633.6
06-06-2024,83.447,104.091,10134.9,4.678,4.437,4.289,4.509,4.726,31.29,2376.09,75.588,261.8,241.65,881.8,2916.5,2648.6
07-06-2024,83.5,104.934,9776.4,4.4835,4.557,4.435,4.672,4.889,29.157,2294.015,75.353,250.5,235.6,853.65,2776.8,2585.6
10-06-2024,83.48,105.103,9886.1,4.5435,4.597,4.471,4.675,4.885,29.74,2310.995,78.193,256.15,235.8,862.95,2852.8,2582.5
11-06-2024,83.575,105.256,9794.4,4.51,4.539,4.406,4.598,4.834,29.255,2316.905,78.118,252.45,233,858.15,2784.5,2542.4
12-06-2024,83.412,104.684,9932.8,4.567,4.476,4.316,4.498,4.756,29.6797,2325.03,78.243,260.2,235.5,867.2,2881.4,2566.1
13-06-2024,83.506,105.239,9873.6,4.4815,4.398,4.246,4.438,4.701,28.9547,2304.135,77.843,259.9,233.7,855.65,2871.1,2566.3
14-06-2024,83.527,105.517,9761.8,4.495,4.35,4.223,4.442,4.709,29.541,2332.645,78.437,255.35,232.5,856.8,2792,2521.1
17-06-2024,83.53,105.331,9686,4.4475,4.406,4.281,4.506,4.77,29.443,2319.285,79.923,257.6,231.5,849.65,2813.8,2500.3
18-06-2024,83.313,105.253,9716,4.4905,4.358,4.223,4.441,4.718,29.521,2329.58,80.718,259.2,230.1,851.55,2848.5,2494.8
19-06-2024,83.44,105.225,9783.6,4.4905,4.358,4.223,4.441,4.718,29.521,2328.23,80.718,260.85,230.95,854.55,2870.6,2509.3
20-06-2024,83.6,105.655,9869,4.562,4.4,4.263,4.474,4.739,30.718,2360.145,81.187,262.05,232.45,861.9,2869.5,2521
21-06-2024,83.537,105.832,9684.4,4.442,4.399,4.257,4.47,4.734,29.533,2321.875,80.523,263,232.7,847.2,2853.4,2512
24-06-2024,83.402,105.482,9667.1,4.437,4.368,4.234,4.453,4.723,29.5321,2334.43,81.698,257.35,229.3,847.85,2846.5,2504.5
25-06-2024,83.405,105.619,9556.6,4.3775,4.379,4.25,4.473,4.745,28.8862,2319.595,80.708,258.35,228.3,838.9,2871,2495.8
26-06-2024,83.554,106.049,9557.3,4.37,4.464,4.331,4.531,4.753,28.7527,2298.47,80.843,265.25,229.8,840.8,2942.3,2507.5
27-06-2024,83.433,105.927,9524,4.3485,4.427,4.284,4.495,4.714,28.99,2327.81,81.758,264.9,227.95,834.25,2931.8,2492
28-06-2024,83.335,105.849,9599.3,4.3915,4.559,4.4,4.553,4.749,29.131,2326.72,81.437,265.35,230.4,840.5,2940.5,2524.6
01-07-2024,83.414,105.83,9649.8,4.418,4.627,4.465,4.578,4.76,29.44,2331.855,83.348,265.4,230.45,845.75,2922.5,2515.5
02-07-2024,83.45,105.671,9657.3,4.419,4.607,4.434,4.554,4.752,29.51,2329.485,83.118,266.55,230.3,847,2921.8,2517.8
03-07-2024,83.47,105.336,9860,4.5335,4.523,4.355,4.492,4.708,30.47,2356.16,83.562,272.8,233.4,863.3,2984.5,2545.5
04-07-2024,83.471,105.126,9880,4.5335,4.523,4.355,4.492,4.708,30.47,2357.2,83.562,274.65,232.9,868.15,2995.3,2526.6
05-07-2024,83.48,104.875,9966.5,4.652,4.479,4.282,4.399,4.606,31.207,2391.62,83.287,275.65,234.05,875.25,2999.3,2539.5
08-07-2024,83.433,105.014,9922.8,4.618,4.468,4.282,4.416,4.635,30.79,2359.26,82.208,271.55,232.65,869.8,2955.3,2531.8
09-07-2024,83.467,105.122,9869,4.5775,4.49,4.3,4.41,4.626,30.7687,2364.03,81.743,271.7,230.35,868.9,2934,2499.5
10-07-2024,83.49,104.984,9885.6,4.6085,4.479,4.288,4.39,4.622,30.781,2371.32,82.398,273.6,228.95,868.7,2956.5,2480.5
11-07-2024,83.482,104.501,9775.6,4.5065,4.423,4.214,4.285,4.515,31.44,2415.375,82.888,273,228.45,856,2955,2479.8
12-07-2024,83.493,104.084,9874.5,4.593,4.398,4.187,4.229,4.458,30.775,2410.92,82.138,273.3,229.05,868.25,2946.3,2485.8
15-07-2024,83.531,104.254,9794.5,4.5265,4.46,4.233,4.238,4.46,30.661,2422.395,81.937,274.1,227.2,855.4,2957.3,2461.3
16-07-2024,83.526,104.243,9665.1,4.4495,4.373,4.16,4.194,4.421,31.26,2468.93,80.733,269.9,223.5,846.8,2893,2416.5
17-07-2024,83.529,103.743,9624.8,4.4085,4.378,4.159,4.202,4.438,30.28,2458.81,81.567,267.05,222.5,840.4,2846.1,2408.6
18-07-2024,83.591,104.178,9382.3,4.2795,4.424,4.204,4.244,4.471,29.83,2445.31,80.808,266,221.85,827.9,2807,2384
19-07-2024,83.704,104.365,9298.5,4.2365,4.45,4.241,4.292,4.517,29.205,2400.82,78.585,260.95,220.7,820.3,2776,2352.5
22-07-2024,83.64,104.281,9219.8,4.1975,4.474,4.254,4.293,4.521,29.085,2396.42,78.195,263.75,215.75,814,2736.9,2315.1
23-07-2024,83.679,104.467,9157.4,4.1605,4.486,4.253,4.276,4.496,29.214,2409.65,77.415,259.5,213.95,807,2698.5,2298.4
24-07-2024,83.72,104.329,9071.5,4.109,4.542,4.288,4.263,4.433,28.91,2397.395,77.465,259,213.1,795.65,2680,2298.1
25-07-2024,83.735,104.399,9102,4.1255,4.485,4.245,4.25,4.433,27.83,2364.3,78.305,252.35,211.4,796,2684.5,2276.3
26-07-2024,83.684,104.327,9113.1,4.124,4.453,4.194,4.203,4.387,27.915,2387.02,76.405,252.2,212.5,796.65,2669.6,2290.4
29-07-2024,83.729,104.569,9030,4.0845,4.425,4.176,4.214,4.402,27.8437,2383.79,75.895,249.8,209.25,791.2,2640.4,2247.1
30-07-2024,83.69,104.451,9018.5,4.084,4.396,4.141,4.172,4.361,28.39,2410.88,75.215,251.1,209.45,794,2645.6,2237.5
31-07-2024,83.68,104.015,9222.4,4.1765,4.306,4.033,4.061,4.26,29,2447.57,78.545,254.15,214.55,807.4,2683.5,2304.3
01-08-2024,83.728,104.343,9030.5,4.0825,4.278,3.978,3.96,4.156,28.5,2446.385,76.875,250.4,211.8,790.3,2696,2284.3
02-08-2024,83.775,103.22,9068.5,4.103,4.109,3.794,3.709,3.874,28.54,2442.495,74.105,251.35,210.55,795.1,2664.5,2258.8
05-08-2024,83.998,102.675,8857.3,3.999,4.075,3.792,3.747,3.902,27.24,2409.89,73.865,247.75,210.75,777.25,2633.1,2255.5
06-08-2024,83.886,102.93,8912.5,4.027,4.183,3.896,3.821,3.992,26.97,2390.13,72.985,247.45,214,782.5,2605,2299
07-08-2024,83.865,103.187,8762.4,3.952,4.249,3.943,3.801,3.983,26.582,2382.91,75.405,244.9,211.9,770.9,2569,2272.3
08-08-2024,83.967,103.236,8774.4,3.959,4.28,3.992,3.879,4.036,27.5347,2427.27,76.025,251.4,213.05,774.15,2653.5,2283.3
09-08-2024,83.925,103.154,8849.8,3.993,4.22,3.944,3.878,4.057,27.447,2431.265,76.995,257.7,214.2,776.6,2740.5,2298.3
12-08-2024,83.899,103.129,9018.8,4.0685,4.202,3.907,3.831,4.019,27.954,2472.12,79.578,260.05,215.25,790.3,2746,2307.5
13-08-2024,83.875,102.603,8978.3,4.0515,4.16,3.845,3.751,3.936,27.866,2465.055,78.583,255.9,216.05,786.25,2690.3,2328.3
14-08-2024,83.89,102.569,8950.4,4.04,4.128,3.837,3.768,3.96,27.54,2447.95,77.153,257.15,216.35,785.15,2702.8,2326.5
15-08-2024,83.92,103.041,9148.5,4.151,4.172,3.915,3.9,4.103,28.329,2456.545,78.053,257.15,216.35,785.15,2778.3,2362
16-08-2024,83.857,102.402,9153,4.1435,4.141,3.884,3.856,4.054,29.0042,2508.14,75.408,262.25,219.05,801.45,2769,2368.8
19-08-2024,83.83,101.85,9245.4,4.1805,4.123,3.871,3.869,4.072,29.44,2504.285,73.768,264,223.95,806.45,2788.9,2427.3
20-08-2024,83.729,101.379,9200,4.1585,4.062,3.809,3.79,3.994,29.4312,2514.11,73.048,264.6,226.55,799.95,2798.3,2483
21-08-2024,83.875,101.136,9241.9,4.19,4.078,3.803,3.746,3.935,29.59,2512.25,71.878,266.95,226.25,804.2,2849.3,2480
22-08-2024,83.91,101.519,9150,4.148,4.128,3.856,3.813,4.014,28.976,2484.72,72.918,265.3,224.7,793.95,2867,2479.3
23-08-2024,83.79,100.677,9282.3,4.201,4.092,3.801,3.729,3.909,29.824,2512.49,74.908,267.25,229.8,799.15,2915.5,2536.3
26-08-2024,83.845,100.859,9282.3,4.2185,4.107,3.818,3.75,3.938,29.888,2517.955,77.097,269.9,232.25,813.8,2915.5,2536.3
27-08-2024,83.896,100.551,9424.9,4.2375,4.115,3.822,3.719,3.899,29.96,2524.825,75.698,271.35,233.55,819.1,2936.6,2546.6
28-08-2024,83.88,101.038,9255.4,4.1495,4.127,3.839,3.728,3.867,29.1047,2504.67,74.328,267.35,228.4,807.05,2879.1,2488.4
29-08-2024,83.84,101.371,9270,4.2225,4.147,3.863,3.755,3.898,29.44,2521.215,75.948,268.2,227.3,807.5,2881.1,2467.5
30-08-2024,83.847,101.732,9244,4.2115,4.199,3.907,3.782,3.919,28.8582,2503.4,73.588,268.7,225.35,806,2896.1,2449.1
02-09-2024,83.899,101.644,9206.6,4.2115,4.199,3.907,3.782,3.919,28.8582,2499.42,73.588,264.8,222.75,801.4,2841,2426
03-09-2024,83.926,101.773,8991,4.092,4.125,3.833,3.73,3.865,28.0327,2492.95,70.128,265.45,222.65,785.35,2842.6,2414.6
04-09-2024,83.955,101.269,8969.9,4.079,4.06,3.757,3.627,3.766,28.2607,2495.545,69.168,261.5,220.45,783.4,2804.9,2396.3
05-09-2024,83.963,101.057,9095.6,4.1375,4.021,3.731,3.611,3.739,28.7698,2516.815,69.273,256.95,220.1,792.2,2733.6,2385.3
06-09-2024,83.964,101.188,8968.6,4.0735,4.021,3.712,3.529,3.654,27.926,2497.565,68.083,253.7,217.6,781.9,2712.4,2341.5
09-09-2024,83.908,101.607,9112.1,4.1445,4.004,3.702,3.537,3.671,28.3117,2506.395,68.758,255.55,220.95,790.85,2731.4,2360.5
10-09-2024,83.929,101.659,9015.6,4.098,3.964,3.644,3.459,3.596,28.373,2516.735,66.238,254.65,219.55,784.95,2702.4,2341.5
11-09-2024,83.97,101.719,9108.6,4.142,3.968,3.655,3.465,3.65,28.6497,2511.675,67.293,259.3,223,792.2,2773.9,2378
12-09-2024,83.902,101.235,9215.1,4.1955,3.991,3.678,3.481,3.648,29.86,2558.655,69.138,264.45,224.95,798.65,2859.4,2411.3
13-09-2024,83.86,101.114,9294.3,4.236,3.981,3.655,3.443,3.587,30.705,2578.715,69.203,267.9,228.8,802.2,2908.6,2478.5
16-09-2024,83.82,100.707,9374.6,4.2735,3.93,3.618,3.414,3.555,30.713,2582.665,70.448,270,231.8,809.3,2938.6,2514.8
17-09-2024,83.727,101.012,9371.3,4.273,3.96,3.649,3.468,3.607,30.682,2569.59,69.863,267.5,229.95,807.95,2922.4,2507.8
18-09-2024,83.62,100.933,9413.4,4.299,4.021,3.706,3.491,3.628,30.057,2559.3,69.053,266.55,230.75,808.95,2893.9,2525.8
19-09-2024,83.595,100.634,9522.4,4.347,4.052,3.715,3.472,3.588,30.77,2586.91,71.078,269.55,231.75,814.4,2927.8,2537.3
20-09-2024,83.465,100.738,9515.5,4.343,4.086,3.741,3.482,3.597,31.159,2622.235,71.187,265.5,226.9,809.45,2875.8,2488.6
23-09-2024,83.523,100.908,9529,4.3475,4.095,3.753,3.486,3.587,30.665,2628.63,70.657,266.65,226.95,806.5,2880.9,2489.5
24-09-2024,83.566,100.349,9809.3,4.4915,4.086,3.73,3.44,3.54,32.087,2657.26,71.508,275,235.45,836.45,3005.1,2551.5
25-09-2024,83.595,100.92,9806.5,4.4895,4.141,3.787,3.493,3.561,31.7686,2656.995,69.768,274.05,233.75,840.65,2991.3,2537.3
26-09-2024,83.582,100.567,10082.1,4.639,4.134,3.8,3.552,3.627,31.9946,2672.435,67.383,282.5,239.3,862.3,3091.3,2616.8
27-09-2024,83.656,100.417,9999.5,4.5995,4.105,3.754,3.482,3.557,31.6222,2658.55,68.573,280.9,239.5,856.25,3080.9,2634.9
30-09-2024,83.735,100.757,9877.4,4.553,4.12,3.783,3.55,3.645,31.14,2634.69,68.233,280.65,237.7,851.65,3079.8,2604.4
01-10-2024,83.894,101.209,9986.8,4.589,4.073,3.732,3.515,3.606,31.407,2663.61,70.683,284.45,239.65,856.6,3143.6,2645.4
02-10-2024,83.901,101.601,10094.5,4.649,4.132,3.783,3.552,3.637,31.816,2658.75,70.937,284.45,239.65,856.6,3181.6,2677.6
03-10-2024,83.976,101.941,9904.3,4.553,4.18,3.848,3.621,3.705,31.978,2656.11,73.633,283.95,240.65,852.6,3113,2631.9
04-10-2024,84.003,102.487,9964.5,4.574,4.251,3.969,3.837,3.922,32.189,2653.84,74.393,287.8,242.9,855.35,3173.4,2663.1
07-10-2024,83.944,102.484,9955.3,4.5665,4.305,4.028,3.897,3.997,31.6497,2642.585,77.253,288.2,242.5,853.85,3180.5,2659.6
08-10-2024,83.925,102.474,9760.5,4.4565,4.295,4.016,3.866,3.96,30.612,2621.965,73.848,280.55,234.75,834.95,3078.9,2564.9
09-10-2024,83.93,102.877,9663.3,4.3995,4.343,4.075,3.932,4.022,30.477,2607.735,73.303,276.45,232.65,826.25,3022.5,2541.4
10-10-2024,83.92,102.879,9702.8,4.4275,4.361,4.065,3.874,3.964,31.142,2629.92,75.553,282.75,237.5,832.35,3089.5,2587.4
11-10-2024,84.081,102.915,9809.6,4.4935,4.413,4.104,3.879,3.953,31.523,2657.18,75.443,288.3,241.5,840.1,3154.5,2637.9
14-10-2024,84.025,103.213,9668,4.406,4.413,4.104,3.879,3.953,31.2067,2648.785,71.937,283.4,237.6,825.4,3082.8,2596.6
15-10-2024,84.015,103.226,9537,4.3375,4.322,4.036,3.858,3.948,31.477,2662.695,70.958,281.6,235.5,817.15,3051.5,2572.6
16-10-2024,83.985,103.524,9588.5,4.3675,4.299,4.018,3.85,3.942,31.6737,2673.93,70.613,281.95,237.65,821.05,3060,2587.6
17-10-2024,84.06,103.766,9497,4.325,4.391,4.093,3.892,3.976,31.6706,2693.01,70.128,281.9,235.2,814.1,3042.8,2555.6
18-10-2024,84.046,103.463,9624.1,4.3845,4.393,4.085,3.864,3.95,33.696,2721.9,68.778,284.9,239,822.25,3087.1,2612
21-10-2024,84.05,103.962,9566,4.3595,4.5,4.196,3.962,4.032,33.752,2719.675,69.708,283.85,237.4,814.8,3068.8,2594.6
22-10-2024,84.037,104.062,9597.5,4.3805,4.498,4.21,3.981,4.032,34.8297,2748.96,71.238,289.6,239.55,818.85,3138.3,2637.6
23-10-2024,84.037,104.423,9520.8,4.3365,4.521,4.248,4.035,4.08,33.6486,2715.59,70.983,290.5,240.6,806.35,3150.7,2670.6
24-10-2024,84.064,104.019,9548.8,4.3515,4.475,4.214,4.02,4.083,33.67,2736.08,70.278,294.55,237.55,798.15,3173.5,2637.5
25-10-2024,84.075,104.317,9576.5,4.3705,4.502,4.242,4.052,4.109,33.693,2747.215,71.618,287.35,243.6,836.7,3099.4,2675.9
28-10-2024,84.04,104.302,9547.8,4.3625,4.531,4.284,4.095,4.136,33.6457,2742.325,67.943,289.95,242.65,838.1,3149.5,2648.6
29-10-2024,84.038,104.283,9540,4.3605,4.5,4.256,4.058,4.1,34.414,2774.58,67.433,288.95,242.1,845.2,3120.5,2660.1
30-10-2024,84.052,104.097,9543.8,4.3515,4.504,4.3,4.149,4.174,33.752,2787.475,69.028,287,239.9,843.85,3087.4,2614.8
31-10-2024,84.041,103.89,9525.1,4.34,4.476,4.286,4.135,4.17,32.657,2743.95,70.453,282.6,239.25,840.65,3025.4,2619.5
01-11-2024,84.06,104.317,9536.8,4.3715,4.581,4.386,4.187,4.212,32.441,2736.45,69.287,285.95,241.55,847.8,3060.1,2600.3
04-11-2024,84.091,103.881,9683.4,4.4315,4.47,4.289,4.136,4.168,32.4347,2736.605,71.657,283.4,240.9,852.7,3031.9,2618.8
05-11-2024,84.091,103.452,9751,4.475,4.437,4.275,4.135,4.189,32.6427,2743.91,71.918,287.85,243.4,859.55,3113.4,2652.6
06-11-2024,84.29,105.117,9319.1,4.246,4.615,4.435,4.234,4.264,31.1619,2659.175,71.808,278.55,240.25,826.35,2968.6,2610.3
07-11-2024,84.273,104.36,9676.8,4.4315,4.532,4.328,4.16,4.195,32.0248,2706.84,72.113,284.95,246.9,849.9,3051.8,2699.6
08-11-2024,84.375,104.951,9430.8,4.306,4.471,4.308,4.203,4.252,31.296,2684.455,70.378,279.9,241.6,834.4,2987.1,2622.6
11-11-2024,84.36,105.519,9294.4,4.2285,4.471,4.308,4.203,4.252,30.6697,2619.595,68.067,278.8,238.45,821.3,2975.3,2572.9
12-11-2024,84.326,105.964,9127.5,4.1365,4.569,4.429,4.302,4.344,30.7108,2598.29,67.913,275.85,237.15,805.6,2945.9,2561.3
13-11-2024,84.396,106.483,9017.5,4.083,4.639,4.451,4.271,4.284,30.3018,2572.83,68.003,277.2,236.05,799.95,2964.4,2529.3
14-11-2024,84.441,106.867,9017.3,4.0875,4.588,4.439,4.316,4.357,30.435,2564.72,68.567,275.65,235.1,797.3,2933.6,2520.9
15-11-2024,84.404,106.673,8962,4.0645,4.619,4.441,4.275,4.307,30.235,2563.22,66.898,276.75,242.65,795.15,2942,2658.3
18-11-2024,84.378,106.232,9071,4.12,4.612,4.416,4.249,4.28,31.129,2612.04,69.053,277.65,241.85,804.8,2956.5,2613.3
19-11-2024,84.335,106.153,9102.3,4.142,4.584,4.398,4.244,4.282,31.181,2632.2,69.253,278.4,243.6,811.35,2959,2644.8
20-11-2024,84.34,106.633,9108.8,4.1555,4.599,4.414,4.274,4.319,30.84,2650.46,68.988,279.2,244.25,817.8,2978.8,2633.5
21-11-2024,84.475,107.031,9045.5,4.125,4.603,4.426,4.298,4.351,30.781,2669.645,70.078,280.55,245.4,824.45,3008.4,2632.8
22-11-2024,84.405,107.49,8982.8,4.086,4.59,4.404,4.32,4.382,31.327,2716.335,71.118,282.25,247.6,813.75,2977,2631.9
25-11-2024,84.22,106.831,9038.5,4.1,4.465,4.277,4.207,4.273,30.286,2625.62,69.013,280.5,244.7,807.3,3017.5,2650.3
26-11-2024,84.299,106.877,8964.8,4.049,4.485,4.308,4.204,4.248,30.422,2632.955,68.928,284.15,241.85,803.9,3071.6,2604
27-11-2024,84.371,106.022,9000,4.139,4.44,4.265,4.173,4.231,30.074,2636.09,68.718,287.65,241.75,807.75,3132.8,2597
28-11-2024,84.425,106.15,8997.8,4.139,4.44,4.265,4.173,4.231,30.074,2637.6,68.718,282.8,241.65,807.4,3046.9,2594.3
29-11-2024,84.539,105.782,9004,4.14,4.368,4.18,4.096,4.163,30.6212,2650.35,68.11,286.7,242.35,808.9,3106.9,2591.8
02-12-2024,84.74,106.382,8993.4,4.1305,4.364,4.194,4.133,4.186,30.499,2638.955,68.097,285.65,242.65,809.8,3072.9,2595.3
03-12-2024,84.658,106.341,9111,4.202,4.404,4.228,4.143,4.182,31.004,2643.885,69.898,287.15,243.8,822.55,3096.4,2609.5
04-12-2024,84.673,106.354,9087,4.2015,4.346,4.18,4.092,4.13,31.256,2650.22,68.633,287.4,246,821.9,3085.1,2641
05-12-2024,84.661,105.725,9077.5,4.1925,4.336,4.178,4.1,4.146,31.297,2631.925,68.358,288.95,246.1,820.2,3110.6,2640.8
06-12-2024,84.648,105.97,9093.4,4.1965,4.339,4.155,4.059,4.098,30.964,2633.33,67.097,286.05,243.3,821.75,3069.6,2602
09-12-2024,84.814,106.172,9236.1,4.2755,4.388,4.203,4.093,4.127,31.793,2660.325,68.088,291.7,243.7,831.05,3128.9,2594
10-12-2024,84.858,106.38,9237.8,4.272,4.42,4.228,4.11,4.145,31.852,2693.875,68.413,292.75,245.45,830.65,3149.6,2617.3
11-12-2024,84.775,106.621,9182.8,4.2635,4.485,4.273,4.124,4.157,31.865,2718.245,70.312,290.95,244.75,829.55,3118.4,2606.5
12-12-2024,84.805,107.005,9091.1,4.2445,4.554,4.336,4.171,4.199,30.91,2680.825,69.937,287.35,243.85,822.65,3076,2605.5
13-12-2024,84.761,106.945,9054.3,4.197,4.6,4.397,4.22,4.245,30.547,2648.68,71.018,287.6,244.65,814.7,3090.6,2615.5
16-12-2024,84.87,106.86,9064.9,4.191,4.604,4.403,4.233,4.253,30.511,2652.75,70.187,285.4,243.35,814.25,3051.4,2567.3
17-12-2024,84.882,106.937,8997.5,4.1465,4.586,4.395,4.224,4.247,30.524,2646.6,69.753,283.45,242.45,807.15,3032.1,2541.8
18-12-2024,84.846,108.202,9033.5,4.157,4.679,4.52,4.357,4.359,29.333,2585.61,69.423,282.1,242.1,808.45,3003.5,2532.3
19-12-2024,85.065,108.425,8868.8,4.077,4.739,4.566,4.338,4.319,29.009,2594.55,69.168,278.8,241.25,796.75,2969.6,2514.8
20-12-2024,84.927,107.815,8934.5,4.1005,4.722,4.53,4.323,4.319,29.488,2623.61,69.498,279.1,242.95,798.4,2972.3,2536.5
23-12-2024,85.075,108.081,8914.8,4.085,4.778,4.589,4.36,4.34,29.633,2612.755,69.508,277.15,246.8,793.25,2995.6,2537.3
24-12-2024,85.116,108.123,8944.9,4.11,4.76,4.585,4.359,4.33,29.5938,2616.875,70.135,282,241.65,801.65,3038.6,2560.8
25-12-2024,85.178,108.123,8944.9,4.11,4.76,4.585,4.359,4.33,29.5938,2616.875,70.135,282,241.65,801.65,3038.6,2560.8
26-12-2024,85.234,108.077,8944.9,4.1275,4.773,4.585,4.355,4.332,29.777,2633.865,69.613,283.2,241.4,807.05,3038.6,2560.8
27-12-2024,85.368,108.006,8968.1,4.122,4.821,4.629,4.372,4.33,29.354,2622.035,70.178,282.85,241.4,806.45,3036.4,2556.5
30-12-2024,85.453,108.075,8927.3,4.093,4.752,4.535,4.271,4.244,28.925,2605.825,71.088,282.15,241.95,802.45,3020.4,2550.1
31-12-2024,85.533,108.48,8788.8,4.0265,4.786,4.573,4.27,4.242,28.8867,2624.26,71.812,278.85,241.9,793.2,2984.3,2554.4
01-01-2025,85.625,108.48,8788.8,4.0265,4.786,4.573,4.27,4.242,28.8867,2624.26,71.812,279.6,241.7,793.85,2984.3,2554.4
02-01-2025,85.725,109.256,8795.8,4.026,4.78,4.563,4.28,4.244,29.521,2658.23,73.058,276.15,240.3,794.85,2925.9,2531.5
03-01-2025,85.74,108.922,8889.8,4.0735,4.815,4.602,4.324,4.283,29.597,2639.725,74.008,273.45,238.25,800.35,2892.9,2497.3
06-01-2025,85.67,108.279,8977.9,4.1615,4.849,4.624,4.315,4.27,29.934,2636.105,73.368,273.95,238.4,812.55,2896.9,2492
07-01-2025,85.783,108.68,8992.4,4.1955,4.914,4.685,4.358,4.289,30.025,2648.625,74.373,273.9,240.35,816.65,2873.9,2522.3
08-01-2025,85.87,109.009,9039.5,4.2585,4.933,4.693,4.352,4.287,30.076,2661.655,73.253,269.5,239.85,822.65,2826.9,2507.8
09-01-2025,85.852,109.163,9100.4,4.3095,4.932,4.689,4.338,4.266,30.097,2670.34,74.248,271.55,242.4,825,2859,2543.5
10-01-2025,86.145,109.64,9106.5,4.304,4.949,4.763,4.472,4.383,30.38,2689.375,76.537,273.05,245.05,826,2868.9,2571.6
13-01-2025,86.67,109.504,9099.3,4.3255,4.966,4.79,4.49,4.392,29.603,2663.21,78.713,273.05,246.2,828.25,2861.3,2573.1
14-01-2025,86.515,109.189,9161,4.3425,4.978,4.794,4.474,4.369,29.868,2677.51,78.048,273.65,246.95,829.55,2866.9,2577.5
15-01-2025,86.349,109.079,9204.3,4.389,4.881,4.653,4.341,4.266,30.653,2696.265,80.433,273.1,249.8,832.25,2863.9,2603.1
16-01-2025,86.55,108.957,9264.5,4.441,4.855,4.613,4.298,4.232,30.792,2714.87,77.853,274.1,252.55,837.65,2873.1,2639.3
17-01-2025,86.551,109.405,9194,4.3685,4.855,4.623,4.346,4.283,30.324,2703.15,77.328,277.6,256.05,832.8,2947.4,2686.1
20-01-2025,86.189,108.068,9255,4.3685,4.855,4.623,4.346,4.283,30.324,2707.905,77.328,278.4,256.2,831.85,2953.6,2684.4
21-01-2025,86.431,108.077,9288.5,4.341,4.806,4.574,4.32,4.274,30.774,2744.865,75.853,276.2,256,833.7,2910.9,2650.6
22-01-2025,86.42,108.277,9236.5,4.301,4.829,4.613,4.354,4.302,30.785,2756.345,75.358,275.15,255.25,831.2,2890.1,2634.1
23-01-2025,86.395,108.115,9229.3,4.3285,4.871,4.646,4.35,4.289,30.386,2754.855,74.228,270.75,252.55,832.75,2844.1,2626.1
24-01-2025,86.141,107.465,9258.5,4.321,4.843,4.617,4.322,4.263,30.519,2770.885,74.528,269,252.75,841.25,2828.4,2634.6
27-01-2025,86.319,107.427,9079,4.2315,4.77,4.534,4.244,4.199,30.178,2740.655,73.032,269.25,249.05,826.8,2825.4,2604.4
28-01-2025,86.564,107.915,9008.3,4.2465,4.776,4.536,4.241,4.197,30.391,2763.42,73.898,265.3,247.35,827,2767.4,2571.6
29-01-2025,86.59,107.943,9073.5,4.283,4.775,4.532,4.256,4.22,30.82,2760.09,72.958,266.3,252,828.55,2785.9,2618.4
30-01-2025,86.525,108.182,9110.4,4.3075,4.763,4.52,4.251,4.213,31.633,2794.165,73.168,267.25,252.1,832.5,2786.6,2617.9
31-01-2025,86.511,108.501,9069.6,4.279,4.794,4.543,4.245,4.207,31.2986,2797.94,73.753,263.15,250.7,828.85,2752.6,2595.9
03-02-2025,86.922,108.424,9100.6,4.3055,4.784,4.553,4.286,4.251,31.554,2814.71,72.248,267.15,253.45,835.8,2802.6,2619.3
04-02-2025,87.038,107.999,9157,4.3535,4.747,4.513,4.251,4.216,32.118,2842.29,72.678,267.85,253.9,839.85,2802.6,2629.9
05-02-2025,87.316,107.622,9277,4.444,4.643,4.424,4.206,4.189,32.282,2867.215,71.108,267.3,254.95,850.95,2788.6,2624.6
06-02-2025,87.55,107.704,9297.8,4.461,4.641,4.436,4.233,4.214,32.19,2855.925,70.478,269.35,255.95,854.65,2825.9,2626.4
07-02-2025,87.593,108.096,9443,4.589,4.694,4.493,4.315,4.291,31.77,2861.25,70.968,270.8,257.6,867.15,2843.4,2630.6
10-02-2025,87.448,108.333,9460.5,4.707,4.711,4.501,4.301,4.279,32.023,2908.175,72.408,270.75,260.2,867.35,2848.9,2664.1
11-02-2025,86.767,107.922,9361.5,4.601,4.751,4.539,4.312,4.29,31.807,2897.615,73.128,266.55,257.65,853.9,2824.6,2633.9
12-02-2025,86.861,107.968,9486.9,4.7045,4.832,4.627,4.388,4.357,32.21,2903.96,71.157,268.6,257.65,864.25,2867.4,2626.4
13-02-2025,86.657,107.066,9492.3,4.778,4.742,4.533,4.33,4.309,32.33,2928.33,71.453,266.8,256.55,867.85,2837.6,2607.1
14-02-2025,86.582,106.793,9458.6,4.6645,4.701,4.478,4.271,4.261,32.11,2882.482,70.488,266.45,257.95,864.9,2842.4,2636.6
17-02-2025,86.789,106.74,9408.4,4.6645,4.701,4.478,4.271,4.261,32.11,2898.49,70.488,268.25,258.4,864.8,2872.6,2648.3
18-02-2025,86.848,107.021,9463.8,4.591,4.766,4.552,4.327,4.306,32.859,2935.465,71.713,270.1,261.95,868.35,2891,2669
19-02-2025,86.852,107.163,9448.6,4.5625,4.767,4.535,4.288,4.272,32.689,2933.26,72.067,268.65,262.4,868.05,2874.1,2685.9
20-02-2025,86.543,106.334,9551.5,4.612,4.748,4.509,4.277,4.27,32.952,2939.385,72.528,271.55,264.5,869.75,2916.4,2728.3
21-02-2025,86.59,106.641,9528.1,4.56,4.68,4.431,4.207,4.198,32.422,2936.26,70.178,271.85,264.35,865.5,2922.1,2678.5
24-02-2025,86.624,106.7,9481.3,4.515,4.656,4.4,4.173,4.173,32.328,2952.065,70.858,270,258.1,865.45,2847.3,2653.1
25-02-2025,87.096,106.285,9397.9,4.4815,4.557,4.298,4.087,4.1,31.73,2915.045,68.983,267.35,258.45,860.4,2806.8,2640.1
26-02-2025,87.093,106.47,9428.9,4.54,4.509,4.256,4.046,4.074,31.86,2916.275,68.768,268.1,258.1,864.3,2811.8,2630.1
27-02-2025,87.297,107.292,9412.4,4.6185,4.538,4.266,4.032,4.053,31.232,2877.195,70.053,268.05,258.75,864.45,2809.6,2634.5
28-02-2025,87.447,107.564,9352.8,4.548,4.485,4.203,3.967,3.987,31.117,2858.14,69.918,266.7,257.25,861.6,2795,2603.1
03-03-2025,87.24,106.556,9414.3,4.607,4.453,4.159,3.934,3.958,31.662,2892.985,68.423,270.05,258.55,866.05,2848.6,2619.1
04-03-2025,87.232,105.531,9367.9,4.5565,4.54,4.242,3.98,3.984,31.95,2917.85,68.003,268.4,258.55,862.1,2815.1,2618.9
05-03-2025,86.847,104.27,9576.1,4.794,4.572,4.28,4.012,4.007,32.634,2919.265,66.328,271.75,261.25,880,2880.3,2663.9
06-03-2025,86.994,104.135,9704.9,4.8075,4.58,4.278,3.977,3.963,32.626,2911.1,66.203,275.8,264.4,890.85,2923.4,2698.4
07-03-2025,87.068,103.905,9589.3,4.71,4.603,4.305,4.009,4,32.5062,2909.55,67.003,273.15,264.6,882.25,2882.1,2691.9
10-03-2025,87.25,103.903,9499.3,4.6665,4.545,4.219,3.895,3.889,32.0517,2889.5,65.858,271.5,264.75,876.1,2846.5,2687.4
11-03-2025,87.156,103.416,9660.6,4.766,4.598,4.284,3.953,3.949,32.913,2915.695,66.532,276.2,266.1,888.35,2916,2704.8
12-03-2025,87.113,103.57,9772,4.8495,4.635,4.316,3.985,3.989,33.1937,2933.61,67.638,277.85,266.6,898.5,2931.9,2701.8
13-03-2025,86.878,103.833,9751.1,4.9255,4.592,4.27,3.945,3.957,33.865,2988.695,66.728,278.6,265.05,898.1,2948.5,2698.4
14-03-2025,86.921,103.734,9787.8,4.896,4.626,4.32,4.012,4.021,33.834,2984.91,67.097,280.65,264.55,899.8,2976.3,2679.6
17-03-2025,86.651,103.406,9875.4,4.959,4.592,4.299,4.023,4.046,33.822,3001.13,67.208,279.2,264.55,906.25,2962.5,2691.4
18-03-2025,86.479,103.243,9906,5.0165,4.587,4.285,4.015,4.044,33.978,3034.115,66.493,277.65,263.25,906.65,2956.8,2654.1
19-03-2025,86.277,103.46,9966.8,5.1,4.553,4.247,3.955,3.977,33.7895,3047.14,66.988,275.95,262.45,910.2,2923.8,2665.3
20-03-2025,86.3,103.797,9911.5,5.112,4.559,4.241,3.942,3.966,33.545,3044.66,68.308,275.35,261.55,907.4,2923.3,2654.1
21-03-2025,85.969,104.146,9856.5,5.1135,4.594,4.25,3.928,3.954,33.02,3023.985,68.248,275.45,255.65,899.05,2925,2622.4
24-03-2025,85.532,104.31,9943.4,5.0925,4.667,4.338,4.017,4.041,33.0166,3012.15,69.103,274.75,254.1,901.5,2941,2612.1
25-03-2025,85.563,104.215,10100.3,5.2105,4.664,4.317,3.993,4.017,33.7105,3020.09,69.138,278.1,253.8,916.95,2964.9,2609.5
26-03-2025,85.603,104.665,9923.9,5.243,4.701,4.354,4.016,4.019,33.624,3019.495,69.878,277.25,253.1,910,2953.3,2607.1
27-03-2025,85.62,104.279,9851.1,5.1195,4.721,4.361,3.993,3.996,34.376,3056.605,69.843,272.7,251.2,901.6,2893.4,2559.6
28-03-2025,85.514,104.011,9777.5,5.13,4.631,4.251,3.898,3.912,34.112,3085.345,68.973,270.1,249.6,897.85,2853.5,2548.9
31-03-2025,85.42,104.183,9704.1,5.034,4.578,4.211,3.877,3.887,34.089,3123.72,71.323,269.8,246.3,891.35,2854,2535
01-04-2025,85.533,104.199,9696.6,5.035,4.518,4.161,3.855,3.875,33.7006,3114.475,71.067,267.65,244.6,893.9,2821.5,2506.1
02-04-2025,85.424,103.691,9697.9,5.0405,4.496,4.127,3.816,3.842,33.891,3134.305,70.653,264.35,242.2,890.6,2783.3,2491
03-04-2025,85.227,101.94,9343.8,4.8285,4.477,4.038,3.66,3.696,31.821,3114.575,66.558,258.1,238.45,866.25,2712.3,2454.9
04-04-2025,85.482,102.892,8712.6,4.402,4.416,4,3.628,3.644,29.589,3037.885,62.273,252.8,232.2,804.8,2654.8,2381.8
07-04-2025,85.816,103.468,8682,4.186,4.632,4.203,3.785,3.788,30.0792,2981.94,60.853,253.2,234.15,805.6,2631.8,2373.6
08-04-2025,86.22,102.908,8587.4,4.144,4.762,4.291,3.764,3.73,29.815,2982.25,58.153,246.25,231.3,797.85,2553.3,2342.9
09-04-2025,86.616,102.907,8624.1,4.1925,4.735,4.328,3.937,3.914,30.952,3082.95,62.713,250.9,232.2,822.25,2559.1,2325
10-04-2025,86.17,100.913,8927.9,4.3365,4.87,4.425,3.916,3.862,31.2172,3175.365,60.193,252.6,233.9,827.2,2629.9,2365.3
11-04-2025,86.16,99.783,9156.3,4.523,4.877,4.497,4.019,3.975,32.275,3237.93,61.428,254.6,236,839.95,2662.9,2399
14-04-2025,86.003,99.639,9206.6,4.6255,4.813,4.384,3.878,3.853,32.3466,3210.68,61.515,252.4,234.3,847.05,2635.4,2385.6
15-04-2025,85.663,100.101,9156.3,4.626,4.787,4.339,3.861,3.851,32.306,3229.795,61.485,250.15,232.25,839.5,2613.9,2371.3
16-04-2025,85.567,99.278,9210.1,4.6855,4.74,4.281,3.778,3.776,32.7378,3343.1,61.9,247.15,232.15,843.45,2585.4,2386.8
17-04-2025,85.36,99.404,9215.6,4.739,4.807,4.333,3.8,3.8,32.5538,3327.375,63.675,247.3,231.05,844.95,2588.6,2379.8
18-04-2025,85.409,99.404,9215.6,4.739,4.807,4.333,3.8,3.8,32.5538,3327.375,63.675,247.3,231.05,844.95,2588.6,2379.8
21-04-2025,85.15,98.321,9215.6,4.7285,4.907,4.417,3.793,3.769,32.6157,3424.235,62.63,247.15,230.05,843.5,2588.6,2379.8
22-04-2025,85.14,99.641,9380.6,4.878,4.881,4.401,3.831,3.821,32.439,3381.16,63.49,247.7,231.45,851.3,2603.4,2394
23-04-2025,85.324,99.78,9378.8,4.8435,4.826,4.385,3.88,3.869,33.5789,3288.24,62.23,250.75,234.5,852.85,2642.9,2436.5
24-04-2025,85.285,99.286,9429.4,4.856,4.775,4.315,3.795,3.793,33.53,3348.99,62.725,255.65,237,860.8,2701.1,2456.3
25-04-2025,85.36,99.587,9387,4.84,4.721,4.255,3.748,3.756,33.081,3319.345,63.135,251.75,235.2,855.1,2645.9,2435.5
28-04-2025,85.115,98.942,9401.8,4.8405,4.681,4.206,3.675,3.689,33.144,3343.875,61.845,250.85,234.55,854.35,2646.9,2437.5
29-04-2025,85.1,99.187,9420,4.8725,4.647,4.172,3.644,3.656,32.886,3317.15,60.11,251.1,236.45,854.4,2650.4,2467.9
30-04-2025,84.549,99.638,9127.6,4.609,4.684,4.168,3.602,3.613,32.571,3288.155,58.165,244.15,229.55,823.6,2587.4,2399.5
01-05-2025,84.56,100.177,9213.6,4.628,4.721,4.216,3.68,3.697,32.379,3238.295,58.935,244.25,230.9,830.7,2580.4,2406.9
02-05-2025,84.479,100.036,9380.1,4.673,4.789,4.308,3.809,3.822,31.9982,3240.95,58.35,245.7,232.65,841.25,2612.6,2436.9
05-05-2025,84.255,99.779,9380.1,4.699,4.839,4.349,3.82,3.841,32.4656,3334.195,57.15,245.8,232.4,842.5,2612.6,2436.9
06-05-2025,84.32,99.395,9532.8,4.778,4.801,4.298,3.754,3.785,33.187,3431.14,58.965,246.85,231.9,851.15,2632.1,2424.6
07-05-2025,84.667,99.869,9433,4.6595,4.771,4.269,3.747,3.783,32.4,3364.355,57.905,246.6,228.75,846,2618.4,2381.6
08-05-2025,85.488,100.636,9462.9,4.604,4.846,4.38,3.864,3.88,32.4,3305.98,60.215,251.05,234.3,855.9,2632.1,2407.9
09-05-2025,85.359,100.424,9436.4,4.653,4.836,4.382,3.878,3.889,32.717,3325.39,60.99,251,233.55,851.6,2650.6,2415.6
12-05-2025,84.842,101.778,9506,4.621,4.904,4.473,4.007,4.012,32.5877,3235.075,61.92,252.15,237.35,851.3,2675.3,2471.4
13-05-2025,85.25,100.93,9614.4,4.723,4.91,4.471,3.991,4.002,32.8957,3250.18,63.575,255.95,239.65,860.15,2719.1,2490.3
14-05-2025,85.38,101.016,9595.3,4.6505,4.976,4.542,4.056,4.059,32.199,3177.585,62.82,260.55,243.95,859.7,2760.6,2526
15-05-2025,85.496,100.808,9588.3,4.6835,4.894,4.431,3.94,3.954,32.6097,3239.97,61.17,259.05,241.05,862.25,2724.6,2494.5
16-05-2025,85.552,100.976,9456.6,4.5935,4.904,4.445,3.968,3.993,32.277,3204.45,61.87,256.65,239.5,852.1,2689.6,2481.3
19-05-2025,85.345,100.383,9529.4,4.6705,4.905,4.449,3.947,3.972,32.346,3230.4,62.115,256.6,236.25,855.35,2673.6,2443.8
20-05-2025,85.51,100.012,9552.6,4.654,4.964,4.485,3.949,3.97,33.0897,3289.845,62.21,260.2,239.6,858.2,2718.9,2480
21-05-2025,85.57,99.688,9514.3,4.672,5.085,4.597,4.015,4.022,33.346,3315.245,61.29,259.5,238.4,857.45,2686.4,2476.3
22-05-2025,85.948,99.897,9506.8,4.6795,5.041,4.529,3.966,3.99,33.05,3295.01,60.75,260.45,236.85,859.2,2705.4,2457.5
23-05-2025,85.151,99.104,9614,4.8365,5.031,4.509,3.961,3.993,33.48,3358.125,61.69,257.8,235.55,859.9,2705.6,2468.3
26-05-2025,85.04,98.932,9614,4.8365,5.031,4.509,3.961,3.993,33.48,3342.475,61.69,257.65,237,866.35,2705.6,2468.3
27-05-2025,85.326,99.559,9599,4.74,4.95,4.448,3.928,3.977,33.271,3300.75,61.015,256.85,238.9,864,2704.9,2482.3
28-05-2025,85.367,99.876,9558.6,4.6745,4.973,4.475,3.958,3.992,32.955,3288.725,61.835,255.35,237.6,862.65,2686.4,2466.8
29-05-2025,85.367,99.332,9567,4.6755,4.924,4.426,3.903,3.939,33.307,3317.615,60.85,254.3,236.45,862.25,2672.1,2450.3
30-05-2025,85.477,99.443,9496.5,4.6775,4.924,4.398,3.858,3.9,32.975,3289.7,60.675,251,236.45,860.95,2633.9,2445.5
02-06-2025,85.308,98.708,9598.1,4.8585,4.966,4.442,3.902,3.939,34.7565,3381.87,62.975,254.4,238.55,867.85,2695.8,2474.8
03-06-2025,85.661,99.249,9620.3,4.834,4.983,4.458,3.922,3.957,34.4877,3353.385,63.295,255.15,239.45,871.6,2701.4,2469.3
04-06-2025,85.831,98.818,9648.3,4.8865,4.881,4.357,3.829,3.869,34.4496,3372.45,62.685,255.95,241.3,875.65,2702.6,2489.8
05-06-2025,85.8,98.712,9715.3,4.933,4.881,4.391,3.893,3.92,35.641,3352.73,63.2,255.35,240.3,880.2,2688.1,2477
06-06-2025,85.737,99.202,9685.3,4.848,4.966,4.508,4.02,4.037,35.967,3309.98,64.73,253.4,237.8,875.8,2664.6,2453.8
09-06-2025,85.64,99.005,9786.3,4.925,4.941,4.476,3.98,4.005,36.729,3325.675,65.33,252.4,239.75,882.6,2651.9,2480
10-06-2025,85.547,99.044,9738.5,4.9,4.931,4.474,3.998,4.024,36.5376,3322.61,64.675,252.35,240.65,878.95,2655.6,2493
11-06-2025,85.421,98.583,9653.8,4.8145,4.914,4.42,3.915,3.951,36.23,3355.25,68.21,252.65,242.35,871.4,2652.1,2518.3
12-06-2025,85.53,97.836,9693.4,4.8355,4.845,4.365,3.874,3.912,36.3328,3386.58,68.82,252.1,242.6,874.85,2645.4,2521.5
13-06-2025,86.09,98.138,9639.5,4.8145,4.9,4.409,3.907,3.95,36.291,3432.835,72.906,251.1,242.1,875.9,2624.1,2503.8
16-06-2025,85.76,98.139,9699.9,4.836,4.959,4.45,3.932,3.973,36.312,3385.22,69.985,252.45,242.45,878.55,2661.6,2519.3
17-06-2025,86.262,98.822,9673.6,4.809,4.892,4.387,3.894,3.946,37.148,3388.455,73.75,252.5,245.3,879.75,2639.9,2547
18-06-2025,86.382,98.85,9660.3,4.853,4.891,4.391,3.892,3.939,36.7157,3369.3,73.065,253,245.45,879.9,2636.8,2544.9
19-06-2025,86.793,98.784,9614.1,4.853,4.891,4.391,3.892,3.939,36.7157,3370.38,73.065,253.65,245.2,878.3,2642.6,2521.8
20-06-2025,86.557,98.774,9649.4,4.8335,4.89,4.377,3.859,3.906,35.974,3368.75,73.955,253.3,246.5,880.4,2639.9,2553
23-06-2025,86.3,98.349,9669.9,4.8495,4.873,4.342,3.809,3.863,36.023,3369.2,67.215,254.95,248.65,881.05,2684,2590.8
24-06-2025,85.895,97.97,9678.1,4.8725,4.836,4.296,3.76,3.821,35.912,3323.45,64.96,254.15,247.6,881.35,2685.9,2572.5
25-06-2025,86.01,97.709,9736.1,4.9175,4.833,4.291,3.748,3.781,36.2187,3332.395,64.88,256.3,247.15,885.75,2708.4,2568
26-06-2025,85.63,97.347,9893.9,5.066,4.801,4.246,3.684,3.719,36.5975,3327.82,65.16,260,248.15,896,2771.4,2587.8
27-06-2025,85.431,97.254,9871.6,5.123,4.833,4.275,3.714,3.746,35.959,3274.175,65.03,259.85,247.85,892.95,2775.9,2596.3
30-06-2025,85.717,96.785,9869.9,5.0825,4.778,4.232,3.692,3.727,36.066,3303.15,64.92,258.35,248.8,894.6,2745.4,2598.3
01-07-2025,85.56,96.652,9929.1,5.0995,4.762,4.242,3.742,3.772,36.041,3338.72,65.485,256,248.95,898.3,2714.1,2601
02-07-2025,85.531,96.774,10006.9,5.1975,4.805,4.283,3.767,3.791,36.557,3357.09,67.48,258.45,250.55,905.4,2753.1,2623.3
03-07-2025,85.391,97.127,9961.4,5.1415,4.862,4.348,3.845,3.886,36.839,3326.03,67.11,257.45,249.15,898.85,2742.9,2604.8
04-07-2025,85.449,96.985,9867.9,5.1415,4.862,4.348,3.845,3.886,36.839,3336.615,67.11,256.7,248.5,891.9,2726.6,2593.3
07-07-2025,85.747,97.517,9802.4,5.026,4.917,4.383,3.857,3.897,36.766,3336.44,67.86,254.3,247.45,889.3,2683.1,2567.5
08-07-2025,85.73,97.512,9867.9,5.6855,4.929,4.403,3.863,3.897,36.7346,3301.72,68.135,255.95,248.7,890.5,2734.7,2596.3
09-07-2025,85.67,97.47,9654.1,5.4865,4.869,4.336,3.812,3.849,36.3536,3313.7,68.24,257.8,249.55,883.85,2742.9,2601.5
10-07-2025,85.7,97.578,9691.8,5.591,4.868,4.35,3.837,3.872,36.994,3324.015,66.82,260.8,249.75,885.8,2781.6,2608
11-07-2025,85.775,97.868,9670.4,5.6045,4.955,4.417,3.868,3.893,38.389,3355.665,68.655,258.6,249.75,883.55,2738.6,2602.5
14-07-2025,85.969,98.101,9627.4,5.5505,4.98,4.437,3.879,3.904,38.112,3343.755,66.795,258.15,249.35,882.45,2727.8,2596.5
15-07-2025,85.945,98.636,9645.9,5.5775,5.023,4.491,3.932,3.954,37.664,3325.005,66.64,256.4,248.45,884.05,2697.5,2582.5
16-07-2025,85.87,98.279,9636.6,5.526,5.011,4.459,3.869,3.894,37.918,3347.6,66.575,256.45,248.15,881.25,2702.5,2575.5
17-07-2025,85.989,98.615,9671.4,5.5125,5.008,4.455,3.875,3.907,38.1455,3339.06,66.396,258.55,249.05,882.6,2733.3,2583.3
18-07-2025,86.125,98.462,9781.6,5.6045,4.991,4.42,3.837,3.869,38.147,3350.095,66.396,265.25,252.4,891.85,2822.5,2633.5
21-07-2025,86.177,97.848,9861,5.6375,4.946,4.38,3.815,3.861,38.8991,3397.06,65.72,267.3,253.45,896.2,2839.4,2644
22-07-2025,86.27,97.399,9918,5.7215,4.918,4.348,3.781,3.833,39.255,3431.56,65.39,268.85,255,898,2852.9,2654.3
23-07-2025,86.299,97.206,9916.4,5.8195,4.939,4.384,3.833,3.884,39.2756,3387.45,65.41,269.65,253.75,898.4,2858.9,2642.5
24-07-2025,86.373,97.517,9871,5.8015,4.941,4.4,3.866,3.916,39.027,3368.71,66.15,269.05,254.25,893.5,2839.1,2648.5
25-07-2025,86.457,97.673,9782.6,5.785,4.927,4.386,3.868,3.921,38.143,3337.07,65.06,267.85,254.2,896.3,2826,2632.5
28-07-2025,86.649,98.664,9783.4,5.6155,4.96,4.414,3.88,3.93,38.1586,3314.45,66.97,266.85,254.2,896.35,2808.3,2631.8
29-07-2025,87.08,98.898,9801.9,5.6255,4.86,4.324,3.818,3.869,38.1315,3326.67,69.24,268.3,253.4,899.6,2814,2607.5
30-07-2025,87.65,99.887,9710.9,5.586,4.899,4.372,3.89,3.943,37.1166,3275.29,70.29,267.55,253.85,897.6,2788.5,2605
31-07-2025,87.476,100.05,9593.4,4.3545,4.904,4.382,3.906,3.961,36.694,3290.12,69.35,265.55,250.45,876.15,2761.6,2564
01-08-2025,87.215,98.684,9639,4.4355,4.821,4.216,3.653,3.68,37.018,3362.895,67.25,262,249.6,879.7,2728.6,2570.5
04-08-2025,87.7,98.729,9687.9,4.4375,4.791,4.194,3.648,3.679,37.3936,3373.635,66.25,265.25,251.35,887.55,2750.4,2562
05-08-2025,87.782,98.756,9634.1,4.386,4.777,4.208,3.688,3.726,37.8014,3380.96,65.16,265.05,251.35,880.7,2754.6,2566.5
06-08-2025,87.687,98.193,9682.8,4.413,4.823,4.232,3.668,3.714,37.818,3369.27,64.26,268.2,255,883.4,2792.6,2622.3
07-08-2025,87.399,98.049,9673.8,4.3985,4.826,4.248,3.683,3.724,38.2467,3396.48,63.81,268.5,253.05,880.75,2812.9,2602
08-08-2025,87.441,98.264,9761.8,4.4715,4.851,4.285,3.731,3.762,38.317,3397.765,63.34,270.1,254.15,889.3,2827.6,2613.5
11-08-2025,87.61,98.497,9724.3,4.44,4.847,4.279,3.731,3.766,37.6054,3342.665,63.99,268.55,252.35,884.8,2809.1,2584.5
12-08-2025,87.566,98.053,9845.8,4.5255,4.878,4.289,3.704,3.733,37.8796,3348.345,63.09,271,254.85,892.85,2848.1,2629.3
13-08-2025,87.411,97.786,9791.1,4.4975,4.827,4.236,3.644,3.679,38.5176,3355.695,62.73,268.3,253.35,888.1,2820.6,2609.5
14-08-2025,87.651,98.195,9770.8,4.4795,4.876,4.289,3.697,3.735,38,3335.585,63.92,270.65,254.9,887.4,2841.9,2621
15-08-2025,87.488,97.839,9770.3,4.4925,4.923,4.322,3.718,3.755,37.987,3335.7,63.13,270.65,254.9,887.4,2793.4,2602
18-08-2025,87.247,98.133,9742.4,4.471,4.935,4.335,3.728,3.769,37.993,3332.895,62.59,265.8,252,882.3,2778.6,2587.8
19-08-2025,87.02,98.282,9689.4,4.4225,4.911,4.31,3.713,3.754,37.378,3315.7,61.99,264.1,248.8,873.9,2768.6,2564.3
20-08-2025,86.978,98.218,9732.5,4.44,4.895,4.291,3.703,3.752,37.8956,3348.485,62.83,265.3,248.65,873.4,2785.4,2580.5
21-08-2025,87.247,98.622,9730.5,4.4435,4.92,4.328,3.742,3.79,38.138,3338.71,63.47,265.05,250.25,877.3,2766.6,2588.8
22-08-2025,87.306,97.732,9780.3,4.459,4.878,4.256,3.646,3.698,38.888,3371.23,63.76,267,251.55,880.55,2803.6,2619.3
25-08-2025,87.566,98.434,9780.3,4.4775,4.891,4.277,3.672,3.724,38.5252,3365.72,64.75,267.8,252.2,890.55,2803.6,2619.3
26-08-2025,87.592,98.212,9846,4.4595,4.923,4.265,3.626,3.683,38.5831,3393.745,63.3,269.1,255.3,890,2805.4,2637
27-08-2025,87.62,98.184,9774.6,4.42,4.921,4.238,3.584,3.615,38.56,3397.72,63.85,265.7,252.8,884.9,2764.1,2605.5
28-08-2025,87.541,97.897,9828.1,4.539,4.877,4.205,3.59,3.633,39.0006,3417.06,64.31,267.2,252.9,891.25,2784.6,2607
29-08-2025,88.123,97.855,9919.4,4.5905,4.929,4.232,3.584,3.621,39.691,3447.435,64,271.3,255.2,900.45,2818.1,2619
01-09-2025,87.96,97.694,9885.6,4.5905,4.929,4.232,3.584,3.621,39.691,3476.365,64,272.2,254.85,897.9,2832.3,2614.8
02-09-2025,87.959,98.305,9997.9,4.641,4.963,4.265,3.61,3.641,40.8201,3533.545,65.61,274.75,255.5,907.2,2863.3,2621.5
03-09-2025,88.024,98.146,9991.5,4.63,4.899,4.217,3.585,3.619,41.114,3559.26,63.76,275.25,255.05,906.2,2867.6,2616.1
04-09-2025,88.152,98.265,9890.5,4.5585,4.852,4.161,3.55,3.592,40.633,3545.87,63.33,273.3,253.35,899.75,2837.1,2591.5
05-09-2025,88.143,97.737,9884.4,4.551,4.761,4.076,3.478,3.509,40.967,3586.545,61.96,274.85,253.95,897.05,2860.6,2604.5
08-09-2025,87.932,97.443,9911.1,4.5595,4.691,4.042,3.455,3.49,41.3256,3635.85,62.45,275.95,254.4,899.6,2874.1,2613
09-09-2025,88.199,97.744,9921.8,4.5695,4.727,4.086,3.513,3.556,40.91,3626.315,62.76,275.45,255.5,902.35,2860.4,2627.8
10-09-2025,88.013,97.805,10004.3,4.618,4.693,4.045,3.497,3.544,41.1185,3640.585,63.74,276.7,255.25,907.3,2888.9,2628
11-09-2025,88.222,97.5,10059.8,4.658,4.658,4.026,3.505,3.544,41.52,3634.12,62.23,279.1,260.05,913,2902.6,2676
12-09-2025,88.252,97.615,10068.9,4.652,4.683,4.068,3.536,3.562,42.156,3643.085,62.59,279.9,261.15,913.85,2950.6,2697.5
15-09-2025,88.077,97.343,10172.4,4.7175,4.656,4.038,3.501,3.537,42.686,3678.79,63.27,283,260.1,920.95,2978.1,2703
16-09-2025,87.845,96.656,10119.5,4.694,4.652,4.032,3.476,3.51,42.5276,3689.855,64.54,283.15,260.35,915.8,2984.1,2714
17-09-2025,87.698,97.015,9992.8,4.632,4.684,4.087,3.539,3.553,41.6573,3659.975,63.96,279.3,257.5,903.75,2939.9,2684.5
18-09-2025,88.167,97.362,9946,4.6005,4.725,4.11,3.554,3.572,41.7972,3644.18,63.3,278.45,259.25,903.05,2913.4,2694.5
19-09-2025,88.075,97.646,9990.8,4.6275,4.75,4.133,3.557,3.574,43.059,3684.975,62.35,276.25,257.2,906.65,2891.6,2671.8
22-09-2025,88.263,97.3,9994.6,4.632,4.764,4.147,3.585,3.605,44.0236,3746.355,62.35,277.85,255.2,910.25,2898.9,2649
23-09-2025,88.767,97.215,9990.3,4.644,4.718,4.106,3.562,3.588,43.9722,3764.205,63.64,278.9,255.7,911.45,2890.1,2642.5
24-09-2025,88.736,97.839,10319.4,4.8135,4.752,4.149,3.604,3.606,43.8936,3736.165,64.8,285.05,256.6,945.75,2925.9,2655.5
25-09-2025,88.717,98.45,10252.9,4.758,4.751,4.176,3.658,3.661,45.1673,3749.44,65.21,284.9,256.15,943.7,2921.4,2662.5
26-09-2025,88.63,98.182,10218.9,4.7715,4.745,4.174,3.651,3.643,46.032,3759.855,65.18,281.85,255.2,939.55,2887.9,2651.5
29-09-2025,88.657,97.936,10433.9,4.892,4.707,4.141,3.627,3.625,46.93,3833.88,63.17,286.35,257.8,958.7,2941.4,2678.3
30-09-2025,88.791,97.794,10305.4,4.8565,4.73,4.154,3.626,3.617,46.6639,3858.45,62.42,288.25,259.5,952.55,2954.4,2683.5
01-10-2025,88.65,97.703,10369.8,4.8825,4.709,4.1,3.546,3.535,47.32,3865.53,61.79,290.2,259.2,957.65,2988.9,2694
02-10-2025,88.669,97.857,10491,4.9495,4.691,4.085,3.55,3.541,46.9513,3856.56,60.67,290.2,259.2,957.65,3013.9,2687.5
03-10-2025,88.71,97.711,10712.5,5.109,4.711,4.121,3.593,3.576,47.979,3886.455,60.68,294.65,259.7,990.05,3029.1,2708.5
06-10-2025,88.681,98.112,10636.8,5.038,4.753,4.158,3.612,3.592,48.5254,3960.69,61.71,293.2,261.35,989.15,3005.6,2719.8
07-10-2025,88.69,98.575,10746,5.0975,4.725,4.125,3.581,3.57,47.8366,3984.33,62.03,296.25,261.65,996.25,3044.6,2742.5
08-10-2025,88.72,98.821,10708.6,5.0945,4.709,4.123,3.598,3.584,48.8423,4041.9,62.31,293.75,262.95,999.35,2998.9,2755.8
09-10-2025,88.816,99.398,10805.4,5.123,4.723,4.142,3.612,3.599,49.205,3976.24,61.51,294.45,264.8,1003.25,3014.4,2783
10-10-2025,88.732,98.854,10372.5,4.894,4.641,4.059,3.539,3.531,50.126,4016.68,58.25,291.9,261.5,969,2987.8,2747.8
13-10-2025,88.621,99.249,10828.1,5.144,4.641,4.059,3.539,3.531,52.329,4110.335,59.55,294.25,264.15,1003.5,3015.6,2766
14-10-2025,88.735,99.032,10603,5.023,4.63,4.032,3.492,3.485,51.42,4142.625,58.58,291.3,263.6,994,2951.6,2742.5
15-10-2025,87.775,98.665,10631.8,5.0145,4.62,4.028,3.501,3.497,53.05,4207.77,58.76,289.9,262.65,991.7,2945.9,2750.5
16-10-2025,87.937,98.339,10629,4.999,4.585,3.975,3.428,3.422,54.16,4326.065,57.41,291.4,263.45,993.85,2970.1,2794
17-10-2025,87.954,98.54,10589.9,4.9695,4.606,4.011,3.471,3.464,51.861,4253.975,57.24,290.45,261.95,983.1,2941.6,2768.8
20-10-2025,87.84,98.592,10696.8,5.036,4.569,3.982,3.462,3.459,52.3866,4355.795,56.92,294.2,262.25,988.5,2978.4,2773.8
21-10-2025,87.981,98.963,10610.5,4.966,4.543,3.965,3.457,3.455,48.6616,4125.27,57.57,295.2,262.3,983.2,2993.6,2786.8
22-10-2025,87.707,98.881,10671.8,4.9955,4.535,3.953,3.447,3.447,48.4365,4099.4,59.37,301,264.3,980.9,3023.4,2807.5
23-10-2025,87.78,98.914,10852.5,5.1105,4.58,4.003,3.498,3.493,48.8463,4126.075,61.74,299.3,265.7,990,3022.1,2864
24-10-2025,87.796,98.938,10935.4,5.1225,4.595,4.003,3.49,3.484,48.6235,4114.125,61.43,299.65,265.5,994.6,3016.9,2856.5
27-10-2025,88.174,98.801,11003,5.1715,4.557,3.987,3.498,3.497,46.819,3981.985,61.54,298.75,270.6,1010.9,3052.6,2872.8
28-10-2025,88.181,98.73,11031.4,5.171,4.542,3.978,3.497,3.49,47.0355,3953,60.17,300.35,271.05,1009.1,3059.6,2895.3
29-10-2025,88.361,99.138,11152.1,5.2635,4.627,4.078,3.598,3.596,47.5075,3930.615,60.35,301.55,272.2,1021.4,3067.9,2882.5
30-10-2025,88.585,99.522,10927.1,5.104,4.654,4.097,3.608,3.61,48.8995,4024.525,60.28,300.3,270.25,1011.75,3036.6,2864.3
31-10-2025,88.719,99.716,10894.1,5.089,4.657,4.081,3.584,3.58,48.6562,4002.81,60.87,300.6,271.8,1010.85,3049.1,2886.3
03-11-2025,88.671,99.883,10849.6,5.069,4.687,4.108,3.612,3.605,48.066,4001.605,61.01,304.45,274.05,1009.2,3107.8,2908.1
04-11-2025,88.707,100.197,10655.1,4.9485,4.664,4.083,3.584,3.576,47.14,3932.1,60.42,301.95,271.4,996.85,3073.3,2856.6
05-11-2025,88.514,100.161,10724,4.986,4.74,4.161,3.648,3.634,47.972,3980.115,59.63,300.45,271.95,1001.75,3055.8,2861
06-11-2025,88.648,99.697,10689,4.9675,4.682,4.087,3.569,3.557,48.006,3977.14,59.52,300.65,271.75,1000.05,3051.8,2844.5
07-11-2025,88.631,99.556,10687.4,4.957,4.697,4.093,3.567,3.56,48.326,4001.275,59.83,302.05,272.5,1000.3,3063.5,2856.5
10-11-2025,88.657,99.622,10875.1,5.106,4.712,4.12,3.601,3.595,50.492,4115.41,60.04,304.7,273.45,1012.75,3086,2877.5
11-11-2025,88.413,99.463,10835.8,5.066,4.712,4.12,3.601,3.595,51.19,4126.505,61.05,303.8,273.55,1008.3,3067,2876.3
12-11-2025,88.55,99.471,10909.6,5.1055,4.661,4.065,3.558,3.566,53.259,4195.21,58.47,305.35,273.8,1013.4,3071.8,2891.8
13-11-2025,88.758,99.228,10920,5.102,4.71,4.115,3.589,3.589,52.331,4171.745,58.59,305.7,273,1014.05,3047.5,2880.8
14-11-2025,88.64,99.273,10847.5,5.063,4.75,4.148,3.611,3.608,50.517,4085.825,59.94,303.35,270.5,1008.5,3016.5,2857
17-11-2025,88.61,99.533,10776.6,5.012,4.735,4.139,3.615,3.612,50.18,4045.86,59.71,302.1,266.85,1002.7,2988.5,2814.8
18-11-2025,88.502,99.597,10697.8,4.974,4.737,4.117,3.572,3.577,50.678,4067.425,60.56,301.1,263.1,995.45,2994.3,2787.8
19-11-2025,88.443,100.113,10785.6,5.0185,4.758,4.139,3.59,3.594,51.282,4077.85,59.42,301.95,264.6,1002.1,2986.1,2807.8
20-11-2025,88.69,100.212,10696.1,4.9685,4.724,4.086,3.528,3.537,50.644,4077.535,58.75,304.85,265.1,996.8,3006.3,2808
21-11-2025,89.587,100.196,10787.3,5.015,4.717,4.067,3.497,3.505,49.989,4065.01,57.97,306.25,266.15,1003.05,2986.3,2802.3
24-11-2025,89.123,100.185,10752.8,4.9675,4.674,4.031,3.486,3.501,51.344,4133.975,58.9,297.25,268.35,1007,2998.5,2814
25-11-2025,89.113,99.792,10829.8,5.003,4.655,4,3.451,3.457,51.441,4130.55,58.12,297.35,268.15,1010.8,3002.4,2810
26-11-2025,89.111,99.562,10963.4,5.194,4.641,3.992,3.467,3.477,53.327,4163.575,58.56,301.2,272.2,1020.65,3054.8,2868
27-11-2025,89.325,99.533,10938.5,5.194,4.641,3.992,3.467,3.477,53.327,4158.8,58.56,299.1,270.45,1020.7,3016.8,2829.3
28-11-2025,89.332,99.479,11166.8,5.272,4.665,4.017,3.491,3.497,56.397,4215.82,58.47,303.15,273.05,1036.4,3053,2865.8
01-12-2025,89.573,99.407,11247.9,5.303,4.741,4.09,3.546,3.532,57.966,4232.29,59.5,308.45,275.75,1050.25,3094,2886.8
02-12-2025,89.868,99.32,11163.3,5.243,4.751,4.09,3.53,3.512,58.445,4205.665,58.6,306,274.6,1047.05,3057.3,2864.5
03-12-2025,90.146,98.868,11460.1,5.389,4.729,4.063,3.504,3.486,58.47,4203.115,59.1,309,278.25,1076.55,3060.8,2898.5
04-12-2025,89.783,99.069,11468,5.3735,4.759,4.1,3.546,3.525,57.093,4208.765,59.71,308.25,278.25,1073.6,3088.5,2899.5
05-12-2025,89.896,98.986,11673.6,5.462,4.793,4.139,3.586,3.564,58.291,4198.685,60.13,310.6,279,1093.35,3097.1,2901
08-12-2025,90.09,99.097,11670.3,5.4445,4.809,4.17,3.614,3.579,58.14,4190.66,58.84,314.05,278.25,1097.05,3128.3,2885
09-12-2025,89.859,99.242,11473.1,5.32,4.81,4.19,3.651,3.615,60.694,4207.915,58.38,310.55,275.55,1079.2,3091.5,2854.3
10-12-2025,89.752,98.634,11568,5.3535,4.794,4.155,3.591,3.542,61.702,4228.775,58.95,310.25,276.8,1085.6,3083.5,2870.3
11-12-2025,90.211,98.334,11858.3,5.5015,4.798,4.153,3.583,3.538,63.6,4279.335,57.91,320.1,280.7,1111.85,3203.8,2899
12-12-2025,90.544,98.393,11554.3,5.359,4.849,4.186,3.58,3.524,61.92,4299.38,57.52,316.7,278.9,1096.8,3133.3,2870.3
15-12-2025,90.75,98.252,11681,5.412,4.85,4.178,3.558,3.508,64.066,4304.91,56.67,308.7,280.1,1109.7,3094.8,2872.8
16-12-2025,90.908,98.211,11627.1,5.359,4.816,4.147,3.532,3.489,63.726,4302.225,55.16,302.95,280.2,1105.9,3036.3,2880
17-12-2025,90.369,98.394,11770.4,5.4355,4.826,4.153,3.528,3.485,66.203,4337.83,56.89,304.25,281.55,1113.35,3069.5,2900.5
18-12-2025,90.227,98.418,11740.3,5.4375,4.806,4.124,3.503,3.464,65.468,4332.59,55.89,302.45,282.2,1111.7,3059.9,2913
19-12-2025,89.552,98.718,11884.1,5.51,4.827,4.149,3.529,3.485,67.153,4338.765,56.53,301.4,283.9,1114.85,3073,2953
22-12-2025,89.564,98.241,11923.8,5.5095,4.838,4.165,3.554,3.507,69.046,4443.74,57.94,302.75,284.5,1121.65,3076.5,2940.5
23-12-2025,89.396,97.882,12045.4,5.552,4.825,4.167,3.582,3.534,71.446,4484.55,58.46,304.75,284.4,1139.85,3097.8,2941.5
24-12-2025,89.771,97.951,12114.5,5.575,4.798,4.135,3.558,3.51,71.81,4479.415,58.39,305.05,288.15,1172.45,3087,2952.8
25-12-2025,89.631,97.951,12114.5,5.575,4.798,4.135,3.558,3.51,71.81,4479.415,58.39,305.05,288.15,1172.45,3087,2952.8
26-12-2025,89.746,98.053,12114.5,5.8395,4.816,4.132,3.532,3.481,79.329,4533.21,56.92,312.95,300.95,1277.95,3087,2952.8
29-12-2025,89.875,98.014,12195.3,5.5665,4.799,4.112,3.505,3.457,72.127,4332.56,57.82,304.25,290.2,1232.6,3085.8,2950.8
30-12-2025,89.739,98.217,12640.4,5.7815,4.809,4.126,3.507,3.452,76.217,4339.395,57.94,309,298.5,1337.35,3128.8,2984.1
31-12-2025,89.832,98.28,12460.3,5.682,4.841,4.163,3.537,3.475,71.6052,4322.61,57.4,307.65,296.95,1285.5,3119.3,2993.8
01-01-2026,89.95,98.28,12460.3,5.682,4.841,4.163,3.537,3.475,71.6052,4322.61,57.4,308.05,297.3,1292.5,3119.3,2993.8
02-01-2026,89.975,98.433,12474.9,5.6915,4.871,4.195,3.55,3.475,72.819,4332.065,57.32,306.6,302.75,1287.1,3124,3019.3
05-01-2026,90.181,98.356,13076.9,5.9755,4.843,4.155,3.519,3.453,76.534,4449.17,58.34,310.75,306.4,1313.3,3208.8,3091
06-01-2026,90.101,98.595,13272.1,6.0625,4.86,4.169,3.526,3.465,81.167,4494.635,56.96,315.65,314.8,1338.3,3248.5,3135.5
07-01-2026,89.822,98.729,12845.1,5.8605,4.829,4.15,3.528,3.472,78.186,4456.65,56.39,309.65,310.15,1307.75,3170,3088.3
08-01-2026,89.865,98.844,12710.6,5.7965,4.837,4.167,3.547,3.486,76.975,4477.565,58.39,307.35,308.85,1270.2,3130,3089.5
09-01-2026,90.211,99.137,12960.6,5.9025,4.814,4.169,3.593,3.538,79.904,4509.66,58.77,309.05,317.4,1281.3,3150.3,3145
12-01-2026,90.09,98.892,13188.3,6.0315,4.835,4.185,3.596,3.539,85.09,4597.65,59.83,312.7,317.25,1315.2,3213.3,3193.8
13-01-2026,90.236,99.174,13159.6,6.016,4.833,4.175,3.587,3.53,86.91,4586.005,61.09,312.45,318.45,1309.55,3206.5,3192.8
14-01-2026,90.222,99.058,13227.8,6.0555,4.787,4.138,3.566,3.514,93.175,4626.575,61.04,316.3,318.85,1313.2,3280.4,3182
15-01-2026,90.315,99.354,13117.5,5.9915,4.799,4.171,3.623,3.568,92.379,4616.04,59.16,317.85,318.7,1308.5,3310.1,3169.5
16-01-2026,90.662,99.375,12815.6,5.831,4.838,4.227,3.66,3.594,90.078,4596.32,59.23,312.8,316.5,1289.5,3209.6,3138.8
19-01-2026,90.853,99.045,12975.1,5.831,4.838,4.227,3.66,3.594,90.078,4670.295,59.23,314.3,317.6,1302.5,3230.4,3165
20-01-2026,91.069,98.559,12801.8,5.8125,4.923,4.295,3.678,3.599,94.561,4763.37,59.53,311.35,314.75,1285.65,3177.6,3121
21-01-2026,91.5,98.79,12761.1,5.768,4.865,4.247,3.657,3.591,93.102,4831.38,60.66,311.9,315.05,1279.85,3174.6,3122.3
22-01-2026,91.53,98.267,12799.3,5.779,4.843,4.251,3.681,3.612,96.171,4936.075,59.66,311.95,315.2,1273.05,3230.9,3142.3
23-01-2026,91.635,97.456,13156.4,5.9475,4.83,4.231,3.665,3.598,103.2672,4987.545,61.29,316.25,318.05,1316.5,3274.4,3171
26-01-2026,91.663,97.057,13270.9,6.0205,4.802,4.213,3.657,3.592,103.893,5008.875,60.84,316.25,318.05,1316.5,3352.9,3197.3
27-01-2026,91.438,95.818,12995.6,5.8615,4.858,4.245,3.647,3.575,112.142,5180.625,62.56,324.4,318.7,1307.5,3355.6,3210
28-01-2026,92,96.337,13124.8,5.925,4.861,4.247,3.641,3.571,116.605,5418.545,63.49,334.4,331.45,1321.7,3384.6,3269.3
29-01-2026,91.751,96.162,13705,6.2035,4.855,4.233,3.626,3.559,115.808,5370.23,65.5,340.75,341.5,1411.5,3440.8,3231.3
30-01-2026,91.641,97.147,13135.8,5.924,4.874,4.239,3.594,3.524,85.3133,4895.44,65.73,322.4,313.8,1293.15,3373.3,3131.5
02-02-2026,91.255,97.604,12904.6,5.8255,4.916,4.281,3.646,3.574,79.277,4661.055,62.32,325,311.7,1218.95,3320.5,3062.8
03-02-2026,90.374,97.381,13474.6,6.0865,4.897,4.267,3.643,3.572,85.07,4946.805,63.89,324.2,314.85,1283.05,3326.4,3112
04-02-2026,90.355,97.642,12977,5.85,4.92,4.278,3.634,3.555,88.182,4964.455,64.46,321.7,308.9,1244.6,3296.8,3052.8
05-02-2026,90.295,97.946,12913.1,5.821,4.844,4.188,3.532,3.461,70.932,4780.675,63.11,320.25,307.3,1228,3308.4,3036.8
06-02-2026,90.555,97.681,13053.5,5.882,4.853,4.208,3.567,3.495,77.941,4964.62,63.49,325.65,312.2,1242.85,3372.4,3112.5
09-02-2026,90.712,96.869,13206.3,5.9625,4.853,4.2,3.557,3.487,83.361,5057.775,64.41,325.8,312.8,1249.65,3378.6,3127.5
10-02-2026,90.538,96.891,13110,5.9135,4.783,4.141,3.512,3.452,80.804,5025.12,64.19,325.75,311.5,1233.65,3395.6,3100.8
11-02-2026,90.712,96.907,13232.1,5.9655,4.811,4.174,3.571,3.512,84.263,5084.28,64.88,328.95,313.85,1247.9,3420.4,3118.3
12-02-2026,90.525,96.92,12839.6,5.7855,4.736,4.1,3.5,3.458,75.224,4922.08,62.9,323.35,307.7,1206.3,3375.8,3096.8
13-02-2026,90.505,96.884,12915.3,5.803,4.694,4.05,3.445,3.41,77.338,5042.74,62.8,323.6,309.25,1209.5,3338.6,3086.5
16-02-2026,90.733,97.098,12842.3,5.803,4.694,4.05,3.445,3.41,77.338,4992.005,62.8,321.15,307.7,1198.05,3285.6,3041.5
17-02-2026,90.606,97.107,12599.6,5.6425,4.691,4.062,3.468,3.439,73.499,4877.855,62.29,319.1,303.8,1150.9,3284.4,3033
18-02-2026,90.755,97.694,12918.9,5.803,4.708,4.083,3.498,3.466,77.205,4977.26,64.93,325.15,308.25,1181.35,3368.1,3092.5
19-02-2026,90.998,97.819,12791.5,5.7385,4.701,4.071,3.493,3.464,78.531,4996.49,66.66,324,306.2,1160.25,3341.9,3063.8
20-02-2026,90.681,97.789,12967.3,5.839,4.726,4.086,3.503,3.482,84.625,5108.255,66.3,326.3,307.25,1168.15,3389.1,3109.5
23-02-2026,90.991,97.696,12863.6,5.7805,4.702,4.031,3.444,3.44,88.151,5226.87,66.28,326.2,311.75,1197.25,3348.1,3090.1
24-02-2026,90.877,97.882,13221.1,5.9305,4.687,4.037,3.465,3.465,87.088,5143.925,66.07,328.3,309.85,1199.1,3389.6,3107.5
25-02-2026,90.853,97.643,13334.6,5.9855,4.699,4.058,3.491,3.477,89.221,5163.58,65.56,328.5,313.15,1211.35,3389.8,3174.5
26-02-2026,90.953,97.782,13238.9,6.005,4.662,4.01,3.441,3.434,88.241,5185.17,65.46,326.95,312.1,1207.3,3364,3143.8
27-02-2026,91.026,97.646,13347.6,6.0595,4.618,3.949,3.384,3.383,93.76,5278.51,67.28,326.55,312.8,1222.35,3314.5,3149
02-03-2026,91.535,98.548,13109.8,5.948,4.682,4.036,3.48,3.477,89.263,5321.935,71.02,327.35,319.1,1214.8,3307.1,3184.6
03-03-2026,92.01,99.071,12890.6,5.826,4.706,4.065,3.519,3.514,81.991,5088.835,74.81,326.95,325.4,1202.7,3269.5,3261.6
04-03-2026,92.077,98.775,13045.1,5.9075,4.733,4.1,3.561,3.549,83.512,5140.945,76.1,327.85,330.25,1209.3,3320.3,3332.1
05-03-2026,91.737,99.061,12854.3,5.8045,4.754,4.14,3.598,3.583,82.262,5081.38,78.86,321.3,330.6,1194.85,3232.8,3283.6
06-03-2026,91.908,98.855,12858.1,5.807,4.758,4.138,3.587,3.556,84.476,5171.5,91.26,323.85,339.9,1197.2,3328.8,3415.8
09-03-2026,92.112,98.727,12915.9,5.8485,4.716,4.102,3.567,3.55,86.979,5137.91,85.07,325.2,335.95,1193.45,3327,3393.8
10-03-2026,91.94,98.915,13155.1,5.952,4.787,4.156,3.613,3.592,88.341,5192.51,86.4,325.95,337.25,1207.95,3338.3,3381.8
11-03-2026,92.187,99.252,13024.6,5.8915,4.878,4.228,3.672,3.653,85.728,5176.48,88.4,325.5,344.65,1203.6,3310.5,3449.5
12-03-2026,92.337,99.743,12965.1,5.868,4.88,4.261,3.757,3.739,83.8525,5079.255,96.38,325.35,349.95,1202.3,3314.5,3522.3
13-03-2026,92.49,100.494,12759.6,5.757,4.908,4.283,3.747,3.729,80.584,5020.6,99.3,324.45,346.1,1187.4,3290.5,3439.3
16-03-2026,92.214,99.822,12857,5.8315,4.868,4.22,3.683,3.673,80.732,5006.565,94.23,322.9,342.4,1181.35,3270.4,3395.5
17-03-2026,92.355,99.562,12782.4,5.767,4.843,4.2,3.679,3.678,79.29,5005.725,96.01,319.3,340.9,1176.5,3231.3,3372.5
18-03-2026,92.991,100.233,12378.5,5.594,4.885,4.265,3.779,3.779,75.363,4818.415,99.04,314,343.3,1153,3139,3412
19-03-2026,92.872,99.162,12197.6,5.469,4.841,4.249,3.792,3.795,72.848,4650.72,94.6,306.6,330.45,1111.95,3073.8,3242
20-03-2026,93.652,99.503,11911.4,5.3745,4.947,4.384,3.919,3.907,67.897,4497.48,98.1,307.65,331.3,1108,3068.5,3199.3
23-03-2026,93.173,99.146,12200.4,5.4725,4.921,4.35,3.869,3.856,69.1026,4406.505,88.86,310.35,330.9,1121.2,3090.6,3226.5
24-03-2026,93.983,99.182,12078.3,5.455,4.931,4.368,3.908,3.904,71.275,4474.275,88.38,308.6,331.6,1119.35,3028.8,3235.5
25-03-2026,93.865,99.637,12306.9,5.561,4.902,4.332,3.883,3.887,71.176,4506.845,91.3,309.9,334.85,1151,3081.5,3252.8
26-03-2026,94.247,99.864,12111.4,5.477,4.927,4.412,3.984,3.982,68.089,4378.2,93.8,309.85,336.15,1138.9,3073.5,3254
27-03-2026,94.757,100.193,12134.6,5.4945,4.965,4.428,3.938,3.914,69.7429,4493.685,101.17,315.35,339.65,1150.4,3106.5,3277.3
30-03-2026,94.333,100.491,12187.9,5.502,4.909,4.35,3.859,3.836,70.0514,4510.65,105,315.4,350.75,1152.7,3189.3,3429.1
31-03-2026,93.437,99.856,12407.9,5.614,4.91,4.319,3.813,3.791,75.142,4667.875,101.55,319.45,350.6,1163.7,3226.5,3452.8
01-04-2026,93.186,99.552,12470.6,5.6465,4.904,4.321,3.833,3.805,75.038,4758.2,98.9,325.4,355.65,1169.2,3292.8,3518.4
02-04-2026,92.993,100.017,12333.9,5.5835,4.88,4.309,3.831,3.805,73.013,4676.745,112.05,323.2,354.35,1155.1,3257.8,3476.6
03-04-2026,92.67,100.185,12333.9,5.5835,4.88,4.309,3.831,3.805,73.013,4676.745,112.05,323.2,354.35,1155.1,3257.8,3476.6
06-04-2026,93.04,99.989,12333.9,5.601,4.891,4.339,3.876,3.85,72.77,4649.995,112.6,324.45,352.4,1161.5,3257.8,3476.6
07-04-2026,92.839,99.516,12325.1,5.563,4.878,4.301,3.82,3.8,72.937,4704.81,110.33,329,355.75,1159.55,3306,3465.6
08-04-2026,92.322,98.998,12733.5,5.777,4.886,4.295,3.817,3.792,74.0994,4718.96,96.49,328.5,354.85,1187.75,3294.3,3467.4
09-04-2026,92.438,98.795,12689.8,5.7645,4.888,4.283,3.796,3.779,75.688,4765.405,97.97,330.85,354.25,1192.95,3326,3444.4
10-04-2026,93.048,98.697,12852.9,5.886,4.909,4.317,3.822,3.799,75.832,4749.685,95.62,331,357.7,1210.15,3321.8,3506.1
13-04-2026,93.366,98.373,13078.6,5.9905,4.899,4.293,3.794,3.776,75.5464,4740.34,98,334.6,368.75,1233.9,3330.5,3616.6
14-04-2026,93.125,98.105,13289.9,6.0835,4.858,4.248,3.756,3.745,79.4973,4841.76,92.06,335.15,366.9,1269.1,3337.8,3581.1
15-04-2026,93.335,98.05,13269.4,6.085,4.894,4.281,3.78,3.761,78.9283,4790.94,91.4,338.25,369.8,1273,3398.5,3625.1
16-04-2026,93.005,98.179,13257.6,6.0765,4.935,4.315,3.801,3.78,78.358,4790.66,93.18,340.25,372.85,1268.7,3419.5,3636.9
17-04-2026,92.575,98.226,13363.9,6.1145,4.885,4.248,3.721,3.706,80.779,4831.61,83.99,339.1,363.45,1272.9,3426,3558.1
20-04-2026,93.09,98.053,13268.6,6.046,4.887,4.258,3.742,3.727,79.727,4820.115,85.88,340.45,365,1269.4,3410.3,3557
21-04-2026,93.48,98.407,13203.4,6.0105,4.906,4.299,3.801,3.785,76.798,4720.685,90.21,343.45,365.3,1265.05,3433.5,3534
22-04-2026,93.775,98.606,13439.6,6.1285,4.91,4.305,3.82,3.804,77.7493,4740.455,92.86,349.45,373.3,1283.1,3462.3,3620.5
23-04-2026,94.085,98.798,13356.4,6.0815,4.914,4.325,3.845,3.832,75.3994,4694.09,96.99,348.1,372.75,1275.45,3456.5,3618.8
24-04-2026,94.22,98.51,13286.9,6.027,4.912,4.306,3.806,3.785,75.655,4709.75,94.87,349.45,374.15,1293.35,3466.5,3592.8
27-04-2026,94.17,98.497,13227.6,6.021,4.945,4.34,3.825,3.799,75.5,4681.955,96.67,346.3,375.7,1296.55,3395,3576.3
28-04-2026,94.52,98.594,13033.1,5.9175,4.939,4.35,3.865,3.842,73.033,4596.8,99.61,341.8,366,1277,3367.3,3539.3
29-04-2026,94.82,98.974,12979.6,5.933,4.999,4.43,3.968,3.947,71.307,4543.715,108.5,339.35,364.65,1275.3,3315.8,3481.3
30-04-2026,94.89,98.091,13018.9,5.9805,4.966,4.374,3.891,3.867,73.719,4622.065,105.4,343.45,365.95,1280.55,3359,3481.3
01-05-2026,94.88,98.211,12967.1,5.9845,4.961,4.372,3.903,3.88,75.309,4613.835,102.49,343.4,368.9,1282.2,3337.8,3512
04-05-2026,95.067,98.48,12967.1,5.8465,5.013,4.432,3.971,3.946,72.735,4524.115,105.13,342.45,371,1276.75,3337.8,3512
05-05-2026,95.175,98.487,13097.6,5.993,4.991,4.426,3.974,3.946,72.822,4557.535,102.67,345.65,374.5,1287.55,3363.5,3572.8
06-05-2026,94.6,98.014,13387.4,6.1865,4.938,4.352,3.893,3.87,77.2583,4690.91,96.2,346.55,369.75,1308.2,3407.8,3524.5
07-05-2026,94.24,98.258,13341.1,6.176,4.963,4.384,3.937,3.911,78.4753,4687.18,97.65,347.7,366.95,1304.25,3446.5,3490.8
08-05-2026,94.47,97.842,13556.1,6.2965,4.94,4.36,3.914,3.889,80.292,4715.715,94.67,348.2,368.4,1324.95,3426.5,3505
11-05-2026,95.3,97.907,13881.6,6.4605,4.984,4.412,3.978,3.951,86.134,4735.455,98.24,355.85,375.75,1369.05,3476.8,3572.3
12-05-2026,95.62,98.289,14004.1,6.531,5.027,4.463,4.027,3.994,86.527,4715.495,102.04,362.35,378,1390.15,3523,3571.8
13-05-2026,95.62,98.452,14131.6,6.679,5.034,4.467,4.017,3.977,87.4574,4689.14,100.99,364.75,386.1,1398.9,3566.8,3664.3
14-05-2026,95.753,98.869,13983.6,6.6115,5.03,4.483,4.056,4.015,83.425,4652.27,102.01,367.4,385.5,1385.45,3579.8,3648.8
15-05-2026,95.955,99.269,13539.4,6.295,5.122,4.597,4.144,4.079,75.894,4540.645,101.15,363.2,378.85,1341.6,3527.5,3572.3
18-05-2026,96.335,98.956,13598.9,6.3155,5.124,4.585,4.12,4.046,77.7034,4566.16,102.48,365.15,381.2,1348.25,3524.4,3568.3
19-05-2026,96.522,99.308,13439.4,6.2065,5.183,4.667,4.204,4.122,73.634,4482.115,104.02,366.3,384.4,1337.55,3517.4,3601
20-05-2026,96.58,99.125,13652.1,6.3305,5.122,4.585,4.125,4.057,75.855,4543.705,99.07,370.4,386.05,1352.05,3566.1,3629.5
21-05-2026,96.19,99.191,13520.4,6.294,5.095,4.572,4.136,4.079,76.677,4543.425,97.99,367.45,386.75,1345.05,3520.1,3637.5
22-05-2026,95.68,99.319,13649.4,6.379,5.063,4.556,4.171,4.123,75.478,4509.69,96.99,369.95,385.95,1344.7,3537.1,3649.3
25-05-2026,95.22,99.008,13649.4,6.379,5.063,4.556,4.171,4.123,75.478,4570.315,96.99,370.75,384.15,1367.45,3537.1,3649.3
26-05-2026,95.67,99.143,13640.5,6.397,5.021,4.491,4.086,4.036,76.9104,4507.57,93.56,367.5,386.6,1357.25,3529.4,3675.8
27-05-2026,95.69,99.216,13540.3,6.34,5.009,4.483,4.088,4.039,74.639,4456.12,89.4,364.65,383.75,1344.15,3513.4,3627
28-05-2026,95.676,98.992,13740.5,6.426,4.981,4.453,4.072,4.027,75.6218,4495.825,88.52,367.55,387.5,1360.4,3559.6,3668.5
29-05-2026,94.99,98.942,13621,6.389,4.974,4.437,4.049,4.002,75.292,4540.53,87.75,365.05,385.95,1348.75,3536.9,3673.5
01-06-2026,94.98,99.18,13826.1,6.5525,4.971,4.453,4.08,4.033,74.8254,4484.725,92.46,367.7,392.15,1365.8,3573.6,3726.4
02-06-2026,95.255,99.223,14012.3,6.6765,4.964,4.453,4.092,4.045,75.0642,4487.955,93.38,373.6,394.75,1379.3,3639.9,3761.4
03-06-2026,95.695,99.55,13807.6,6.5075,4.992,4.493,4.132,4.084,72.7014,4434.715,96.19,373.3,393,1367.9,3602.1,3695.6
04-06-2026,95.775,99.431,13912.1,6.535,4.978,4.475,4.099,4.045,73.9064,4475.29,92.92,371.75,390.1,1376.35,3595.6,3667.1
05-06-2026,94.935,100.071,13527.5,6.2845,4.999,4.532,4.2,4.145,67.885,4327.885,90.24,365,384.4,1336.15,3537.3,3596.8
08-06-2026,95.698,100.002,13601.4,6.35,5.039,4.568,4.22,4.166,68.1283,4330.065,91.27,365.2,385.3,1335.6,3537.6,3596.8
09-06-2026,95.34,99.994,13567.5,6.322,4.997,4.518,4.17,4.122,65.3157,4259.965,88.71,365.5,377.4,1327.65,3553.6,3524.5
10-06-2026,95.255,100.083,13496.5,6.267,5.03,4.554,4.202,4.145,63.3665,4072.015,91.84,359.35,371.3,1313.55,3482.4,3481
11-06-2026,95.75,99.675,13475.6,6.275,4.954,4.459,4.11,4.062,67.353,4211.195,86.43,364.75,375.05,1325,3496.4,3522.3
12-06-2026,95.1,99.806,13713.5,6.445,4.971,4.483,4.136,4.087,68.007,4218.56,84.28,368.8,375.25,1335.35,3583.9,3540.8
15-06-2026,94.7,99.661,13772.8,6.496,4.974,4.473,4.115,4.07,69.985,4308.85,81.17,369.9,356.8,1340.75,3582.4,3385.5
16-06-2026,94.605,99.539,13796.5,6.5035,4.941,4.439,4.094,4.054,69.9524,4331.28,76.61,366.2,357.45,1337.6,3563.9,3393.3
17-06-2026,94.515,100.387,13819,6.4935,4.929,4.487,4.215,4.186,67.8344,4257.65,75,370.1,358.65,1338.15,3596.6,3422.5
18-06-2026,94.323,100.815,13679.5,6.3855,4.9,4.455,4.192,4.179,65.7525,4208.995,75.51,370.7,356.9,1321.8,3628.6,3399.8
19-06-2026,94.31,100.76,13590.8,6.3855,4.9,4.455,4.192,4.179,65.7525,4155.405,75.51,366.5,357.85,1309.6,3563.4,3397.3
22-06-2026,94.668,100.997,13658,6.3655,4.943,4.509,4.252,4.23,65.025,4191.69,74.07,370.05,354.35,1315.3,3600.9,3364.5
23-06-2026,94.725,101.389,13373.5,6.148,4.947,4.499,4.219,4.2,61.5605,4110.745,73.04,362.35,345.25,1281.8,3496.1,3254.8
24-06-2026,94.655,101.586,13030,5.9485,4.848,4.398,4.147,4.15,57.374,3999.5,69.86,350.9,327.65,1242.05,3417.1,3120.8
25-06-2026,94.385,101.44,13277.6,6.074,4.859,4.39,4.125,4.123,57.807,4026.92,71.46,353.65,332.05,1261.65,3431.6,3170.3
26-06-2026,94.3,101.366,13351.3,6.144,4.867,4.376,4.095,4.096,59.142,4088.385,70.25,358.65,332.9,1266.65,3493.1,3197.5
29-06-2026,94.53,101.111,13300.1,6.1635,4.865,4.376,4.109,4.107,58.2636,4016.955,70.41,358.35,329.35,1259.7,3484.1,3097.5
30-06-2026,94.65,101.172,13375.3,6.254,4.951,4.461,4.177,4.17,58.5105,4007.525,70.02,364.2,329.6,1270.4,3549.6,3098.8
01-07-2026,95.238,101.412,13320.4,6.1795,4.974,4.483,4.19,4.178,59.0705,4031.705,68.08,361.55,329.2,1272.25,3493.8,3099.5
02-07-2026,95.382,100.848,13308.6,6.169,4.985,4.485,4.163,4.137,60.9715,4123.605,68.45,359.75,328.2,1275,3480.5,3085.5
03-07-2026,95.2,100.878,13382,6.169,4.985,4.485,4.163,4.137,60.9715,4175.695,68.45,366.65,330.25,1284.8,3547.8,3091.5
06-07-2026,95.38,100.855,13392.6,6.232,4.986,4.471,4.134,4.112,62.1025,4165.115,68.61,370.8,332.45,1287.4,3577.6,3108
07-07-2026,94.957,101.121,13384.9,6.226,5.057,4.551,4.213,4.187,59.872,4106.12,72.19,368.1,333.25,1276.05,3570.6,3138.5
08-07-2026,95.545,101.066,13224.9,6.1075,5.075,4.581,4.259,4.216,58.243,4077.12,74.77,368.8,337.45,1268.1,3531.1,3136
09-07-2026,95.378,100.936,13495.9,6.2655,5.061,4.549,4.213,4.174,59.954,4123.79,71.8,375.9,343.95,1292.8,3620.1,3209.5
10-07-2026,95.37,100.965,13486.9,6.282,5.059,4.561,4.247,4.212,59.834,4120.67,71.5,376.35,338.45,1293.6,3610.9,3144.5
13-07-2026,95.62,101.276,13483.6,6.281,5.107,4.624,4.317,4.281,57.6145,4001.185,77.99,374.15,339.8,1296.3,3562.4,3157.5
14-07-2026,96.19,100.94,13626.1,6.378,5.102,4.587,4.243,4.191,58.7035,4052.775,79.82,376.8,343.65,1311.9,3590.6,3175.5
15-07-2026,96.245,100.495,13550.1,6.341,5.084,4.549,4.184,4.137,57.835,4060.695,80.25,374.15,341.5,1311.75,3546.6,3146.8
16-07-2026,96.335,100.707,13570.1,6.342,5.086,4.557,4.192,4.145,55.508,3976.58,79.57,377.3,344.3,1308.5,3584.9,3184.3
17-07-2026,96.27,100.754,13516.4,6.265,5.072,4.549,4.218,4.183,55.911,4017.315,81.78,373.15,342.95,1302.35,3526.6,3164
20-07-2026,96.435,100.996,13624.9,6.341,5.116,4.594,4.251,4.211,56.471,4007.585,82.41,373.55,341.05,1314.15,3517.9,3139.8
21-07-2026,96.225,101.193,13913.1,6.5525,5.131,4.626,4.301,4.261,58.7665,4077.325,84.55,376.6,343.05,1340.3,3550.1,3166
22-07-2026,96.555,101.14,13810.1,6.4935,5.149,4.659,4.341,4.304,59.725,4129.76,86.47,382.75,346.5,1336.7,3590.1,3188
23-07-2026,96.563,101.436,13600.9,6.3435,5.165,4.699,4.392,4.351,57.607,4049.78,92.35,382.5,346.45,1319.25,3583.1,3193
24-07-2026,96.552,101.465,13627.1,6.3575,5.161,4.681,4.37,4.337,58.181,4052.845,90.46,383.9,343.2,1320.75,3592.6,3163.5
27-07-2026,95.9,101.513,13735.4,6.379,5.134,4.647,4.353,4.32,58.3682,4076.425,81.9,379.7,341.9,1336.6,3614.4,3169.8
28-07-2026,95.842,101.393,13677.6,6.3595,5.092,4.606,4.309,4.281,57.109,4028.67,79.12,376.75,334.75,1324.35,3578.6,3147.3
29-07-2026,95.64,100.803,13600.1,6.3115,5.212,4.687,4.328,4.266,57.5975,4066.34,84.59,376.5,338.25,1322.8,3572.4,3174
30-07-2026,95.67,99.966,13811.9,6.4745,5.213,4.673,4.299,4.25,58.9965,4103.27,83.95,380.8,340.35,1338.5,3614.1,3195.5
31-07-2026,95.38,99.802,13774.4,6.4655,5.267,4.718,4.325,4.262,57.58,4045.165,86.79,383.8,341.35,1341.45,3637.1,3188.8
03-08-2026,95.327,99.991,13872.4,6.5405,5.226,4.676,4.295,4.241,58.157,4055.33,80.05,386,344.55,1347.25,3634.9,3227.3
04-08-2026,95.368,99.879,14026.1,6.6435,5.172,4.615,4.241,4.194,59.4803,4077.055,75.13,387.45,344.8,1365,3663.4,3220
05-08-2026,95.107,99.689,14137.4,6.7275,5.167,4.615,4.238,4.185,62.035,4247.275,75.07,392.15,346.2,1373.8,3726.1,3244.5
06-08-2026,95.115,99.964,14122.9,6.709,5.22,4.676,4.307,4.247,61.508,4240.75,78.22,394.85,349.2,1376,3771.6,3269.5
07-08-2026,95.198,99.604,14037.6,6.591,5.202,4.649,4.263,4.199,63.472,4341.935,77.07,389.1,350.55,1365.5,3701.6,3273.5
10-08-2026,95.29,99.807,14138.9,6.616,5.25,4.705,4.311,4.243,65.6816,4390.235,82.29,393.75,355.85,1376.95,3733.4,3329.3
11-08-2026,95.425,99.812,14153.4,6.634,5.247,4.694,4.292,4.222,64.661,4368.245,83.24,393.35,356.5,1379.15,3731.1,3364.3
12-08-2026,95.32,99.984,14111.6,6.6155,5.253,4.688,4.274,4.201,65.302,4408.525,82.57,395.55,352.9,1375.2,3741.9,3303
13-08-2026,95.43,99.948,14127.4,6.608,5.219,4.649,4.219,4.149,64.472,4351.27,81.22,395.2,346.8,1375.85,3744.4,3248
14-08-2026,95.415,99.636,14180.1,6.613,5.261,4.692,4.247,4.171,64.708,4376.82,82.39,399.6,348.55,1378.3,3760.4,3251
17-08-2026,95.592,99.58,14155.9,6.616,5.311,4.726,4.255,4.182,65.7845,4416.68,84.96,400.85,350.95,1383.25,3759,3259.5
18-08-2026,95.67,99.646,13987.4,6.4925,5.286,4.708,4.251,4.177,63.312,4334.575,84.43,397.55,347.05,1368.55,3697,3217
19-08-2026,95.743,98.767,14043.9,6.496,5.189,4.641,4.236,4.162,66.9047,4523.05,84.41,399.2,348.65,1372.1,3708.3,3227.5
20-08-2026,95.695,98.839,14034.4,6.469,5.25,4.708,4.274,4.19,68.059,4518.955,86.22,402.15,345.7,1371.7,3749.5,3183.8
21-08-2026,95.685,98.839,14200.4,6.587,5.276,4.736,4.313,4.24,68.95,4602.99,86.63,407.65,347.9,1385.35,3821.3,3248.3
24-08-2026,95.735,98.983,14244.4,6.605,5.227,4.7,4.305,4.238,68.936,4651.24,84.99,412.15,346.45,1384.15,3823,3214.5
25-08-2026,95.402,98.902,14363.1,6.714,5.157,4.623,4.235,4.176,68.7177,4659.055,81.1,411.3,346.65,1397.6,3889.3,3242
26-08-2026,95.402,99.133,14242.1,6.5995,5.172,4.649,4.269,4.209,68.109,4594.725,81.9,413.8,344.35,1391,3879.8,3222.3
27-08-2026,95.53,99.129,14300.6,6.5895,5.195,4.676,4.3,4.234,69.2464,4602.145,83.53,415.2,344.4,1394.35,3883,3235.3
28-08-2026,95.36,99.677,14267.1,6.659,5.213,4.73,4.412,4.36,66.332,4454.99,83.45,414.25,345.6,1391.35,3879.3,3242.3
31-08-2026,95.152,99.413,14267.1,6.6875,5.247,4.754,4.407,4.346,66.5,4449.24,86.3,417.4,347.1,1389.7,3879.3,3242.3
01-09-2026,94.94,99.653,14249.6,6.6005,5.267,4.796,4.463,4.4,64.059,4328.405,90.69,416.45,346.75,1372.4,3917.9,3278.5
02-09-2026,94.96,99.576,14205.4,6.593,5.26,4.78,4.436,4.371,65.35,4388.22,90.64,413.75,347.6,1370.95,3863.3,3285.8
03-09-2026,94.475,99.001,14348.4,6.6645,5.252,4.772,4.415,4.34,66.94,4472.965,91.66,414.85,350.35,1382.3,3904.5,3314.8
04-09-2026,94.48,99.159,14404.9,6.6825,5.244,4.784,4.45,4.374,66.194,4429.825,91.23,418.3,347.6,1378.55,3941,3294
07-09-2026,94.475,98.903,14488.9,6.6825,5.244,4.784,4.45,4.374,66.194,4406.065,91.23,419.85,349.45,1386.7,3980.8,3310.3
08-09-2026,94.81,98.836,14709.1,6.8235,5.249,4.792,4.472,4.4,65.731,4355.705,94.26,424.65,352.75,1412.6,4015.3,3338.5
09-09-2026,95.13,98.782,14842.9,6.8885,5.293,4.845,4.53,4.436,67.264,4402.115,96.68,429.05,355.75,1424.5,4057.3,3362.5
10-09-2026,95.44,99.092,14224.4,6.5475,5.366,4.961,4.681,4.586,63.6255,4317.025,103.94,415.15,349.3,1372.65,3879.8,3289.5
11-09-2026,95.54,99.094,14233.9,6.548,5.356,4.969,4.721,4.63,64.458,4349.42,99.98,418.75,348.15,1378.35,3870,3256
14-09-2026,95.54,99.466,14029.1,6.4045,5.354,4.998,4.768,4.668,63.217,4299.52,101.88,413.95,348.05,1360.45,3805.8,3253.3
15-09-2026,95.849,99.611,14087.6,6.4435,5.369,5.006,4.772,4.671,63.661,4293.885,105.49,417.2,348.9,1365.55,3821.8,3253.5
16-09-2026,95.94,100.34,14217.6,6.509,5.361,5.02,4.823,4.736,62.965,4263.855,102.03,420.1,350.85,1374.35,3810.8,3275.5
17-09-2026,95.92,100.238,14487.4,6.6615,5.29,4.939,4.746,4.67,65.18,4341.84,101.1,427.65,352.15,1395.05,3886.5,3297.5
18-09-2026,95.863,100.215,14545.4,6.6915,5.327,5,4.84,4.756,66.221,4378.385,95.46,433.05,353.15,1403.05,3931.3,3295.8
21-09-2026,95.805,100.426,14662.9,6.7625,5.28,4.951,4.813,4.751,65.982,4343.545,91.98,435.8,349,1412.45,3925,3266.3
22-09-2026,95.58,100.541,14743.9,6.836,5.295,4.955,4.81,4.747,67.0224,4358.54,89.84,434.1,348.25,1415.15,3910.3,3257.3
23-09-2026,95.73,101.114,14593.1,6.7535,5.397,5.11,4.969,4.897,64.44,4287.41,92.7,434.3,347.3,1406.75,3890.3,3248.3
24-09-2026,95.885,101.087,14577,6.757,5.415,5.121,4.969,4.893,64.1615,4283.615,92.47,416.9,345.65,1413.1,3897.3,3241.5
46289,95.885,101.087,14577,6.757,5.415,5.121,4.969,4.893,64.1615,4283.615,92.47,416.9,345.65,1413.1,3897.3,3241.5
46289,95.885,101.087,14577,6.757,5.415,5.121,4.969,4.893,64.1615,4283.615,92.47,416.9,345.65,1413.1,3897.3,3241.5
46289,95.885,101.087,14577,6.757,5.415,5.121,4.969,4.893,64.1615,4283.615,92.47,416.9,345.65,1413.1,3897.3,3241.5
46289,95.885,101.087,14577,6.757,5.415,5.121,4.969,4.893,64.1615,4283.615,92.47,416.9,345.65,1413.1,3897.3,3241.5
46289,95.885,101.087,14577,6.757,5.415,5.121,4.969,4.893,64.1615,4283.615,92.47,416.9,345.65,1413.1,3897.3,3241.5
46289,95.885,101.087,14577,6.757,5.415,5.121,4.969,4.893,64.1615,4283.615,92.47,416.9,345.65,1413.1,3897.3,3241.5
46289,95.885,101.087,14577,6.757,5.415,5.121,4.969,4.893,64.1615,4283.615,92.47,416.9,345.65,1413.1,3897.3,3241.5
46289,95.885,101.087,14577,6.757,5.415,5.121,4.969,4.893,64.1615,4283.615,92.47,416.9,345.65,1413.1,3897.3,3241.5
46289,95.885,101.087,14577,6.757,5.415,5.121,4.969,4.893,64.1615,4283.615,92.47,416.9,345.65,1413.1,3897.3,3241.5
46289,95.885,101.087,14577,6.757,5.415,5.121,4.969,4.893,64.1615,4283.615,92.47,416.9,345.65,1413.1,3897.3,3241.5
46289,95.885,101.087,14577,6.757,5.415,5.121,4.969,4.893,64.1615,4283.615,92.47,416.9,345.65,1413.1,3897.3,3241.5
46289,95.885,101.087,14577,6.757,5.415,5.121,4.969,4.893,64.1615,4283.615,92.47,416.9,345.65,1413.1,3897.3,3241.5
46289,95.885,101.087,14577,6.757,5.415,5.121,4.969,4.893,64.1615,4283.615,92.47,416.9,345.65,1413.1,3897.3,3241.5
46289,95.885,101.087,14577,6.757,5.415,5.121,4.969,4.893,64.1615,4283.615,92.47,416.9,345.65,1413.1,3897.3,3241.5
46289,95.885,101.087,14577,6.757,5.415,5.121,4.969,4.893,64.1615,4283.615,92.47,416.9,345.65,1413.1,3897.3,3241.5
46289,95.885,101.087,14577,6.757,5.415,5.121,4.969,4.893,64.1615,4283.615,92.47,416.9,345.65,1413.1,3897.3,3241.5
46289,95.885,101.087,14577,6.757,5.415,5.121,4.969,4.893,64.1615,4283.615,92.47,416.9,345.65,1413.1,3897.3,3241.5
46289,95.885,101.087,14577,6.757,5.415,5.121,4.969,4.893,64.1615,4283.615,92.47,416.9,345.65,1413.1,3897.3,3241.5
46289,95.885,101.087,14577,6.757,5.415,5.121,4.969,4.893,64.1615,4283.615,92.47,416.9,345.65,1413.1,3897.3,3241.5
46289,95.885,101.087,14577,6.757,5.415,5.121,4.969,4.893,64.1615,4283.615,92.47,416.9,345.65,1413.1,3897.3,3241.5
46289,95.885,101.087,14577,6.757,5.415,5.121,4.969,4.893,64.1615,4283.615,92.47,416.9,345.65,1413.1,3897.3,3241.5
46289,95.885,101.087,14577,6.757,5.415,5.121,4.969,4.893,64.1615,4283.615,92.47,416.9,345.65,1413.1,3897.3,3241.5
46289,95.885,101.087,14577,6.757,5.415,5.121,4.969,4.893,64.1615,4283.615,92.47,416.9,345.65,1413.1,3897.3,3241.5
46289,95.885,101.087,14577,6.757,5.415,5.121,4.969,4.893,64.1615,4283.615,92.47,416.9,345.65,1413.1,3897.3,3241.5
46289,95.885,101.087,14577,6.757,5.415,5.121,4.969,4.893,64.1615,4283.615,92.47,416.9,345.65,1413.1,3897.3,3241.5
46289,95.885,101.087,14577,6.757,5.415,5.121,4.969,4.893,64.1615,4283.615,92.47,416.9,345.65,1413.1,3897.3,3241.5
46289,95.885,101.087,14577,6.757,5.415,5.121,4.969,4.893,64.1615,4283.615,92.47,416.9,345.65,1413.1,3897.3,3241.5
46289,95.885,101.087,14577,6.757,5.415,5.121,4.969,4.893,64.1615,4283.615,92.47,416.9,345.65,1413.1,3897.3,3241.5
46289,95.885,101.087,14577,6.757,5.415,5.121,4.969,4.893,64.1615,4283.615,92.47,416.9,345.65,1413.1,3897.3,3241.5
46289,95.885,101.087,14577,6.757,5.415,5.121,4.969,4.893,64.1615,4283.615,92.47,416.9,345.65,1413.1,3897.3,3241.5
46289,95.885,101.087,14577,6.757,5.415,5.121,4.969,4.893,64.1615,4283.615,92.47,416.9,345.65,1413.1,3897.3,3241.5
46289,95.885,101.087,14577,6.757,5.415,5.121,4.969,4.893,64.1615,4283.615,92.47,416.9,345.65,1413.1,3897.3,3241.5
46289,95.885,101.087,14577,6.757,5.415,5.121,4.969,4.893,64.1615,4283.615,92.47,416.9,345.65,1413.1,3897.3,3241.5
46289,95.885,101.087,14577,6.757,5.415,5.121,4.969,4.893,64.1615,4283.615,92.47,416.9,345.65,1413.1,3897.3,3241.5
46289,95.885,101.087,14577,6.757,5.415,5.121,4.969,4.893,64.1615,4283.615,92.47,416.9,345.65,1413.1,3897.3,3241.5
46289,95.885,101.087,14577,6.757,5.415,5.121,4.969,4.893,64.1615,4283.615,92.47,416.9,345.65,1413.1,3897.3,3241.5
46289,95.885,101.087,14577,6.757,5.415,5.121,4.969,4.893,64.1615,4283.615,92.47,416.9,345.65,1413.1,3897.3,3241.5
46289,95.885,101.087,14577,6.757,5.415,5.121,4.969,4.893,64.1615,4283.615,92.47,416.9,345.65,1413.1,3897.3,3241.5
46289,95.885,101.087,14577,6.757,5.415,5.121,4.969,4.893,64.1615,4283.615,92.47,416.9,345.65,1413.1,3897.3,3241.5
46289,95.885,101.087,14577,6.757,5.415,5.121,4.969,4.893,64.1615,4283.615,92.47,416.9,345.65,1413.1,3897.3,3241.5
46289,95.885,101.087,14577,6.757,5.415,5.121,4.969,4.893,64.1615,4283.615,92.47,416.9,345.65,1413.1,3897.3,3241.5
46289,95.885,101.087,14577,6.757,5.415,5.121,4.969,4.893,64.1615,4283.615,92.47,416.9,345.65,1413.1,3897.3,3241.5
46289,95.885,101.087,14577,6.757,5.415,5.121,4.969,4.893,64.1615,4283.615,92.47,416.9,345.65,1413.1,3897.3,3241.5
46289,95.885,101.087,14577,6.757,5.415,5.121,4.969,4.893,64.1615,4283.615,92.47,416.9,345.65,1413.1,3897.3,3241.5
46289,95.885,101.087,14577,6.757,5.415,5.121,4.969,4.893,64.1615,4283.615,92.47,416.9,345.65,1413.1,3897.3,3241.5
46289,95.885,101.087,14577,6.757,5.415,5.121,4.969,4.893,64.1615,4283.615,92.47,416.9,345.65,1413.1,3897.3,3241.5
46289,95.885,101.087,14577,6.757,5.415,5.121,4.969,4.893,64.1615,4283.615,92.47,416.9,345.65,1413.1,3897.3,3241.5
46289,95.885,101.087,14577,6.757,5.415,5.121,4.969,4.893,64.1615,4283.615,92.47,416.9,345.65,1413.1,3897.3,3241.5
46289,95.885,101.087,14577,6.757,5.415,5.121,4.969,4.893,64.1615,4283.615,92.47,416.9,345.65,1413.1,3897.3,3241.5
46289,95.885,101.087,14577,6.757,5.415,5.121,4.969,4.893,64.1615,4283.615,92.47,416.9,345.65,1413.1,3897.3,3241.5
46289,95.885,101.087,14577,6.757,5.415,5.121,4.969,4.893,64.1615,4283.615,92.47,416.9,345.65,1413.1,3897.3,3241.5
46289,95.885,101.087,14577,6.757,5.415,5.121,4.969,4.893,64.1615,4283.615,92.47,416.9,345.65,1413.1,3897.3,3241.5
46289,95.885,101.087,14577,6.757,5.415,5.121,4.969,4.893,64.1615,4283.615,92.47,416.9,345.65,1413.1,3897.3,3241.5
46289,95.885,101.087,14577,6.757,5.415,5.121,4.969,4.893,64.1615,4283.615,92.47,416.9,345.65,1413.1,3897.3,3241.5
46289,95.885,101.087,14577,6.757,5.415,5.121,4.969,4.893,64.1615,4283.615,92.47,416.9,345.65,1413.1,3897.3,3241.5
46289,95.885,101.087,14577,6.757,5.415,5.121,4.969,4.893,64.1615,4283.615,92.47,416.9,345.65,1413.1,3897.3,3241.5
46289,95.885,101.087,14577,6.757,5.415,5.121,4.969,4.893,64.1615,4283.615,92.47,416.9,345.65,1413.1,3897.3,3241.5
46289,95.885,101.087,14577,6.757,5.415,5.121,4.969,4.893,64.1615,4283.615,92.47,416.9,345.65,1413.1,3897.3,3241.5
46289,95.885,101.087,14577,6.757,5.415,5.121,4.969,4.893,64.1615,4283.615,92.47,416.9,345.65,1413.1,3897.3,3241.5
46289,95.885,101.087,14577,6.757,5.415,5.121,4.969,4.893,64.1615,4283.615,92.47,416.9,345.65,1413.1,3897.3,3241.5
46289,95.885,101.087,14577,6.757,5.415,5.121,4.969,4.893,64.1615,4283.615,92.47,416.9,345.65,1413.1,3897.3,3241.5
46289,95.885,101.087,14577,6.757,5.415,5.121,4.969,4.893,64.1615,4283.615,92.47,416.9,345.65,1413.1,3897.3,3241.5
46289,95.885,101.087,14577,6.757,5.415,5.121,4.969,4.893,64.1615,4283.615,92.47,416.9,345.65,1413.1,3897.3,3241.5
46289,95.885,101.087,14577,6.757,5.415,5.121,4.969,4.893,64.1615,4283.615,92.47,416.9,345.65,1413.1,3897.3,3241.5
46289,95.885,101.087,14577,6.757,5.415,5.121,4.969,4.893,64.1615,4283.615,92.47,416.9,345.65,1413.1,3897.3,3241.5
46289,95.885,101.087,14577,6.757,5.415,5.121,4.969,4.893,64.1615,4283.615,92.47,416.9,345.65,1413.1,3897.3,3241.5
46289,95.885,101.087,14577,6.757,5.415,5.121,4.969,4.893,64.1615,4283.615,92.47,416.9,345.65,1413.1,3897.3,3241.5
46289,95.885,101.087,14577,6.757,5.415,5.121,4.969,4.893,64.1615,4283.615,92.47,416.9,345.65,1413.1,3897.3,3241.5
46289,95.885,101.087,14577,6.757,5.415,5.121,4.969,4.893,64.1615,4283.615,92.47,416.9,345.65,1413.1,3897.3,3241.5
46289,95.885,101.087,14577,6.757,5.415,5.121,4.969,4.893,64.1615,4283.615,92.47,416.9,345.65,1413.1,3897.3,3241.5
46289,95.885,101.087,14577,6.757,5.415,5.121,4.969,4.893,64.1615,4283.615,92.47,416.9,345.65,1413.1,3897.3,3241.5
46289,95.885,101.087,14577,6.757,5.415,5.121,4.969,4.893,64.1615,4283.615,92.47,416.9,345.65,1413.1,3897.3,3241.5
46289,95.885,101.087,14577,6.757,5.415,5.121,4.969,4.893,64.1615,4283.615,92.47,416.9,345.65,1413.1,3897.3,3241.5
46289,95.885,101.087,14577,6.757,5.415,5.121,4.969,4.893,64.1615,4283.615,92.47,416.9,345.65,1413.1,3897.3,3241.5
46289,95.885,101.087,14577,6.757,5.415,5.121,4.969,4.893,64.1615,4283.615,92.47,416.9,345.65,1413.1,3897.3,3241.5
46289,95.885,101.087,14577,6.757,5.415,5.121,4.969,4.893,64.1615,4283.615,92.47,416.9,345.65,1413.1,3897.3,3241.5
46289,95.885,101.087,14577,6.757,5.415,5.121,4.969,4.893,64.1615,4283.615,92.47,416.9,345.65,1413.1,3897.3,3241.5
46289,95.885,101.087,14577,6.757,5.415,5.121,4.969,4.893,64.1615,4283.615,92.47,416.9,345.65,1413.1,3897.3,3241.5
46289,95.885,101.087,14577,6.757,5.415,5.121,4.969,4.893,64.1615,4283.615,92.47,416.9,345.65,1413.1,3897.3,3241.5
46289,95.885,101.087,14577,6.757,5.415,5.121,4.969,4.893,64.1615,4283.615,92.47,416.9,345.65,1413.1,3897.3,3241.5
46289,95.885,101.087,14577,6.757,5.415,5.121,4.969,4.893,64.1615,4283.615,92.47,416.9,345.65,1413.1,3897.3,3241.5
46289,95.885,101.087,14577,6.757,5.415,5.121,4.969,4.893,64.1615,4283.615,92.47,416.9,345.65,1413.1,3897.3,3241.5
46289,95.885,101.087,14577,6.757,5.415,5.121,4.969,4.893,64.1615,4283.615,92.47,416.9,345.65,1413.1,3897.3,3241.5
46289,95.885,101.087,14577,6.757,5.415,5.121,4.969,4.893,64.1615,4283.615,92.47,416.9,345.65,1413.1,3897.3,3241.5
46289,95.885,101.087,14577,6.757,5.415,5.121,4.969,4.893,64.1615,4283.615,92.47,416.9,345.65,1413.1,3897.3,3241.5
46289,95.885,101.087,14577,6.757,5.415,5.121,4.969,4.893,64.1615,4283.615,92.47,416.9,345.65,1413.1,3897.3,3241.5
46289,95.885,101.087,14577,6.757,5.415,5.121,4.969,4.893,64.1615,4283.615,92.47,416.9,345.65,1413.1,3897.3,3241.5
46289,95.885,101.087,14577,6.757,5.415,5.121,4.969,4.893,64.1615,4283.615,92.47,416.9,345.65,1413.1,3897.3,3241.5
46289,95.885,101.087,14577,6.757,5.415,5.121,4.969,4.893,64.1615,4283.615,92.47,416.9,345.65,1413.1,3897.3,3241.5
46289,95.885,101.087,14577,6.757,5.415,5.121,4.969,4.893,64.1615,4283.615,92.47,416.9,345.65,1413.1,3897.3,3241.5
46289,95.885,101.087,14577,6.757,5.415,5.121,4.969,4.893,64.1615,4283.615,92.47,416.9,345.65,1413.1,3897.3,3241.5
46289,95.885,101.087,14577,6.757,5.415,5.121,4.969,4.893,64.1615,4283.615,92.47,416.9,345.65,1413.1,3897.3,3241.5
46289,95.885,101.087,14577,6.757,5.415,5.121,4.969,4.893,64.1615,4283.615,92.47,416.9,345.65,1413.1,3897.3,3241.5
46289,95.885,101.087,14577,6.757,5.415,5.121,4.969,4.893,64.1615,4283.615,92.47,416.9,345.65,1413.1,3897.3,3241.5
46289,95.885,101.087,14577,6.757,5.415,5.121,4.969,4.893,64.1615,4283.615,92.47,416.9,345.65,1413.1,3897.3,3241.5
46289,95.885,101.087,14577,6.757,5.415,5.121,4.969,4.893,64.1615,4283.615,92.47,416.9,345.65,1413.1,3897.3,3241.5
46289,95.885,101.087,14577,6.757,5.415,5.121,4.969,4.893,64.1615,4283.615,92.47,416.9,345.65,1413.1,3897.3,3241.5
46289,95.885,101.087,14577,6.757,5.415,5.121,4.969,4.893,64.1615,4283.615,92.47,416.9,345.65,1413.1,3897.3,3241.5
46289,95.885,101.087,14577,6.757,5.415,5.121,4.969,4.893,64.1615,4283.615,92.47,416.9,345.65,1413.1,3897.3,3241.5
46289,95.885,101.087,14577,6.757,5.415,5.121,4.969,4.893,64.1615,4283.615,92.47,416.9,345.65,1413.1,3897.3,3241.5
46289,95.885,101.087,14577,6.757,5.415,5.121,4.969,4.893,64.1615,4283.615,92.47,416.9,345.65,1413.1,3897.3,3241.5
46289,95.885,101.087,14577,6.757,5.415,5.121,4.969,4.893,64.1615,4283.615,92.47,416.9,345.65,1413.1,3897.3,3241.5
46289,95.885,101.087,14577,6.757,5.415,5.121,4.969,4.893,64.1615,4283.615,92.47,416.9,345.65,1413.1,3897.3,3241.5
46289,95.885,101.087,14577,6.757,5.415,5.121,4.969,4.893,64.1615,4283.615,92.47,416.9,345.65,1413.1,3897.3,3241.5
46289,95.885,101.087,14577,6.757,5.415,5.121,4.969,4.893,64.1615,4283.615,92.47,416.9,345.65,1413.1,3897.3,3241.5
46289,95.885,101.087,14577,6.757,5.415,5.121,4.969,4.893,64.1615,4283.615,92.47,416.9,345.65,1413.1,3897.3,3241.5
46289,95.885,101.087,14577,6.757,5.415,5.121,4.969,4.893,64.1615,4283.615,92.47,416.9,345.65,1413.1,3897.3,3241.5
46289,95.885,101.087,14577,6.757,5.415,5.121,4.969,4.893,64.1615,4283.615,92.47,416.9,345.65,1413.1,3897.3,3241.5
46289,95.885,101.087,14577,6.757,5.415,5.121,4.969,4.893,64.1615,4283.615,92.47,416.9,345.65,1413.1,3897.3,3241.5
46289,95.885,101.087,14577,6.757,5.415,5.121,4.969,4.893,64.1615,4283.615,92.47,416.9,345.65,1413.1,3897.3,3241.5
46289,95.885,101.087,14577,6.757,5.415,5.121,4.969,4.893,64.1615,4283.615,92.47,416.9,345.65,1413.1,3897.3,3241.5
46289,95.885,101.087,14577,6.757,5.415,5.121,4.969,4.893,64.1615,4283.615,92.47,416.9,345.65,1413.1,3897.3,3241.5
46289,95.885,101.087,14577,6.757,5.415,5.121,4.969,4.893,64.1615,4283.615,92.47,416.9,345.65,1413.1,3897.3,3241.5
46289,95.885,101.087,14577,6.757,5.415,5.121,4.969,4.893,64.1615,4283.615,92.47,416.9,345.65,1413.1,3897.3,3241.5
46289,95.885,101.087,14577,6.757,5.415,5.121,4.969,4.893,64.1615,4283.615,92.47,416.9,345.65,1413.1,3897.3,3241.5
46289,95.885,101.087,14577,6.757,5.415,5.121,4.969,4.893,64.1615,4283.615,92.47,416.9,345.65,1413.1,3897.3,3241.5
46289,95.885,101.087,14577,6.757,5.415,5.121,4.969,4.893,64.1615,4283.615,92.47,416.9,345.65,1413.1,3897.3,3241.5
46289,95.885,101.087,14577,6.757,5.415,5.121,4.969,4.893,64.1615,4283.615,92.47,416.9,345.65,1413.1,3897.3,3241.5
46289,95.885,101.087,14577,6.757,5.415,5.121,4.969,4.893,64.1615,4283.615,92.47,416.9,345.65,1413.1,3897.3,3241.5
46289,95.885,101.087,14577,6.757,5.415,5.121,4.969,4.893,64.1615,4283.615,92.47,416.9,345.65,1413.1,3897.3,3241.5
46289,95.885,101.087,14577,6.757,5.415,5.121,4.969,4.893,64.1615,4283.615,92.47,416.9,345.65,1413.1,3897.3,3241.5
46289,95.885,101.087,14577,6.757,5.415,5.121,4.969,4.893,64.1615,4283.615,92.47,416.9,345.65,1413.1,3897.3,3241.5
46289,95.885,101.087,14577,6.757,5.415,5.121,4.969,4.893,64.1615,4283.615,92.47,416.9,345.65,1413.1,3897.3,3241.5
46289,95.885,101.087,14577,6.757,5.415,5.121,4.969,4.893,64.1615,4283.615,92.47,416.9,345.65,1413.1,3897.3,3241.5
46289,95.885,101.087,14577,6.757,5.415,5.121,4.969,4.893,64.1615,4283.615,92.47,416.9,345.65,1413.1,3897.3,3241.5
46289,95.885,101.087,14577,6.757,5.415,5.121,4.969,4.893,64.1615,4283.615,92.47,416.9,345.65,1413.1,3897.3,3241.5
46289,95.885,101.087,14577,6.757,5.415,5.121,4.969,4.893,64.1615,4283.615,92.47,416.9,345.65,1413.1,3897.3,3241.5
46289,95.885,101.087,14577,6.757,5.415,5.121,4.969,4.893,64.1615,4283.615,92.47,416.9,345.65,1413.1,3897.3,3241.5
46289,95.885,101.087,14577,6.757,5.415,5.121,4.969,4.893,64.1615,4283.615,92.47,416.9,345.65,1413.1,3897.3,3241.5
46289,95.885,101.087,14577,6.757,5.415,5.121,4.969,4.893,64.1615,4283.615,92.47,416.9,345.65,1413.1,3897.3,3241.5
46289,95.885,101.087,14577,6.757,5.415,5.121,4.969,4.893,64.1615,4283.615,92.47,416.9,345.65,1413.1,3897.3,3241.5
46289,95.885,101.087,14577,6.757,5.415,5.121,4.969,4.893,64.1615,4283.615,92.47,416.9,345.65,1413.1,3897.3,3241.5
46289,95.885,101.087,14577,6.757,5.415,5.121,4.969,4.893,64.1615,4283.615,92.47,416.9,345.65,1413.1,3897.3,3241.5
46289,95.885,101.087,14577,6.757,5.415,5.121,4.969,4.893,64.1615,4283.615,92.47,416.9,345.65,1413.1,3897.3,3241.5
46289,95.885,101.087,14577,6.757,5.415,5.121,4.969,4.893,64.1615,4283.615,92.47,416.9,345.65,1413.1,3897.3,3241.5
46289,95.885,101.087,14577,6.757,5.415,5.121,4.969,4.893,64.1615,4283.615,92.47,416.9,345.65,1413.1,3897.3,3241.5
46289,95.885,101.087,14577,6.757,5.415,5.121,4.969,4.893,64.1615,4283.615,92.47,416.9,345.65,1413.1,3897.3,3241.5
46289,95.885,101.087,14577,6.757,5.415,5.121,4.969,4.893,64.1615,4283.615,92.47,416.9,345.65,1413.1,3897.3,3241.5
46289,95.885,101.087,14577,6.757,5.415,5.121,4.969,4.893,64.1615,4283.615,92.47,416.9,345.65,1413.1,3897.3,3241.5
46289,95.885,101.087,14577,6.757,5.415,5.121,4.969,4.893,64.1615,4283.615,92.47,416.9,345.65,1413.1,3897.3,3241.5
46289,95.885,101.087,14577,6.757,5.415,5.121,4.969,4.893,64.1615,4283.615,92.47,416.9,345.65,1413.1,3897.3,3241.5
46289,95.885,101.087,14577,6.757,5.415,5.121,4.969,4.893,64.1615,4283.615,92.47,416.9,345.65,1413.1,3897.3,3241.5
46289,95.885,101.087,14577,6.757,5.415,5.121,4.969,4.893,64.1615,4283.615,92.47,416.9,345.65,1413.1,3897.3,3241.5
46289,95.885,101.087,14577,6.757,5.415,5.121,4.969,4.893,64.1615,4283.615,92.47,416.9,345.65,1413.1,3897.3,3241.5
46289,95.885,101.087,14577,6.757,5.415,5.121,4.969,4.893,64.1615,4283.615,92.47,416.9,345.65,1413.1,3897.3,3241.5
46289,95.885,101.087,14577,6.757,5.415,5.121,4.969,4.893,64.1615,4283.615,92.47,416.9,345.65,1413.1,3897.3,3241.5
46289,95.885,101.087,14577,6.757,5.415,5.121,4.969,4.893,64.1615,4283.615,92.47,416.9,345.65,1413.1,3897.3,3241.5
46289,95.885,101.087,14577,6.757,5.415,5.121,4.969,4.893,64.1615,4283.615,92.47,416.9,345.65,1413.1,3897.3,3241.5
46289,95.885,101.087,14577,6.757,5.415,5.121,4.969,4.893,64.1615,4283.615,92.47,416.9,345.65,1413.1,3897.3,3241.5
46289,95.885,101.087,14577,6.757,5.415,5.121,4.969,4.893,64.1615,4283.615,92.47,416.9,345.65,1413.1,3897.3,3241.5
46289,95.885,101.087,14577,6.757,5.415,5.121,4.969,4.893,64.1615,4283.615,92.47,416.9,345.65,1413.1,3897.3,3241.5
46289,95.885,101.087,14577,6.757,5.415,5.121,4.969,4.893,64.1615,4283.615,92.47,416.9,345.65,1413.1,3897.3,3241.5
46289,95.885,101.087,14577,6.757,5.415,5.121,4.969,4.893,64.1615,4283.615,92.47,416.9,345.65,1413.1,3897.3,3241.5
46289,95.885,101.087,14577,6.757,5.415,5.121,4.969,4.893,64.1615,4283.615,92.47,416.9,345.65,1413.1,3897.3,3241.5
46289,95.885,101.087,14577,6.757,5.415,5.121,4.969,4.893,64.1615,4283.615,92.47,416.9,345.65,1413.1,3897.3,3241.5
46289,95.885,101.087,14577,6.757,5.415,5.121,4.969,4.893,64.1615,4283.615,92.47,416.9,345.65,1413.1,3897.3,3241.5
46289,95.885,101.087,14577,6.757,5.415,5.121,4.969,4.893,64.1615,4283.615,92.47,416.9,345.65,1413.1,3897.3,3241.5
46289,95.885,101.087,14577,6.757,5.415,5.121,4.969,4.893,64.1615,4283.615,92.47,416.9,345.65,1413.1,3897.3,3241.5
46289,95.885,101.087,14577,6.757,5.415,5.121,4.969,4.893,64.1615,4283.615,92.47,416.9,345.65,1413.1,3897.3,3241.5
46289,95.885,101.087,14577,6.757,5.415,5.121,4.969,4.893,64.1615,4283.615,92.47,416.9,345.65,1413.1,3897.3,3241.5
46289,95.885,101.087,14577,6.757,5.415,5.121,4.969,4.893,64.1615,4283.615,92.47,416.9,345.65,1413.1,3897.3,3241.5
46289,95.885,101.087,14577,6.757,5.415,5.121,4.969,4.893,64.1615,4283.615,92.47,416.9,345.65,1413.1,3897.3,3241.5
46289,95.885,101.087,14577,6.757,5.415,5.121,4.969,4.893,64.1615,4283.615,92.47,416.9,345.65,1413.1,3897.3,3241.5
46289,95.885,101.087,14577,6.757,5.415,5.121,4.969,4.893,64.1615,4283.615,92.47,416.9,345.65,1413.1,3897.3,3241.5
46289,95.885,101.087,14577,6.757,5.415,5.121,4.969,4.893,64.1615,4283.615,92.47,416.9,345.65,1413.1,3897.3,3241.5
46289,95.885,101.087,14577,6.757,5.415,5.121,4.969,4.893,64.1615,4283.615,92.47,416.9,345.65,1413.1,3897.3,3241.5
46289,95.885,101.087,14577,6.757,5.415,5.121,4.969,4.893,64.1615,4283.615,92.47,416.9,345.65,1413.1,3897.3,3241.5
46289,95.885,101.087,14577,6.757,5.415,5.121,4.969,4.893,64.1615,4283.615,92.47,416.9,345.65,1413.1,3897.3,3241.5
46289,95.885,101.087,14577,6.757,5.415,5.121,4.969,4.893,64.1615,4283.615,92.47,416.9,345.65,1413.1,3897.3,3241.5
46289,95.885,101.087,14577,6.757,5.415,5.121,4.969,4.893,64.1615,4283.615,92.47,416.9,345.65,1413.1,3897.3,3241.5
46289,95.885,101.087,14577,6.757,5.415,5.121,4.969,4.893,64.1615,4283.615,92.47,416.9,345.65,1413.1,3897.3,3241.5
46289,95.885,101.087,14577,6.757,5.415,5.121,4.969,4.893,64.1615,4283.615,92.47,416.9,345.65,1413.1,3897.3,3241.5
46289,95.885,101.087,14577,6.757,5.415,5.121,4.969,4.893,64.1615,4283.615,92.47,416.9,345.65,1413.1,3897.3,3241.5
46289,95.885,101.087,14577,6.757,5.415,5.121,4.969,4.893,64.1615,4283.615,92.47,416.9,345.65,1413.1,3897.3,3241.5
46289,95.885,101.087,14577,6.757,5.415,5.121,4.969,4.893,64.1615,4283.615,92.47,416.9,345.65,1413.1,3897.3,3241.5
46289,95.885,101.087,14577,6.757,5.415,5.121,4.969,4.893,64.1615,4283.615,92.47,416.9,345.65,1413.1,3897.3,3241.5
46289,95.885,101.087,14577,6.757,5.415,5.121,4.969,4.893,64.1615,4283.615,92.47,416.9,345.65,1413.1,3897.3,3241.5
46289,95.885,101.087,14577,6.757,5.415,5.121,4.969,4.893,64.1615,4283.615,92.47,416.9,345.65,1413.1,3897.3,3241.5
46289,95.885,101.087,14577,6.757,5.415,5.121,4.969,4.893,64.1615,4283.615,92.47,416.9,345.65,1413.1,3897.3,3241.5
46289,95.885,101.087,14577,6.757,5.415,5.121,4.969,4.893,64.1615,4283.615,92.47,416.9,345.65,1413.1,3897.3,3241.5
46289,95.885,101.087,14577,6.757,5.415,5.121,4.969,4.893,64.1615,4283.615,92.47,416.9,345.65,1413.1,3897.3,3241.5
46289,95.885,101.087,14577,6.757,5.415,5.121,4.969,4.893,64.1615,4283.615,92.47,416.9,345.65,1413.1,3897.3,3241.5
46289,95.885,101.087,14577,6.757,5.415,5.121,4.969,4.893,64.1615,4283.615,92.47,416.9,345.65,1413.1,3897.3,3241.5
46289,95.885,101.087,14577,6.757,5.415,5.121,4.969,4.893,64.1615,4283.615,92.47,416.9,345.65,1413.1,3897.3,3241.5
46289,95.885,101.087,14577,6.757,5.415,5.121,4.969,4.893,64.1615,4283.615,92.47,416.9,345.65,1413.1,3897.3,3241.5
46289,95.885,101.087,14577,6.757,5.415,5.121,4.969,4.893,64.1615,4283.615,92.47,416.9,345.65,1413.1,3897.3,3241.5
46289,95.885,101.087,14577,6.757,5.415,5.121,4.969,4.893,64.1615,4283.615,92.47,416.9,345.65,1413.1,3897.3,3241.5
46289,95.885,101.087,14577,6.757,5.415,5.121,4.969,4.893,64.1615,4283.615,92.47,416.9,345.65,1413.1,3897.3,3241.5
46289,95.885,101.087,14577,6.757,5.415,5.121,4.969,4.893,64.1615,4283.615,92.47,416.9,345.65,1413.1,3897.3,3241.5
46289,95.885,101.087,14577,6.757,5.415,5.121,4.969,4.893,64.1615,4283.615,92.47,416.9,345.65,1413.1,3897.3,3241.5
46289,95.885,101.087,14577,6.757,5.415,5.121,4.969,4.893,64.1615,4283.615,92.47,416.9,345.65,1413.1,3897.3,3241.5
46289,95.885,101.087,14577,6.757,5.415,5.121,4.969,4.893,64.1615,4283.615,92.47,416.9,345.65,1413.1,3897.3,3241.5
46289,95.885,101.087,14577,6.757,5.415,5.121,4.969,4.893,64.1615,4283.615,92.47,416.9,345.65,1413.1,3897.3,3241.5
46289,95.885,101.087,14577,6.757,5.415,5.121,4.969,4.893,64.1615,4283.615,92.47,416.9,345.65,1413.1,3897.3,3241.5
46289,95.885,101.087,14577,6.757,5.415,5.121,4.969,4.893,64.1615,4283.615,92.47,416.9,345.65,1413.1,3897.3,3241.5
46289,95.885,101.087,14577,6.757,5.415,5.121,4.969,4.893,64.1615,4283.615,92.47,416.9,345.65,1413.1,3897.3,3241.5
46289,95.885,101.087,14577,6.757,5.415,5.121,4.969,4.893,64.1615,4283.615,92.47,416.9,345.65,1413.1,3897.3,3241.5
46289,95.885,101.087,14577,6.757,5.415,5.121,4.969,4.893,64.1615,4283.615,92.47,416.9,345.65,1413.1,3897.3,3241.5
46289,95.885,101.087,14577,6.757,5.415,5.121,4.969,4.893,64.1615,4283.615,92.47,416.9,345.65,1413.1,3897.3,3241.5
46289,95.885,101.087,14577,6.757,5.415,5.121,4.969,4.893,64.1615,4283.615,92.47,416.9,345.65,1413.1,3897.3,3241.5
46289,95.885,101.087,14577,6.757,5.415,5.121,4.969,4.893,64.1615,4283.615,92.47,416.9,345.65,1413.1,3897.3,3241.5
46289,95.885,101.087,14577,6.757,5.415,5.121,4.969,4.893,64.1615,4283.615,92.47,416.9,345.65,1413.1,3897.3,3241.5
46289,95.885,101.087,14577,6.757,5.415,5.121,4.969,4.893,64.1615,4283.615,92.47,416.9,345.65,1413.1,3897.3,3241.5
46289,95.885,101.087,14577,6.757,5.415,5.121,4.969,4.893,64.1615,4283.615,92.47,416.9,345.65,1413.1,3897.3,3241.5
46289,95.885,101.087,14577,6.757,5.415,5.121,4.969,4.893,64.1615,4283.615,92.47,416.9,345.65,1413.1,3897.3,3241.5
46289,95.885,101.087,14577,6.757,5.415,5.121,4.969,4.893,64.1615,4283.615,92.47,416.9,345.65,1413.1,3897.3,3241.5
46289,95.885,101.087,14577,6.757,5.415,5.121,4.969,4.893,64.1615,4283.615,92.47,416.9,345.65,1413.1,3897.3,3241.5
46289,95.885,101.087,14577,6.757,5.415,5.121,4.969,4.893,64.1615,4283.615,92.47,416.9,345.65,1413.1,3897.3,3241.5
46289,95.885,101.087,14577,6.757,5.415,5.121,4.969,4.893,64.1615,4283.615,92.47,416.9,345.65,1413.1,3897.3,3241.5
46289,95.885,101.087,14577,6.757,5.415,5.121,4.969,4.893,64.1615,4283.615,92.47,416.9,345.65,1413.1,3897.3,3241.5
46289,95.885,101.087,14577,6.757,5.415,5.121,4.969,4.893,64.1615,4283.615,92.47,416.9,345.65,1413.1,3897.3,3241.5
46289,95.885,101.087,14577,6.757,5.415,5.121,4.969,4.893,64.1615,4283.615,92.47,416.9,345.65,1413.1,3897.3,3241.5
46289,95.885,101.087,14577,6.757,5.415,5.121,4.969,4.893,64.1615,4283.615,92.47,416.9,345.65,1413.1,3897.3,3241.5
46289,95.885,101.087,14577,6.757,5.415,5.121,4.969,4.893,64.1615,4283.615,92.47,416.9,345.65,1413.1,3897.3,3241.5
46289,95.885,101.087,14577,6.757,5.415,5.121,4.969,4.893,64.1615,4283.615,92.47,416.9,345.65,1413.1,3897.3,3241.5
46289,95.885,101.087,14577,6.757,5.415,5.121,4.969,4.893,64.1615,4283.615,92.47,416.9,345.65,1413.1,3897.3,3241.5
46289,95.885,101.087,14577,6.757,5.415,5.121,4.969,4.893,64.1615,4283.615,92.47,416.9,345.65,1413.1,3897.3,3241.5
46289,95.885,101.087,14577,6.757,5.415,5.121,4.969,4.893,64.1615,4283.615,92.47,416.9,345.65,1413.1,3897.3,3241.5
46289,95.885,101.087,14577,6.757,5.415,5.121,4.969,4.893,64.1615,4283.615,92.47,416.9,345.65,1413.1,3897.3,3241.5
46289,95.885,101.087,14577,6.757,5.415,5.121,4.969,4.893,64.1615,4283.615,92.47,416.9,345.65,1413.1,3897.3,3241.5
46289,95.885,101.087,14577,6.757,5.415,5.121,4.969,4.893,64.1615,4283.615,92.47,416.9,345.65,1413.1,3897.3,3241.5
46289,95.885,101.087,14577,6.757,5.415,5.121,4.969,4.893,64.1615,4283.615,92.47,416.9,345.65,1413.1,3897.3,3241.5
46289,95.885,101.087,14577,6.757,5.415,5.121,4.969,4.893,64.1615,4283.615,92.47,416.9,345.65,1413.1,3897.3,3241.5
46289,95.885,101.087,14577,6.757,5.415,5.121,4.969,4.893,64.1615,4283.615,92.47,416.9,345.65,1413.1,3897.3,3241.5
46289,95.885,101.087,14577,6.757,5.415,5.121,4.969,4.893,64.1615,4283.615,92.47,416.9,345.65,1413.1,3897.3,3241.5
46289,95.885,101.087,14577,6.757,5.415,5.121,4.969,4.893,64.1615,4283.615,92.47,416.9,345.65,1413.1,3897.3,3241.5
46289,95.885,101.087,14577,6.757,5.415,5.121,4.969,4.893,64.1615,4283.615,92.47,416.9,345.65,1413.1,3897.3,3241.5
46289,95.885,101.087,14577,6.757,5.415,5.121,4.969,4.893,64.1615,4283.615,92.47,416.9,345.65,1413.1,3897.3,3241.5
46289,95.885,101.087,14577,6.757,5.415,5.121,4.969,4.893,64.1615,4283.615,92.47,416.9,345.65,1413.1,3897.3,3241.5
46289,95.885,101.087,14577,6.757,5.415,5.121,4.969,4.893,64.1615,4283.615,92.47,416.9,345.65,1413.1,3897.3,3241.5
46289,95.885,101.087,14577,6.757,5.415,5.121,4.969,4.893,64.1615,4283.615,92.47,416.9,345.65,1413.1,3897.3,3241.5
46289,95.885,101.087,14577,6.757,5.415,5.121,4.969,4.893,64.1615,4283.615,92.47,416.9,345.65,1413.1,3897.3,3241.5
46289,95.885,101.087,14577,6.757,5.415,5.121,4.969,4.893,64.1615,4283.615,92.47,416.9,345.65,1413.1,3897.3,3241.5
46289,95.885,101.087,14577,6.757,5.415,5.121,4.969,4.893,64.1615,4283.615,92.47,416.9,345.65,1413.1,3897.3,3241.5
46289,95.885,101.087,14577,6.757,5.415,5.121,4.969,4.893,64.1615,4283.615,92.47,416.9,345.65,1413.1,3897.3,3241.5
46289,95.885,101.087,14577,6.757,5.415,5.121,4.969,4.893,64.1615,4283.615,92.47,416.9,345.65,1413.1,3897.3,3241.5
46289,95.885,101.087,14577,6.757,5.415,5.121,4.969,4.893,64.1615,4283.615,92.47,416.9,345.65,1413.1,3897.3,3241.5
46289,95.885,101.087,14577,6.757,5.415,5.121,4.969,4.893,64.1615,4283.615,92.47,416.9,345.65,1413.1,3897.3,3241.5
46289,95.885,101.087,14577,6.757,5.415,5.121,4.969,4.893,64.1615,4283.615,92.47,416.9,345.65,1413.1,3897.3,3241.5
46289,95.885,101.087,14577,6.757,5.415,5.121,4.969,4.893,64.1615,4283.615,92.47,416.9,345.65,1413.1,3897.3,3241.5
46289,95.885,101.087,14577,6.757,5.415,5.121,4.969,4.893,64.1615,4283.615,92.47,416.9,345.65,1413.1,3897.3,3241.5
46289,95.885,101.087,14577,6.757,5.415,5.121,4.969,4.893,64.1615,4283.615,92.47,416.9,345.65,1413.1,3897.3,3241.5
46289,95.885,101.087,14577,6.757,5.415,5.121,4.969,4.893,64.1615,4283.615,92.47,416.9,345.65,1413.1,3897.3,3241.5
46289,95.885,101.087,14577,6.757,5.415,5.121,4.969,4.893,64.1615,4283.615,92.47,416.9,345.65,1413.1,3897.3,3241.5
46289,95.885,101.087,14577,6.757,5.415,5.121,4.969,4.893,64.1615,4283.615,92.47,416.9,345.65,1413.1,3897.3,3241.5
46289,95.885,101.087,14577,6.757,5.415,5.121,4.969,4.893,64.1615,4283.615,92.47,416.9,345.65,1413.1,3897.3,3241.5
46289,95.885,101.087,14577,6.757,5.415,5.121,4.969,4.893,64.1615,4283.615,92.47,416.9,345.65,1413.1,3897.3,3241.5
46289,95.885,101.087,14577,6.757,5.415,5.121,4.969,4.893,64.1615,4283.615,92.47,416.9,345.65,1413.1,3897.3,3241.5
46289,95.885,101.087,14577,6.757,5.415,5.121,4.969,4.893,64.1615,4283.615,92.47,416.9,345.65,1413.1,3897.3,3241.5
46289,95.885,101.087,14577,6.757,5.415,5.121,4.969,4.893,64.1615,4283.615,92.47,416.9,345.65,1413.1,3897.3,3241.5
46289,95.885,101.087,14577,6.757,5.415,5.121,4.969,4.893,64.1615,4283.615,92.47,416.9,345.65,1413.1,3897.3,3241.5
46289,95.885,101.087,14577,6.757,5.415,5.121,4.969,4.893,64.1615,4283.615,92.47,416.9,345.65,1413.1,3897.3,3241.5
46289,95.885,101.087,14577,6.757,5.415,5.121,4.969,4.893,64.1615,4283.615,92.47,416.9,345.65,1413.1,3897.3,3241.5
46289,95.885,101.087,14577,6.757,5.415,5.121,4.969,4.893,64.1615,4283.615,92.47,416.9,345.65,1413.1,3897.3,3241.5
46289,95.885,101.087,14577,6.757,5.415,5.121,4.969,4.893,64.1615,4283.615,92.47,416.9,345.65,1413.1,3897.3,3241.5
46289,95.885,101.087,14577,6.757,5.415,5.121,4.969,4.893,64.1615,4283.615,92.47,416.9,345.65,1413.1,3897.3,3241.5
46289,95.885,101.087,14577,6.757,5.415,5.121,4.969,4.893,64.1615,4283.615,92.47,416.9,345.65,1413.1,3897.3,3241.5
46289,95.885,101.087,14577,6.757,5.415,5.121,4.969,4.893,64.1615,4283.615,92.47,416.9,345.65,1413.1,3897.3,3241.5
46289,95.885,101.087,14577,6.757,5.415,5.121,4.969,4.893,64.1615,4283.615,92.47,416.9,345.65,1413.1,3897.3,3241.5
46289,95.885,101.087,14577,6.757,5.415,5.121,4.969,4.893,64.1615,4283.615,92.47,416.9,345.65,1413.1,3897.3,3241.5
46289,95.885,101.087,14577,6.757,5.415,5.121,4.969,4.893,64.1615,4283.615,92.47,416.9,345.65,1413.1,3897.3,3241.5
46289,95.885,101.087,14577,6.757,5.415,5.121,4.969,4.893,64.1615,4283.615,92.47,416.9,345.65,1413.1,3897.3,3241.5
46289,95.885,101.087,14577,6.757,5.415,5.121,4.969,4.893,64.1615,4283.615,92.47,416.9,345.65,1413.1,3897.3,3241.5
46289,95.885,101.087,14577,6.757,5.415,5.121,4.969,4.893,64.1615,4283.615,92.47,416.9,345.65,1413.1,3897.3,3241.5
46289,95.885,101.087,14577,6.757,5.415,5.121,4.969,4.893,64.1615,4283.615,92.47,416.9,345.65,1413.1,3897.3,3241.5
46289,95.885,101.087,14577,6.757,5.415,5.121,4.969,4.893,64.1615,4283.615,92.47,416.9,345.65,1413.1,3897.3,3241.5
46289,95.885,101.087,14577,6.757,5.415,5.121,4.969,4.893,64.1615,4283.615,92.47,416.9,345.65,1413.1,3897.3,3241.5
46289,95.885,101.087,14577,6.757,5.415,5.121,4.969,4.893,64.1615,4283.615,92.47,416.9,345.65,1413.1,3897.3,3241.5
46289,95.885,101.087,14577,6.757,5.415,5.121,4.969,4.893,64.1615,4283.615,92.47,416.9,345.65,1413.1,3897.3,3241.5
46289,95.885,101.087,14577,6.757,5.415,5.121,4.969,4.893,64.1615,4283.615,92.47,416.9,345.65,1413.1,3897.3,3241.5
46289,95.885,101.087,14577,6.757,5.415,5.121,4.969,4.893,64.1615,4283.615,92.47,416.9,345.65,1413.1,3897.3,3241.5
46289,95.885,101.087,14577,6.757,5.415,5.121,4.969,4.893,64.1615,4283.615,92.47,416.9,345.65,1413.1,3897.3,3241.5
46289,95.885,101.087,14577,6.757,5.415,5.121,4.969,4.893,64.1615,4283.615,92.47,416.9,345.65,1413.1,3897.3,3241.5
46289,95.885,101.087,14577,6.757,5.415,5.121,4.969,4.893,64.1615,4283.615,92.47,416.9,345.65,1413.1,3897.3,3241.5
46289,95.885,101.087,14577,6.757,5.415,5.121,4.969,4.893,64.1615,4283.615,92.47,416.9,345.65,1413.1,3897.3,3241.5
46289,95.885,101.087,14577,6.757,5.415,5.121,4.969,4.893,64.1615,4283.615,92.47,416.9,345.65,1413.1,3897.3,3241.5
46289,95.885,101.087,14577,6.757,5.415,5.121,4.969,4.893,64.1615,4283.615,92.47,416.9,345.65,1413.1,3897.3,3241.5
46289,95.885,101.087,14577,6.757,5.415,5.121,4.969,4.893,64.1615,4283.615,92.47,416.9,345.65,1413.1,3897.3,3241.5
46289,95.885,101.087,14577,6.757,5.415,5.121,4.969,4.893,64.1615,4283.615,92.47,416.9,345.65,1413.1,3897.3,3241.5
46289,95.885,101.087,14577,6.757,5.415,5.121,4.969,4.893,64.1615,4283.615,92.47,416.9,345.65,1413.1,3897.3,3241.5
46289,95.885,101.087,14577,6.757,5.415,5.121,4.969,4.893,64.1615,4283.615,92.47,416.9,345.65,1413.1,3897.3,3241.5
46289,95.885,101.087,14577,6.757,5.415,5.121,4.969,4.893,64.1615,4283.615,92.47,416.9,345.65,1413.1,3897.3,3241.5
46289,95.885,101.087,14577,6.757,5.415,5.121,4.969,4.893,64.1615,4283.615,92.47,416.9,345.65,1413.1,3897.3,3241.5
46289,95.885,101.087,14577,6.757,5.415,5.121,4.969,4.893,64.1615,4283.615,92.47,416.9,345.65,1413.1,3897.3,3241.5
46289,95.885,101.087,14577,6.757,5.415,5.121,4.969,4.893,64.1615,4283.615,92.47,416.9,345.65,1413.1,3897.3,3241.5
46289,95.885,101.087,14577,6.757,5.415,5.121,4.969,4.893,64.1615,4283.615,92.47,416.9,345.65,1413.1,3897.3,3241.5
46289,95.885,101.087,14577,6.757,5.415,5.121,4.969,4.893,64.1615,4283.615,92.47,416.9,345.65,1413.1,3897.3,3241.5
46289,95.885,101.087,14577,6.757,5.415,5.121,4.969,4.893,64.1615,4283.615,92.47,416.9,345.65,1413.1,3897.3,3241.5
46289,95.885,101.087,14577,6.757,5.415,5.121,4.969,4.893,64.1615,4283.615,92.47,416.9,345.65,1413.1,3897.3,3241.5
46289,95.885,101.087,14577,6.757,5.415,5.121,4.969,4.893,64.1615,4283.615,92.47,416.9,345.65,1413.1,3897.3,3241.5
46289,95.885,101.087,14577,6.757,5.415,5.121,4.969,4.893,64.1615,4283.615,92.47,416.9,345.65,1413.1,3897.3,3241.5
46289,95.885,101.087,14577,6.757,5.415,5.121,4.969,4.893,64.1615,4283.615,92.47,416.9,345.65,1413.1,3897.3,3241.5
46289,95.885,101.087,14577,6.757,5.415,5.121,4.969,4.893,64.1615,4283.615,92.47,416.9,345.65,1413.1,3897.3,3241.5
46289,95.885,101.087,14577,6.757,5.415,5.121,4.969,4.893,64.1615,4283.615,92.47,416.9,345.65,1413.1,3897.3,3241.5
46289,95.885,101.087,14577,6.757,5.415,5.121,4.969,4.893,64.1615,4283.615,92.47,416.9,345.65,1413.1,3897.3,3241.5
46289,95.885,101.087,14577,6.757,5.415,5.121,4.969,4.893,64.1615,4283.615,92.47,416.9,345.65,1413.1,3897.3,3241.5
46289,95.885,101.087,14577,6.757,5.415,5.121,4.969,4.893,64.1615,4283.615,92.47,416.9,345.65,1413.1,3897.3,3241.5
46289,95.885,101.087,14577,6.757,5.415,5.121,4.969,4.893,64.1615,4283.615,92.47,416.9,345.65,1413.1,3897.3,3241.5
46289,95.885,101.087,14577,6.757,5.415,5.121,4.969,4.893,64.1615,4283.615,92.47,416.9,345.65,1413.1,3897.3,3241.5
46289,95.885,101.087,14577,6.757,5.415,5.121,4.969,4.893,64.1615,4283.615,92.47,416.9,345.65,1413.1,3897.3,3241.5
46289,95.885,101.087,14577,6.757,5.415,5.121,4.969,4.893,64.1615,4283.615,92.47,416.9,345.65,1413.1,3897.3,3241.5
46289,95.885,101.087,14577,6.757,5.415,5.121,4.969,4.893,64.1615,4283.615,92.47,416.9,345.65,1413.1,3897.3,3241.5
46289,95.885,101.087,14577,6.757,5.415,5.121,4.969,4.893,64.1615,4283.615,92.47,416.9,345.65,1413.1,3897.3,3241.5
46289,95.885,101.087,14577,6.757,5.415,5.121,4.969,4.893,64.1615,4283.615,92.47,416.9,345.65,1413.1,3897.3,3241.5
46289,95.885,101.087,14577,6.757,5.415,5.121,4.969,4.893,64.1615,4283.615,92.47,416.9,345.65,1413.1,3897.3,3241.5
46289,95.885,101.087,14577,6.757,5.415,5.121,4.969,4.893,64.1615,4283.615,92.47,416.9,345.65,1413.1,3897.3,3241.5
46289,95.885,101.087,14577,6.757,5.415,5.121,4.969,4.893,64.1615,4283.615,92.47,416.9,345.65,1413.1,3897.3,3241.5
46289,95.885,101.087,14577,6.757,5.415,5.121,4.969,4.893,64.1615,4283.615,92.47,416.9,345.65,1413.1,3897.3,3241.5
46289,95.885,101.087,14577,6.757,5.415,5.121,4.969,4.893,64.1615,4283.615,92.47,416.9,345.65,1413.1,3897.3,3241.5
46289,95.885,101.087,14577,6.757,5.415,5.121,4.969,4.893,64.1615,4283.615,92.47,416.9,345.65,1413.1,3897.3,3241.5
46289,95.885,101.087,14577,6.757,5.415,5.121,4.969,4.893,64.1615,4283.615,92.47,416.9,345.65,1413.1,3897.3,3241.5
46289,95.885,101.087,14577,6.757,5.415,5.121,4.969,4.893,64.1615,4283.615,92.47,416.9,345.65,1413.1,3897.3,3241.5
46289,95.885,101.087,14577,6.757,5.415,5.121,4.969,4.893,64.1615,4283.615,92.47,416.9,345.65,1413.1,3897.3,3241.5
46289,95.885,101.087,14577,6.757,5.415,5.121,4.969,4.893,64.1615,4283.615,92.47,416.9,345.65,1413.1,3897.3,3241.5
46289,95.885,101.087,14577,6.757,5.415,5.121,4.969,4.893,64.1615,4283.615,92.47,416.9,345.65,1413.1,3897.3,3241.5
46289,95.885,101.087,14577,6.757,5.415,5.121,4.969,4.893,64.1615,4283.615,92.47,416.9,345.65,1413.1,3897.3,3241.5
46289,95.885,101.087,14577,6.757,5.415,5.121,4.969,4.893,64.1615,4283.615,92.47,416.9,345.65,1413.1,3897.3,3241.5
46289,95.885,101.087,14577,6.757,5.415,5.121,4.969,4.893,64.1615,4283.615,92.47,416.9,345.65,1413.1,3897.3,3241.5
46289,95.885,101.087,14577,6.757,5.415,5.121,4.969,4.893,64.1615,4283.615,92.47,416.9,345.65,1413.1,3897.3,3241.5
46289,95.885,101.087,14577,6.757,5.415,5.121,4.969,4.893,64.1615,4283.615,92.47,416.9,345.65,1413.1,3897.3,3241.5
46289,95.885,101.087,14577,6.757,5.415,5.121,4.969,4.893,64.1615,4283.615,92.47,416.9,345.65,1413.1,3897.3,3241.5
46289,95.885,101.087,14577,6.757,5.415,5.121,4.969,4.893,64.1615,4283.615,92.47,416.9,345.65,1413.1,3897.3,3241.5
46289,95.885,101.087,14577,6.757,5.415,5.121,4.969,4.893,64.1615,4283.615,92.47,416.9,345.65,1413.1,3897.3,3241.5
46289,95.885,101.087,14577,6.757,5.415,5.121,4.969,4.893,64.1615,4283.615,92.47,416.9,345.65,1413.1,3897.3,3241.5
46289,95.885,101.087,14577,6.757,5.415,5.121,4.969,4.893,64.1615,4283.615,92.47,416.9,345.65,1413.1,3897.3,3241.5
46289,95.885,101.087,14577,6.757,5.415,5.121,4.969,4.893,64.1615,4283.615,92.47,416.9,345.65,1413.1,3897.3,3241.5
46289,95.885,101.087,14577,6.757,5.415,5.121,4.969,4.893,64.1615,4283.615,92.47,416.9,345.65,1413.1,3897.3,3241.5
46289,95.885,101.087,14577,6.757,5.415,5.121,4.969,4.893,64.1615,4283.615,92.47,416.9,345.65,1413.1,3897.3,3241.5
46289,95.885,101.087,14577,6.757,5.415,5.121,4.969,4.893,64.1615,4283.615,92.47,416.9,345.65,1413.1,3897.3,3241.5
46289,95.885,101.087,14577,6.757,5.415,5.121,4.969,4.893,64.1615,4283.615,92.47,416.9,345.65,1413.1,3897.3,3241.5
46289,95.885,101.087,14577,6.757,5.415,5.121,4.969,4.893,64.1615,4283.615,92.47,416.9,345.65,1413.1,3897.3,3241.5
46289,95.885,101.087,14577,6.757,5.415,5.121,4.969,4.893,64.1615,4283.615,92.47,416.9,345.65,1413.1,3897.3,3241.5
46289,95.885,101.087,14577,6.757,5.415,5.121,4.969,4.893,64.1615,4283.615,92.47,416.9,345.65,1413.1,3897.3,3241.5
46289,95.885,101.087,14577,6.757,5.415,5.121,4.969,4.893,64.1615,4283.615,92.47,416.9,345.65,1413.1,3897.3,3241.5
46289,95.885,101.087,14577,6.757,5.415,5.121,4.969,4.893,64.1615,4283.615,92.47,416.9,345.65,1413.1,3897.3,3241.5
46289,95.885,101.087,14577,6.757,5.415,5.121,4.969,4.893,64.1615,4283.615,92.47,416.9,345.65,1413.1,3897.3,3241.5
46289,95.885,101.087,14577,6.757,5.415,5.121,4.969,4.893,64.1615,4283.615,92.47,416.9,345.65,1413.1,3897.3,3241.5
46289,95.885,101.087,14577,6.757,5.415,5.121,4.969,4.893,64.1615,4283.615,92.47,416.9,345.65,1413.1,3897.3,3241.5
46289,95.885,101.087,14577,6.757,5.415,5.121,4.969,4.893,64.1615,4283.615,92.47,416.9,345.65,1413.1,3897.3,3241.5
46289,95.885,101.087,14577,6.757,5.415,5.121,4.969,4.893,64.1615,4283.615,92.47,416.9,345.65,1413.1,3897.3,3241.5
46289,95.885,101.087,14577,6.757,5.415,5.121,4.969,4.893,64.1615,4283.615,92.47,416.9,345.65,1413.1,3897.3,3241.5
46289,95.885,101.087,14577,6.757,5.415,5.121,4.969,4.893,64.1615,4283.615,92.47,416.9,345.65,1413.1,3897.3,3241.5
46289,95.885,101.087,14577,6.757,5.415,5.121,4.969,4.893,64.1615,4283.615,92.47,416.9,345.65,1413.1,3897.3,3241.5
46289,95.885,101.087,14577,6.757,5.415,5.121,4.969,4.893,64.1615,4283.615,92.47,416.9,345.65,1413.1,3897.3,3241.5
46289,95.885,101.087,14577,6.757,5.415,5.121,4.969,4.893,64.1615,4283.615,92.47,416.9,345.65,1413.1,3897.3,3241.5
46289,95.885,101.087,14577,6.757,5.415,5.121,4.969,4.893,64.1615,4283.615,92.47,416.9,345.65,1413.1,3897.3,3241.5
46289,95.885,101.087,14577,6.757,5.415,5.121,4.969,4.893,64.1615,4283.615,92.47,416.9,345.65,1413.1,3897.3,3241.5
46289,95.885,101.087,14577,6.757,5.415,5.121,4.969,4.893,64.1615,4283.615,92.47,416.9,345.65,1413.1,3897.3,3241.5
46289,95.885,101.087,14577,6.757,5.415,5.121,4.969,4.893,64.1615,4283.615,92.47,416.9,345.65,1413.1,3897.3,3241.5
46289,95.885,101.087,14577,6.757,5.415,5.121,4.969,4.893,64.1615,4283.615,92.47,416.9,345.65,1413.1,3897.3,3241.5
46289,95.885,101.087,14577,6.757,5.415,5.121,4.969,4.893,64.1615,4283.615,92.47,416.9,345.65,1413.1,3897.3,3241.5
46289,95.885,101.087,14577,6.757,5.415,5.121,4.969,4.893,64.1615,4283.615,92.47,416.9,345.65,1413.1,3897.3,3241.5
46289,95.885,101.087,14577,6.757,5.415,5.121,4.969,4.893,64.1615,4283.615,92.47,416.9,345.65,1413.1,3897.3,3241.5
46289,95.885,101.087,14577,6.757,5.415,5.121,4.969,4.893,64.1615,4283.615,92.47,416.9,345.65,1413.1,3897.3,3241.5
46289,95.885,101.087,14577,6.757,5.415,5.121,4.969,4.893,64.1615,4283.615,92.47,416.9,345.65,1413.1,3897.3,3241.5
46289,95.885,101.087,14577,6.757,5.415,5.121,4.969,4.893,64.1615,4283.615,92.47,416.9,345.65,1413.1,3897.3,3241.5
46289,95.885,101.087,14577,6.757,5.415,5.121,4.969,4.893,64.1615,4283.615,92.47,416.9,345.65,1413.1,3897.3,3241.5
46289,95.885,101.087,14577,6.757,5.415,5.121,4.969,4.893,64.1615,4283.615,92.47,416.9,345.65,1413.1,3897.3,3241.5
46289,95.885,101.087,14577,6.757,5.415,5.121,4.969,4.893,64.1615,4283.615,92.47,416.9,345.65,1413.1,3897.3,3241.5
46289,95.885,101.087,14577,6.757,5.415,5.121,4.969,4.893,64.1615,4283.615,92.47,416.9,345.65,1413.1,3897.3,3241.5
46289,95.885,101.087,14577,6.757,5.415,5.121,4.969,4.893,64.1615,4283.615,92.47,416.9,345.65,1413.1,3897.3,3241.5
46289,95.885,101.087,14577,6.757,5.415,5.121,4.969,4.893,64.1615,4283.615,92.47,416.9,345.65,1413.1,3897.3,3241.5
46289,95.885,101.087,14577,6.757,5.415,5.121,4.969,4.893,64.1615,4283.615,92.47,416.9,345.65,1413.1,3897.3,3241.5
46289,95.885,101.087,14577,6.757,5.415,5.121,4.969,4.893,64.1615,4283.615,92.47,416.9,345.65,1413.1,3897.3,3241.5
